source_id,sample_id,clock_domain,time_s,sensor_id,sensor_kind,x,y,z,channel,value,uncertainty,track_id,frame,centroid_x,centroid_y,centroid_z,area,sequence_id,license,citation_key,dataset_name,doi,parent_track_id,start_frame,end_frame
ctc_phc-c2dh-u373_v1,PhC-C2DH-U373_01_t000_track1,ctc_frame,0.000000,PhC-C2DH-U373_01,ctc_tracking_centroid,78.000000,111.000000,0.000000,cell_centroid_motion,249.000000,0.000000,01_1,0,78.000000,111.000000,0.000000,249,01,CC-BY-4.0,ctc_phc_c2dh_u373,PhC-C2DH-U373,,0,0,114
ctc_phc-c2dh-u373_v1,PhC-C2DH-U373_01_t000_track2,ctc_frame,0.000000,PhC-C2DH-U373_01,ctc_tracking_centroid,167.000000,68.000000,0.000000,cell_centroid_motion,193.000000,0.000000,01_2,0,167.000000,68.000000,0.000000,193,01,CC-BY-4.0,ctc_phc_c2dh_u373,PhC-C2DH-U373,,0,0,114
ctc_phc-c2dh-u373_v1,PhC-C2DH-U373_01_t000_track3,ctc_frame,0.000000,PhC-C2DH-U373_01,ctc_tracking_centroid,267.000000,173.000000,0.000000,cell_centroid_motion,145.000000,0.000000,01_3,0,267.000000,173.000000,0.000000,145,01,CC-BY-4.0,ctc_phc_c2dh_u373,PhC-C2DH-U373,,0,0,114
ctc_phc-c2dh-u373_v1,PhC-C2DH-U373_01_t000_track4,ctc_frame,0.000000,PhC-C2DH-U373_01,ctc_tracking_centroid,365.000000,359.000000,0.000000,cell_centroid_motion,145.000000,0.000000,01_4,0,365.000000,359.000000,0.000000,145,01,CC-BY-4.0,ctc_phc_c2dh_u373,PhC-C2DH-U373,,0,0,114
ctc_phc-c2dh-u373_v1,PhC-C2DH-U373_01_t000_track5,ctc_frame,0.000000,PhC-C2DH-U373_01,ctc_tracking_centroid,255.000000,424.000000,0.000000,cell_centroid_motion,171.000000,0.000000,01_5,0,255.000000,424.000000,0.000000,171,01,CC-BY-4.0,ctc_phc_c2dh_u373,PhC-C2DH-U373,,0,0,114
ctc_phc-c2dh-u373_v1,PhC-C2DH-U373_01_t000_track6,ctc_frame,0.000000,PhC-C2DH-U373_01,ctc_tracking_centroid,519.000000,337.000000,0.000000,cell_centroid_motion,145.000000,0.000000,01_6,0,519.000000,337.000000,0.000000,145,01,CC-BY-4.0,ctc_phc_c2dh_u373,PhC-C2DH-U373,,0,0,114
ctc_phc-c2dh-u373_v1,PhC-C2DH-U373_01_t001_track1,ctc_frame,1.000000,PhC-C2DH-U373_01,ctc_tracking_centroid,77.000000,103.000000,0.000000,cell_centroid_motion,249.000000,0.000000,01_1,1,77.000000,103.000000,0.000000,249,01,CC-BY-4.0,ctc_phc_c2dh_u373,PhC-C2DH-U373,,0,0,114
ctc_phc-c2dh-u373_v1,PhC-C2DH-U373_01_t001_track2,ctc_frame,1.000000,PhC-C2DH-U373_01,ctc_tracking_centroid,173.000000,71.000000,0.000000,cell_centroid_motion,193.000000,0.000000,01_2,1,173.000000,71.000000,0.000000,193,01,CC-BY-4.0,ctc_phc_c2dh_u373,PhC-C2DH-U373,,0,0,114
ctc_phc-c2dh-u373_v1,PhC-C2DH-U373_01_t001_track3,ctc_frame,1.000000,PhC-C2DH-U373_01,ctc_tracking_centroid,272.000000,169.000000,0.000000,cell_centroid_motion,145.000000,0.000000,01_3,1,272.000000,169.000000,0.000000,145,01,CC-BY-4.0,ctc_phc_c2dh_u373,PhC-C2DH-U373,,0,0,114
ctc_phc-c2dh-u373_v1,PhC-C2DH-U373_01_t001_track4,ctc_frame,1.000000,PhC-C2DH-U373_01,ctc_tracking_centroid,365.380952,368.619048,0.000000,cell_centroid_motion,168.000000,0.000000,01_4,1,365.380952,368.619048,0.000000,168,01,CC-BY-4.0,ctc_phc_c2dh_u373,PhC-C2DH-U373,,0,0,114
ctc_phc-c2dh-u373_v1,PhC-C2DH-U373_01_t001_track5,ctc_frame,1.000000,PhC-C2DH-U373_01,ctc_tracking_centroid,246.000000,428.000000,0.000000,cell_centroid_motion,145.000000,0.000000,01_5,1,246.000000,428.000000,0.000000,145,01,CC-BY-4.0,ctc_phc_c2dh_u373,PhC-C2DH-U373,,0,0,114
ctc_phc-c2dh-u373_v1,PhC-C2DH-U373_01_t001_track6,ctc_frame,1.000000,PhC-C2DH-U373_01,ctc_tracking_centroid,519.000000,332.000000,0.000000,cell_centroid_motion,145.000000,0.000000,01_6,1,519.000000,332.000000,0.000000,145,01,CC-BY-4.0,ctc_phc_c2dh_u373,PhC-C2DH-U373,,0,0,114
ctc_phc-c2dh-u373_v1,PhC-C2DH-U373_01_t002_track1,ctc_frame,2.000000,PhC-C2DH-U373_01,ctc_tracking_centroid,74.000000,103.000000,0.000000,cell_centroid_motion,249.000000,0.000000,01_1,2,74.000000,103.000000,0.000000,249,01,CC-BY-4.0,ctc_phc_c2dh_u373,PhC-C2DH-U373,,0,0,114
ctc_phc-c2dh-u373_v1,PhC-C2DH-U373_01_t002_track2,ctc_frame,2.000000,PhC-C2DH-U373_01,ctc_tracking_centroid,173.000000,71.000000,0.000000,cell_centroid_motion,193.000000,0.000000,01_2,2,173.000000,71.000000,0.000000,193,01,CC-BY-4.0,ctc_phc_c2dh_u373,PhC-C2DH-U373,,0,0,114
ctc_phc-c2dh-u373_v1,PhC-C2DH-U373_01_t002_track3,ctc_frame,2.000000,PhC-C2DH-U373_01,ctc_tracking_centroid,272.000000,169.000000,0.000000,cell_centroid_motion,145.000000,0.000000,01_3,2,272.000000,169.000000,0.000000,145,01,CC-BY-4.0,ctc_phc_c2dh_u373,PhC-C2DH-U373,,0,0,114
ctc_phc-c2dh-u373_v1,PhC-C2DH-U373_01_t002_track4,ctc_frame,2.000000,PhC-C2DH-U373_01,ctc_tracking_centroid,367.000000,370.500000,0.000000,cell_centroid_motion,158.000000,0.000000,01_4,2,367.000000,370.500000,0.000000,158,01,CC-BY-4.0,ctc_phc_c2dh_u373,PhC-C2DH-U373,,0,0,114
ctc_phc-c2dh-u373_v1,PhC-C2DH-U373_01_t002_track5,ctc_frame,2.000000,PhC-C2DH-U373_01,ctc_tracking_centroid,245.500000,428.000000,0.000000,cell_centroid_motion,158.000000,0.000000,01_5,2,245.500000,428.000000,0.000000,158,01,CC-BY-4.0,ctc_phc_c2dh_u373,PhC-C2DH-U373,,0,0,114
ctc_phc-c2dh-u373_v1,PhC-C2DH-U373_01_t002_track6,ctc_frame,2.000000,PhC-C2DH-U373_01,ctc_tracking_centroid,519.000000,331.000000,0.000000,cell_centroid_motion,145.000000,0.000000,01_6,2,519.000000,331.000000,0.000000,145,01,CC-BY-4.0,ctc_phc_c2dh_u373,PhC-C2DH-U373,,0,0,114
ctc_phc-c2dh-u373_v1,PhC-C2DH-U373_01_t003_track1,ctc_frame,3.000000,PhC-C2DH-U373_01,ctc_tracking_centroid,69.000000,100.000000,0.000000,cell_centroid_motion,249.000000,0.000000,01_1,3,69.000000,100.000000,0.000000,249,01,CC-BY-4.0,ctc_phc_c2dh_u373,PhC-C2DH-U373,,0,0,114
ctc_phc-c2dh-u373_v1,PhC-C2DH-U373_01_t003_track2,ctc_frame,3.000000,PhC-C2DH-U373_01,ctc_tracking_centroid,185.000000,79.000000,0.000000,cell_centroid_motion,193.000000,0.000000,01_2,3,185.000000,79.000000,0.000000,193,01,CC-BY-4.0,ctc_phc_c2dh_u373,PhC-C2DH-U373,,0,0,114
ctc_phc-c2dh-u373_v1,PhC-C2DH-U373_01_t003_track3,ctc_frame,3.000000,PhC-C2DH-U373_01,ctc_tracking_centroid,272.000000,169.000000,0.000000,cell_centroid_motion,145.000000,0.000000,01_3,3,272.000000,169.000000,0.000000,145,01,CC-BY-4.0,ctc_phc_c2dh_u373,PhC-C2DH-U373,,0,0,114
ctc_phc-c2dh-u373_v1,PhC-C2DH-U373_01_t003_track4,ctc_frame,3.000000,PhC-C2DH-U373_01,ctc_tracking_centroid,374.000000,371.000000,0.000000,cell_centroid_motion,145.000000,0.000000,01_4,3,374.000000,371.000000,0.000000,145,01,CC-BY-4.0,ctc_phc_c2dh_u373,PhC-C2DH-U373,,0,0,114
ctc_phc-c2dh-u373_v1,PhC-C2DH-U373_01_t003_track5,ctc_frame,3.000000,PhC-C2DH-U373_01,ctc_tracking_centroid,256.000000,419.000000,0.000000,cell_centroid_motion,145.000000,0.000000,01_5,3,256.000000,419.000000,0.000000,145,01,CC-BY-4.0,ctc_phc_c2dh_u373,PhC-C2DH-U373,,0,0,114
ctc_phc-c2dh-u373_v1,PhC-C2DH-U373_01_t003_track6,ctc_frame,3.000000,PhC-C2DH-U373_01,ctc_tracking_centroid,519.000000,329.000000,0.000000,cell_centroid_motion,145.000000,0.000000,01_6,3,519.000000,329.000000,0.000000,145,01,CC-BY-4.0,ctc_phc_c2dh_u373,PhC-C2DH-U373,,0,0,114
ctc_phc-c2dh-u373_v1,PhC-C2DH-U373_01_t004_track1,ctc_frame,4.000000,PhC-C2DH-U373_01,ctc_tracking_centroid,70.000000,105.000000,0.000000,cell_centroid_motion,249.000000,0.000000,01_1,4,70.000000,105.000000,0.000000,249,01,CC-BY-4.0,ctc_phc_c2dh_u373,PhC-C2DH-U373,,0,0,114
ctc_phc-c2dh-u373_v1,PhC-C2DH-U373_01_t004_track2,ctc_frame,4.000000,PhC-C2DH-U373_01,ctc_tracking_centroid,187.000000,81.000000,0.000000,cell_centroid_motion,193.000000,0.000000,01_2,4,187.000000,81.000000,0.000000,193,01,CC-BY-4.0,ctc_phc_c2dh_u373,PhC-C2DH-U373,,0,0,114
ctc_phc-c2dh-u373_v1,PhC-C2DH-U373_01_t004_track3,ctc_frame,4.000000,PhC-C2DH-U373_01,ctc_tracking_centroid,272.000000,169.000000,0.000000,cell_centroid_motion,145.000000,0.000000,01_3,4,272.000000,169.000000,0.000000,145,01,CC-BY-4.0,ctc_phc_c2dh_u373,PhC-C2DH-U373,,0,0,114
ctc_phc-c2dh-u373_v1,PhC-C2DH-U373_01_t004_track4,ctc_frame,4.000000,PhC-C2DH-U373_01,ctc_tracking_centroid,366.000000,363.000000,0.000000,cell_centroid_motion,145.000000,0.000000,01_4,4,366.000000,363.000000,0.000000,145,01,CC-BY-4.0,ctc_phc_c2dh_u373,PhC-C2DH-U373,,0,0,114
ctc_phc-c2dh-u373_v1,PhC-C2DH-U373_01_t004_track5,ctc_frame,4.000000,PhC-C2DH-U373_01,ctc_tracking_centroid,258.000000,424.000000,0.000000,cell_centroid_motion,145.000000,0.000000,01_5,4,258.000000,424.000000,0.000000,145,01,CC-BY-4.0,ctc_phc_c2dh_u373,PhC-C2DH-U373,,0,0,114
ctc_phc-c2dh-u373_v1,PhC-C2DH-U373_01_t004_track6,ctc_frame,4.000000,PhC-C2DH-U373_01,ctc_tracking_centroid,520.000000,326.000000,0.000000,cell_centroid_motion,145.000000,0.000000,01_6,4,520.000000,326.000000,0.000000,145,01,CC-BY-4.0,ctc_phc_c2dh_u373,PhC-C2DH-U373,,0,0,114
ctc_phc-c2dh-u373_v1,PhC-C2DH-U373_01_t005_track1,ctc_frame,5.000000,PhC-C2DH-U373_01,ctc_tracking_centroid,70.000000,102.000000,0.000000,cell_centroid_motion,249.000000,0.000000,01_1,5,70.000000,102.000000,0.000000,249,01,CC-BY-4.0,ctc_phc_c2dh_u373,PhC-C2DH-U373,,0,0,114
ctc_phc-c2dh-u373_v1,PhC-C2DH-U373_01_t005_track2,ctc_frame,5.000000,PhC-C2DH-U373_01,ctc_tracking_centroid,186.000000,81.000000,0.000000,cell_centroid_motion,193.000000,0.000000,01_2,5,186.000000,81.000000,0.000000,193,01,CC-BY-4.0,ctc_phc_c2dh_u373,PhC-C2DH-U373,,0,0,114
ctc_phc-c2dh-u373_v1,PhC-C2DH-U373_01_t005_track3,ctc_frame,5.000000,PhC-C2DH-U373_01,ctc_tracking_centroid,269.000000,164.000000,0.000000,cell_centroid_motion,145.000000,0.000000,01_3,5,269.000000,164.000000,0.000000,145,01,CC-BY-4.0,ctc_phc_c2dh_u373,PhC-C2DH-U373,,0,0,114
ctc_phc-c2dh-u373_v1,PhC-C2DH-U373_01_t005_track4,ctc_frame,5.000000,PhC-C2DH-U373_01,ctc_tracking_centroid,363.000000,362.000000,0.000000,cell_centroid_motion,145.000000,0.000000,01_4,5,363.000000,362.000000,0.000000,145,01,CC-BY-4.0,ctc_phc_c2dh_u373,PhC-C2DH-U373,,0,0,114
ctc_phc-c2dh-u373_v1,PhC-C2DH-U373_01_t005_track5,ctc_frame,5.000000,PhC-C2DH-U373_01,ctc_tracking_centroid,255.000000,430.000000,0.000000,cell_centroid_motion,145.000000,0.000000,01_5,5,255.000000,430.000000,0.000000,145,01,CC-BY-4.0,ctc_phc_c2dh_u373,PhC-C2DH-U373,,0,0,114
ctc_phc-c2dh-u373_v1,PhC-C2DH-U373_01_t005_track6,ctc_frame,5.000000,PhC-C2DH-U373_01,ctc_tracking_centroid,521.000000,326.000000,0.000000,cell_centroid_motion,171.000000,0.000000,01_6,5,521.000000,326.000000,0.000000,171,01,CC-BY-4.0,ctc_phc_c2dh_u373,PhC-C2DH-U373,,0,0,114
ctc_phc-c2dh-u373_v1,PhC-C2DH-U373_01_t006_track1,ctc_frame,6.000000,PhC-C2DH-U373_01,ctc_tracking_centroid,70.000000,102.000000,0.000000,cell_centroid_motion,249.000000,0.000000,01_1,6,70.000000,102.000000,0.000000,249,01,CC-BY-4.0,ctc_phc_c2dh_u373,PhC-C2DH-U373,,0,0,114
ctc_phc-c2dh-u373_v1,PhC-C2DH-U373_01_t006_track2,ctc_frame,6.000000,PhC-C2DH-U373_01,ctc_tracking_centroid,186.000000,78.000000,0.000000,cell_centroid_motion,193.000000,0.000000,01_2,6,186.000000,78.000000,0.000000,193,01,CC-BY-4.0,ctc_phc_c2dh_u373,PhC-C2DH-U373,,0,0,114
ctc_phc-c2dh-u373_v1,PhC-C2DH-U373_01_t006_track3,ctc_frame,6.000000,PhC-C2DH-U373_01,ctc_tracking_centroid,269.000000,164.000000,0.000000,cell_centroid_motion,145.000000,0.000000,01_3,6,269.000000,164.000000,0.000000,145,01,CC-BY-4.0,ctc_phc_c2dh_u373,PhC-C2DH-U373,,0,0,114
ctc_phc-c2dh-u373_v1,PhC-C2DH-U373_01_t006_track4,ctc_frame,6.000000,PhC-C2DH-U373_01,ctc_tracking_centroid,355.000000,375.000000,0.000000,cell_centroid_motion,145.000000,0.000000,01_4,6,355.000000,375.000000,0.000000,145,01,CC-BY-4.0,ctc_phc_c2dh_u373,PhC-C2DH-U373,,0,0,114
ctc_phc-c2dh-u373_v1,PhC-C2DH-U373_01_t006_track5,ctc_frame,6.000000,PhC-C2DH-U373_01,ctc_tracking_centroid,255.000000,430.000000,0.000000,cell_centroid_motion,145.000000,0.000000,01_5,6,255.000000,430.000000,0.000000,145,01,CC-BY-4.0,ctc_phc_c2dh_u373,PhC-C2DH-U373,,0,0,114
ctc_phc-c2dh-u373_v1,PhC-C2DH-U373_01_t006_track6,ctc_frame,6.000000,PhC-C2DH-U373_01,ctc_tracking_centroid,524.000000,326.000000,0.000000,cell_centroid_motion,171.000000,0.000000,01_6,6,524.000000,326.000000,0.000000,171,01,CC-BY-4.0,ctc_phc_c2dh_u373,PhC-C2DH-U373,,0,0,114
ctc_phc-c2dh-u373_v1,PhC-C2DH-U373_01_t007_track1,ctc_frame,7.000000,PhC-C2DH-U373_01,ctc_tracking_centroid,69.000000,107.000000,0.000000,cell_centroid_motion,249.000000,0.000000,01_1,7,69.000000,107.000000,0.000000,249,01,CC-BY-4.0,ctc_phc_c2dh_u373,PhC-C2DH-U373,,0,0,114
ctc_phc-c2dh-u373_v1,PhC-C2DH-U373_01_t007_track2,ctc_frame,7.000000,PhC-C2DH-U373_01,ctc_tracking_centroid,186.000000,78.000000,0.000000,cell_centroid_motion,193.000000,0.000000,01_2,7,186.000000,78.000000,0.000000,193,01,CC-BY-4.0,ctc_phc_c2dh_u373,PhC-C2DH-U373,,0,0,114
ctc_phc-c2dh-u373_v1,PhC-C2DH-U373_01_t007_track3,ctc_frame,7.000000,PhC-C2DH-U373_01,ctc_tracking_centroid,269.000000,164.000000,0.000000,cell_centroid_motion,145.000000,0.000000,01_3,7,269.000000,164.000000,0.000000,145,01,CC-BY-4.0,ctc_phc_c2dh_u373,PhC-C2DH-U373,,0,0,114
ctc_phc-c2dh-u373_v1,PhC-C2DH-U373_01_t007_track4,ctc_frame,7.000000,PhC-C2DH-U373_01,ctc_tracking_centroid,356.000000,386.000000,0.000000,cell_centroid_motion,145.000000,0.000000,01_4,7,356.000000,386.000000,0.000000,145,01,CC-BY-4.0,ctc_phc_c2dh_u373,PhC-C2DH-U373,,0,0,114
ctc_phc-c2dh-u373_v1,PhC-C2DH-U373_01_t007_track5,ctc_frame,7.000000,PhC-C2DH-U373_01,ctc_tracking_centroid,253.000000,441.000000,0.000000,cell_centroid_motion,145.000000,0.000000,01_5,7,253.000000,441.000000,0.000000,145,01,CC-BY-4.0,ctc_phc_c2dh_u373,PhC-C2DH-U373,,0,0,114
ctc_phc-c2dh-u373_v1,PhC-C2DH-U373_01_t007_track6,ctc_frame,7.000000,PhC-C2DH-U373_01,ctc_tracking_centroid,529.500000,326.000000,0.000000,cell_centroid_motion,158.000000,0.000000,01_6,7,529.500000,326.000000,0.000000,158,01,CC-BY-4.0,ctc_phc_c2dh_u373,PhC-C2DH-U373,,0,0,114
ctc_phc-c2dh-u373_v1,PhC-C2DH-U373_01_t008_track1,ctc_frame,8.000000,PhC-C2DH-U373_01,ctc_tracking_centroid,69.000000,107.000000,0.000000,cell_centroid_motion,249.000000,0.000000,01_1,8,69.000000,107.000000,0.000000,249,01,CC-BY-4.0,ctc_phc_c2dh_u373,PhC-C2DH-U373,,0,0,114
ctc_phc-c2dh-u373_v1,PhC-C2DH-U373_01_t008_track2,ctc_frame,8.000000,PhC-C2DH-U373_01,ctc_tracking_centroid,187.000000,78.000000,0.000000,cell_centroid_motion,193.000000,0.000000,01_2,8,187.000000,78.000000,0.000000,193,01,CC-BY-4.0,ctc_phc_c2dh_u373,PhC-C2DH-U373,,0,0,114
ctc_phc-c2dh-u373_v1,PhC-C2DH-U373_01_t008_track3,ctc_frame,8.000000,PhC-C2DH-U373_01,ctc_tracking_centroid,269.000000,164.000000,0.000000,cell_centroid_motion,145.000000,0.000000,01_3,8,269.000000,164.000000,0.000000,145,01,CC-BY-4.0,ctc_phc_c2dh_u373,PhC-C2DH-U373,,0,0,114
ctc_phc-c2dh-u373_v1,PhC-C2DH-U373_01_t008_track4,ctc_frame,8.000000,PhC-C2DH-U373_01,ctc_tracking_centroid,356.000000,386.000000,0.000000,cell_centroid_motion,145.000000,0.000000,01_4,8,356.000000,386.000000,0.000000,145,01,CC-BY-4.0,ctc_phc_c2dh_u373,PhC-C2DH-U373,,0,0,114
ctc_phc-c2dh-u373_v1,PhC-C2DH-U373_01_t008_track5,ctc_frame,8.000000,PhC-C2DH-U373_01,ctc_tracking_centroid,246.000000,436.000000,0.000000,cell_centroid_motion,145.000000,0.000000,01_5,8,246.000000,436.000000,0.000000,145,01,CC-BY-4.0,ctc_phc_c2dh_u373,PhC-C2DH-U373,,0,0,114
ctc_phc-c2dh-u373_v1,PhC-C2DH-U373_01_t008_track6,ctc_frame,8.000000,PhC-C2DH-U373_01,ctc_tracking_centroid,534.370000,328.175000,0.000000,cell_centroid_motion,200.000000,0.000000,01_6,8,534.370000,328.175000,0.000000,200,01,CC-BY-4.0,ctc_phc_c2dh_u373,PhC-C2DH-U373,,0,0,114
ctc_phc-c2dh-u373_v1,PhC-C2DH-U373_01_t009_track1,ctc_frame,9.000000,PhC-C2DH-U373_01,ctc_tracking_centroid,69.000000,107.000000,0.000000,cell_centroid_motion,249.000000,0.000000,01_1,9,69.000000,107.000000,0.000000,249,01,CC-BY-4.0,ctc_phc_c2dh_u373,PhC-C2DH-U373,,0,0,114
ctc_phc-c2dh-u373_v1,PhC-C2DH-U373_01_t009_track2,ctc_frame,9.000000,PhC-C2DH-U373_01,ctc_tracking_centroid,187.000000,78.000000,0.000000,cell_centroid_motion,193.000000,0.000000,01_2,9,187.000000,78.000000,0.000000,193,01,CC-BY-4.0,ctc_phc_c2dh_u373,PhC-C2DH-U373,,0,0,114
ctc_phc-c2dh-u373_v1,PhC-C2DH-U373_01_t009_track3,ctc_frame,9.000000,PhC-C2DH-U373_01,ctc_tracking_centroid,269.000000,162.000000,0.000000,cell_centroid_motion,145.000000,0.000000,01_3,9,269.000000,162.000000,0.000000,145,01,CC-BY-4.0,ctc_phc_c2dh_u373,PhC-C2DH-U373,,0,0,114
ctc_phc-c2dh-u373_v1,PhC-C2DH-U373_01_t009_track4,ctc_frame,9.000000,PhC-C2DH-U373_01,ctc_tracking_centroid,354.000000,386.000000,0.000000,cell_centroid_motion,145.000000,0.000000,01_4,9,354.000000,386.000000,0.000000,145,01,CC-BY-4.0,ctc_phc_c2dh_u373,PhC-C2DH-U373,,0,0,114
ctc_phc-c2dh-u373_v1,PhC-C2DH-U373_01_t009_track5,ctc_frame,9.000000,PhC-C2DH-U373_01,ctc_tracking_centroid,246.000000,438.000000,0.000000,cell_centroid_motion,145.000000,0.000000,01_5,9,246.000000,438.000000,0.000000,145,01,CC-BY-4.0,ctc_phc_c2dh_u373,PhC-C2DH-U373,,0,0,114
ctc_phc-c2dh-u373_v1,PhC-C2DH-U373_01_t009_track6,ctc_frame,9.000000,PhC-C2DH-U373_01,ctc_tracking_centroid,536.380952,329.619048,0.000000,cell_centroid_motion,168.000000,0.000000,01_6,9,536.380952,329.619048,0.000000,168,01,CC-BY-4.0,ctc_phc_c2dh_u373,PhC-C2DH-U373,,0,0,114
ctc_phc-c2dh-u373_v1,PhC-C2DH-U373_01_t009_track7,ctc_frame,9.000000,PhC-C2DH-U373_01,ctc_tracking_centroid,61.000000,469.000000,0.000000,cell_centroid_motion,25.000000,0.000000,01_7,9,61.000000,469.000000,0.000000,25,01,CC-BY-4.0,ctc_phc_c2dh_u373,PhC-C2DH-U373,,0,9,22
ctc_phc-c2dh-u373_v1,PhC-C2DH-U373_01_t010_track1,ctc_frame,10.000000,PhC-C2DH-U373_01,ctc_tracking_centroid,69.000000,105.000000,0.000000,cell_centroid_motion,249.000000,0.000000,01_1,10,69.000000,105.000000,0.000000,249,01,CC-BY-4.0,ctc_phc_c2dh_u373,PhC-C2DH-U373,,0,0,114
ctc_phc-c2dh-u373_v1,PhC-C2DH-U373_01_t010_track2,ctc_frame,10.000000,PhC-C2DH-U373_01,ctc_tracking_centroid,187.000000,78.000000,0.000000,cell_centroid_motion,193.000000,0.000000,01_2,10,187.000000,78.000000,0.000000,193,01,CC-BY-4.0,ctc_phc_c2dh_u373,PhC-C2DH-U373,,0,0,114
ctc_phc-c2dh-u373_v1,PhC-C2DH-U373_01_t010_track3,ctc_frame,10.000000,PhC-C2DH-U373_01,ctc_tracking_centroid,269.000000,162.000000,0.000000,cell_centroid_motion,145.000000,0.000000,01_3,10,269.000000,162.000000,0.000000,145,01,CC-BY-4.0,ctc_phc_c2dh_u373,PhC-C2DH-U373,,0,0,114
ctc_phc-c2dh-u373_v1,PhC-C2DH-U373_01_t010_track4,ctc_frame,10.000000,PhC-C2DH-U373_01,ctc_tracking_centroid,354.000000,386.000000,0.000000,cell_centroid_motion,145.000000,0.000000,01_4,10,354.000000,386.000000,0.000000,145,01,CC-BY-4.0,ctc_phc_c2dh_u373,PhC-C2DH-U373,,0,0,114
ctc_phc-c2dh-u373_v1,PhC-C2DH-U373_01_t010_track5,ctc_frame,10.000000,PhC-C2DH-U373_01,ctc_tracking_centroid,246.000000,442.000000,0.000000,cell_centroid_motion,145.000000,0.000000,01_5,10,246.000000,442.000000,0.000000,145,01,CC-BY-4.0,ctc_phc_c2dh_u373,PhC-C2DH-U373,,0,0,114
ctc_phc-c2dh-u373_v1,PhC-C2DH-U373_01_t010_track6,ctc_frame,10.000000,PhC-C2DH-U373_01,ctc_tracking_centroid,559.000000,345.000000,0.000000,cell_centroid_motion,145.000000,0.000000,01_6,10,559.000000,345.000000,0.000000,145,01,CC-BY-4.0,ctc_phc_c2dh_u373,PhC-C2DH-U373,,0,0,114
ctc_phc-c2dh-u373_v1,PhC-C2DH-U373_01_t010_track7,ctc_frame,10.000000,PhC-C2DH-U373_01,ctc_tracking_centroid,59.000000,467.000000,0.000000,cell_centroid_motion,45.000000,0.000000,01_7,10,59.000000,467.000000,0.000000,45,01,CC-BY-4.0,ctc_phc_c2dh_u373,PhC-C2DH-U373,,0,9,22
ctc_phc-c2dh-u373_v1,PhC-C2DH-U373_01_t011_track1,ctc_frame,11.000000,PhC-C2DH-U373_01,ctc_tracking_centroid,65.000000,99.000000,0.000000,cell_centroid_motion,249.000000,0.000000,01_1,11,65.000000,99.000000,0.000000,249,01,CC-BY-4.0,ctc_phc_c2dh_u373,PhC-C2DH-U373,,0,0,114
ctc_phc-c2dh-u373_v1,PhC-C2DH-U373_01_t011_track2,ctc_frame,11.000000,PhC-C2DH-U373_01,ctc_tracking_centroid,187.000000,78.000000,0.000000,cell_centroid_motion,193.000000,0.000000,01_2,11,187.000000,78.000000,0.000000,193,01,CC-BY-4.0,ctc_phc_c2dh_u373,PhC-C2DH-U373,,0,0,114
ctc_phc-c2dh-u373_v1,PhC-C2DH-U373_01_t011_track3,ctc_frame,11.000000,PhC-C2DH-U373_01,ctc_tracking_centroid,269.000000,162.000000,0.000000,cell_centroid_motion,145.000000,0.000000,01_3,11,269.000000,162.000000,0.000000,145,01,CC-BY-4.0,ctc_phc_c2dh_u373,PhC-C2DH-U373,,0,0,114
ctc_phc-c2dh-u373_v1,PhC-C2DH-U373_01_t011_track4,ctc_frame,11.000000,PhC-C2DH-U373_01,ctc_tracking_centroid,354.000000,385.000000,0.000000,cell_centroid_motion,145.000000,0.000000,01_4,11,354.000000,385.000000,0.000000,145,01,CC-BY-4.0,ctc_phc_c2dh_u373,PhC-C2DH-U373,,0,0,114
ctc_phc-c2dh-u373_v1,PhC-C2DH-U373_01_t011_track5,ctc_frame,11.000000,PhC-C2DH-U373_01,ctc_tracking_centroid,239.000000,446.000000,0.000000,cell_centroid_motion,145.000000,0.000000,01_5,11,239.000000,446.000000,0.000000,145,01,CC-BY-4.0,ctc_phc_c2dh_u373,PhC-C2DH-U373,,0,0,114
ctc_phc-c2dh-u373_v1,PhC-C2DH-U373_01_t011_track6,ctc_frame,11.000000,PhC-C2DH-U373_01,ctc_tracking_centroid,554.620968,346.262097,0.000000,cell_centroid_motion,248.000000,0.000000,01_6,11,554.620968,346.262097,0.000000,248,01,CC-BY-4.0,ctc_phc_c2dh_u373,PhC-C2DH-U373,,0,0,114
ctc_phc-c2dh-u373_v1,PhC-C2DH-U373_01_t011_track7,ctc_frame,11.000000,PhC-C2DH-U373_01,ctc_tracking_centroid,62.000000,467.000000,0.000000,cell_centroid_motion,45.000000,0.000000,01_7,11,62.000000,467.000000,0.000000,45,01,CC-BY-4.0,ctc_phc_c2dh_u373,PhC-C2DH-U373,,0,9,22
ctc_phc-c2dh-u373_v1,PhC-C2DH-U373_01_t012_track1,ctc_frame,12.000000,PhC-C2DH-U373_01,ctc_tracking_centroid,65.000000,99.000000,0.000000,cell_centroid_motion,249.000000,0.000000,01_1,12,65.000000,99.000000,0.000000,249,01,CC-BY-4.0,ctc_phc_c2dh_u373,PhC-C2DH-U373,,0,0,114
ctc_phc-c2dh-u373_v1,PhC-C2DH-U373_01_t012_track2,ctc_frame,12.000000,PhC-C2DH-U373_01,ctc_tracking_centroid,187.000000,78.000000,0.000000,cell_centroid_motion,193.000000,0.000000,01_2,12,187.000000,78.000000,0.000000,193,01,CC-BY-4.0,ctc_phc_c2dh_u373,PhC-C2DH-U373,,0,0,114
ctc_phc-c2dh-u373_v1,PhC-C2DH-U373_01_t012_track3,ctc_frame,12.000000,PhC-C2DH-U373_01,ctc_tracking_centroid,269.000000,162.000000,0.000000,cell_centroid_motion,145.000000,0.000000,01_3,12,269.000000,162.000000,0.000000,145,01,CC-BY-4.0,ctc_phc_c2dh_u373,PhC-C2DH-U373,,0,0,114
ctc_phc-c2dh-u373_v1,PhC-C2DH-U373_01_t012_track4,ctc_frame,12.000000,PhC-C2DH-U373_01,ctc_tracking_centroid,354.000000,382.000000,0.000000,cell_centroid_motion,145.000000,0.000000,01_4,12,354.000000,382.000000,0.000000,145,01,CC-BY-4.0,ctc_phc_c2dh_u373,PhC-C2DH-U373,,0,0,114
ctc_phc-c2dh-u373_v1,PhC-C2DH-U373_01_t012_track5,ctc_frame,12.000000,PhC-C2DH-U373_01,ctc_tracking_centroid,237.000000,444.000000,0.000000,cell_centroid_motion,145.000000,0.000000,01_5,12,237.000000,444.000000,0.000000,145,01,CC-BY-4.0,ctc_phc_c2dh_u373,PhC-C2DH-U373,,0,0,114
ctc_phc-c2dh-u373_v1,PhC-C2DH-U373_01_t012_track6,ctc_frame,12.000000,PhC-C2DH-U373_01,ctc_tracking_centroid,551.000000,347.000000,0.000000,cell_centroid_motion,145.000000,0.000000,01_6,12,551.000000,347.000000,0.000000,145,01,CC-BY-4.0,ctc_phc_c2dh_u373,PhC-C2DH-U373,,0,0,114
ctc_phc-c2dh-u373_v1,PhC-C2DH-U373_01_t012_track7,ctc_frame,12.000000,PhC-C2DH-U373_01,ctc_tracking_centroid,62.000000,466.000000,0.000000,cell_centroid_motion,45.000000,0.000000,01_7,12,62.000000,466.000000,0.000000,45,01,CC-BY-4.0,ctc_phc_c2dh_u373,PhC-C2DH-U373,,0,9,22
ctc_phc-c2dh-u373_v1,PhC-C2DH-U373_01_t013_track1,ctc_frame,13.000000,PhC-C2DH-U373_01,ctc_tracking_centroid,85.000000,97.000000,0.000000,cell_centroid_motion,249.000000,0.000000,01_1,13,85.000000,97.000000,0.000000,249,01,CC-BY-4.0,ctc_phc_c2dh_u373,PhC-C2DH-U373,,0,0,114
ctc_phc-c2dh-u373_v1,PhC-C2DH-U373_01_t013_track2,ctc_frame,13.000000,PhC-C2DH-U373_01,ctc_tracking_centroid,187.000000,78.000000,0.000000,cell_centroid_motion,193.000000,0.000000,01_2,13,187.000000,78.000000,0.000000,193,01,CC-BY-4.0,ctc_phc_c2dh_u373,PhC-C2DH-U373,,0,0,114
ctc_phc-c2dh-u373_v1,PhC-C2DH-U373_01_t013_track3,ctc_frame,13.000000,PhC-C2DH-U373_01,ctc_tracking_centroid,269.000000,162.000000,0.000000,cell_centroid_motion,145.000000,0.000000,01_3,13,269.000000,162.000000,0.000000,145,01,CC-BY-4.0,ctc_phc_c2dh_u373,PhC-C2DH-U373,,0,0,114
ctc_phc-c2dh-u373_v1,PhC-C2DH-U373_01_t013_track4,ctc_frame,13.000000,PhC-C2DH-U373_01,ctc_tracking_centroid,354.000000,382.000000,0.000000,cell_centroid_motion,145.000000,0.000000,01_4,13,354.000000,382.000000,0.000000,145,01,CC-BY-4.0,ctc_phc_c2dh_u373,PhC-C2DH-U373,,0,0,114
ctc_phc-c2dh-u373_v1,PhC-C2DH-U373_01_t013_track5,ctc_frame,13.000000,PhC-C2DH-U373_01,ctc_tracking_centroid,237.000000,440.000000,0.000000,cell_centroid_motion,145.000000,0.000000,01_5,13,237.000000,440.000000,0.000000,145,01,CC-BY-4.0,ctc_phc_c2dh_u373,PhC-C2DH-U373,,0,0,114
ctc_phc-c2dh-u373_v1,PhC-C2DH-U373_01_t013_track6,ctc_frame,13.000000,PhC-C2DH-U373_01,ctc_tracking_centroid,552.000000,346.000000,0.000000,cell_centroid_motion,145.000000,0.000000,01_6,13,552.000000,346.000000,0.000000,145,01,CC-BY-4.0,ctc_phc_c2dh_u373,PhC-C2DH-U373,,0,0,114
ctc_phc-c2dh-u373_v1,PhC-C2DH-U373_01_t013_track7,ctc_frame,13.000000,PhC-C2DH-U373_01,ctc_tracking_centroid,64.000000,463.000000,0.000000,cell_centroid_motion,45.000000,0.000000,01_7,13,64.000000,463.000000,0.000000,45,01,CC-BY-4.0,ctc_phc_c2dh_u373,PhC-C2DH-U373,,0,9,22
ctc_phc-c2dh-u373_v1,PhC-C2DH-U373_01_t014_track1,ctc_frame,14.000000,PhC-C2DH-U373_01,ctc_tracking_centroid,85.000000,96.000000,0.000000,cell_centroid_motion,249.000000,0.000000,01_1,14,85.000000,96.000000,0.000000,249,01,CC-BY-4.0,ctc_phc_c2dh_u373,PhC-C2DH-U373,,0,0,114
ctc_phc-c2dh-u373_v1,PhC-C2DH-U373_01_t014_track2,ctc_frame,14.000000,PhC-C2DH-U373_01,ctc_tracking_centroid,187.000000,78.000000,0.000000,cell_centroid_motion,193.000000,0.000000,01_2,14,187.000000,78.000000,0.000000,193,01,CC-BY-4.0,ctc_phc_c2dh_u373,PhC-C2DH-U373,,0,0,114
ctc_phc-c2dh-u373_v1,PhC-C2DH-U373_01_t014_track3,ctc_frame,14.000000,PhC-C2DH-U373_01,ctc_tracking_centroid,269.000000,162.000000,0.000000,cell_centroid_motion,145.000000,0.000000,01_3,14,269.000000,162.000000,0.000000,145,01,CC-BY-4.0,ctc_phc_c2dh_u373,PhC-C2DH-U373,,0,0,114
ctc_phc-c2dh-u373_v1,PhC-C2DH-U373_01_t014_track4,ctc_frame,14.000000,PhC-C2DH-U373_01,ctc_tracking_centroid,354.000000,382.000000,0.000000,cell_centroid_motion,145.000000,0.000000,01_4,14,354.000000,382.000000,0.000000,145,01,CC-BY-4.0,ctc_phc_c2dh_u373,PhC-C2DH-U373,,0,0,114
ctc_phc-c2dh-u373_v1,PhC-C2DH-U373_01_t014_track5,ctc_frame,14.000000,PhC-C2DH-U373_01,ctc_tracking_centroid,237.000000,435.000000,0.000000,cell_centroid_motion,145.000000,0.000000,01_5,14,237.000000,435.000000,0.000000,145,01,CC-BY-4.0,ctc_phc_c2dh_u373,PhC-C2DH-U373,,0,0,114
ctc_phc-c2dh-u373_v1,PhC-C2DH-U373_01_t014_track6,ctc_frame,14.000000,PhC-C2DH-U373_01,ctc_tracking_centroid,566.000000,347.000000,0.000000,cell_centroid_motion,145.000000,0.000000,01_6,14,566.000000,347.000000,0.000000,145,01,CC-BY-4.0,ctc_phc_c2dh_u373,PhC-C2DH-U373,,0,0,114
ctc_phc-c2dh-u373_v1,PhC-C2DH-U373_01_t014_track7,ctc_frame,14.000000,PhC-C2DH-U373_01,ctc_tracking_centroid,54.000000,463.000000,0.000000,cell_centroid_motion,45.000000,0.000000,01_7,14,54.000000,463.000000,0.000000,45,01,CC-BY-4.0,ctc_phc_c2dh_u373,PhC-C2DH-U373,,0,9,22
ctc_phc-c2dh-u373_v1,PhC-C2DH-U373_01_t015_track1,ctc_frame,15.000000,PhC-C2DH-U373_01,ctc_tracking_centroid,76.660142,88.693950,0.000000,cell_centroid_motion,562.000000,0.000000,01_1,15,76.660142,88.693950,0.000000,562,01,CC-BY-4.0,ctc_phc_c2dh_u373,PhC-C2DH-U373,,0,0,114
ctc_phc-c2dh-u373_v1,PhC-C2DH-U373_01_t015_track2,ctc_frame,15.000000,PhC-C2DH-U373_01,ctc_tracking_centroid,187.000000,82.500000,0.000000,cell_centroid_motion,328.000000,0.000000,01_2,15,187.000000,82.500000,0.000000,328,01,CC-BY-4.0,ctc_phc_c2dh_u373,PhC-C2DH-U373,,0,0,114
ctc_phc-c2dh-u373_v1,PhC-C2DH-U373_01_t015_track3,ctc_frame,15.000000,PhC-C2DH-U373_01,ctc_tracking_centroid,269.000000,162.000000,0.000000,cell_centroid_motion,145.000000,0.000000,01_3,15,269.000000,162.000000,0.000000,145,01,CC-BY-4.0,ctc_phc_c2dh_u373,PhC-C2DH-U373,,0,0,114
ctc_phc-c2dh-u373_v1,PhC-C2DH-U373_01_t015_track4,ctc_frame,15.000000,PhC-C2DH-U373_01,ctc_tracking_centroid,354.000000,382.000000,0.000000,cell_centroid_motion,145.000000,0.000000,01_4,15,354.000000,382.000000,0.000000,145,01,CC-BY-4.0,ctc_phc_c2dh_u373,PhC-C2DH-U373,,0,0,114
ctc_phc-c2dh-u373_v1,PhC-C2DH-U373_01_t015_track5,ctc_frame,15.000000,PhC-C2DH-U373_01,ctc_tracking_centroid,232.000000,428.000000,0.000000,cell_centroid_motion,145.000000,0.000000,01_5,15,232.000000,428.000000,0.000000,145,01,CC-BY-4.0,ctc_phc_c2dh_u373,PhC-C2DH-U373,,0,0,114
ctc_phc-c2dh-u373_v1,PhC-C2DH-U373_01_t015_track6,ctc_frame,15.000000,PhC-C2DH-U373_01,ctc_tracking_centroid,566.000000,347.000000,0.000000,cell_centroid_motion,145.000000,0.000000,01_6,15,566.000000,347.000000,0.000000,145,01,CC-BY-4.0,ctc_phc_c2dh_u373,PhC-C2DH-U373,,0,0,114
ctc_phc-c2dh-u373_v1,PhC-C2DH-U373_01_t015_track7,ctc_frame,15.000000,PhC-C2DH-U373_01,ctc_tracking_centroid,57.000000,463.000000,0.000000,cell_centroid_motion,45.000000,0.000000,01_7,15,57.000000,463.000000,0.000000,45,01,CC-BY-4.0,ctc_phc_c2dh_u373,PhC-C2DH-U373,,0,9,22
ctc_phc-c2dh-u373_v1,PhC-C2DH-U373_01_t016_track1,ctc_frame,16.000000,PhC-C2DH-U373_01,ctc_tracking_centroid,69.853556,95.836820,0.000000,cell_centroid_motion,478.000000,0.000000,01_1,16,69.853556,95.836820,0.000000,478,01,CC-BY-4.0,ctc_phc_c2dh_u373,PhC-C2DH-U373,,0,0,114
ctc_phc-c2dh-u373_v1,PhC-C2DH-U373_01_t016_track2,ctc_frame,16.000000,PhC-C2DH-U373_01,ctc_tracking_centroid,192.528958,86.011583,0.000000,cell_centroid_motion,259.000000,0.000000,01_2,16,192.528958,86.011583,0.000000,259,01,CC-BY-4.0,ctc_phc_c2dh_u373,PhC-C2DH-U373,,0,0,114
ctc_phc-c2dh-u373_v1,PhC-C2DH-U373_01_t016_track3,ctc_frame,16.000000,PhC-C2DH-U373_01,ctc_tracking_centroid,269.000000,162.000000,0.000000,cell_centroid_motion,145.000000,0.000000,01_3,16,269.000000,162.000000,0.000000,145,01,CC-BY-4.0,ctc_phc_c2dh_u373,PhC-C2DH-U373,,0,0,114
ctc_phc-c2dh-u373_v1,PhC-C2DH-U373_01_t016_track4,ctc_frame,16.000000,PhC-C2DH-U373_01,ctc_tracking_centroid,354.000000,382.000000,0.000000,cell_centroid_motion,145.000000,0.000000,01_4,16,354.000000,382.000000,0.000000,145,01,CC-BY-4.0,ctc_phc_c2dh_u373,PhC-C2DH-U373,,0,0,114
ctc_phc-c2dh-u373_v1,PhC-C2DH-U373_01_t016_track5,ctc_frame,16.000000,PhC-C2DH-U373_01,ctc_tracking_centroid,228.000000,423.000000,0.000000,cell_centroid_motion,145.000000,0.000000,01_5,16,228.000000,423.000000,0.000000,145,01,CC-BY-4.0,ctc_phc_c2dh_u373,PhC-C2DH-U373,,0,0,114
ctc_phc-c2dh-u373_v1,PhC-C2DH-U373_01_t016_track6,ctc_frame,16.000000,PhC-C2DH-U373_01,ctc_tracking_centroid,576.000000,346.000000,0.000000,cell_centroid_motion,145.000000,0.000000,01_6,16,576.000000,346.000000,0.000000,145,01,CC-BY-4.0,ctc_phc_c2dh_u373,PhC-C2DH-U373,,0,0,114
ctc_phc-c2dh-u373_v1,PhC-C2DH-U373_01_t016_track7,ctc_frame,16.000000,PhC-C2DH-U373_01,ctc_tracking_centroid,57.000000,459.000000,0.000000,cell_centroid_motion,45.000000,0.000000,01_7,16,57.000000,459.000000,0.000000,45,01,CC-BY-4.0,ctc_phc_c2dh_u373,PhC-C2DH-U373,,0,9,22
ctc_phc-c2dh-u373_v1,PhC-C2DH-U373_01_t017_track1,ctc_frame,17.000000,PhC-C2DH-U373_01,ctc_tracking_centroid,66.000000,100.000000,0.000000,cell_centroid_motion,249.000000,0.000000,01_1,17,66.000000,100.000000,0.000000,249,01,CC-BY-4.0,ctc_phc_c2dh_u373,PhC-C2DH-U373,,0,0,114
ctc_phc-c2dh-u373_v1,PhC-C2DH-U373_01_t017_track2,ctc_frame,17.000000,PhC-C2DH-U373_01,ctc_tracking_centroid,195.000000,84.500000,0.000000,cell_centroid_motion,298.000000,0.000000,01_2,17,195.000000,84.500000,0.000000,298,01,CC-BY-4.0,ctc_phc_c2dh_u373,PhC-C2DH-U373,,0,0,114
ctc_phc-c2dh-u373_v1,PhC-C2DH-U373_01_t017_track3,ctc_frame,17.000000,PhC-C2DH-U373_01,ctc_tracking_centroid,269.000000,162.000000,0.000000,cell_centroid_motion,145.000000,0.000000,01_3,17,269.000000,162.000000,0.000000,145,01,CC-BY-4.0,ctc_phc_c2dh_u373,PhC-C2DH-U373,,0,0,114
ctc_phc-c2dh-u373_v1,PhC-C2DH-U373_01_t017_track4,ctc_frame,17.000000,PhC-C2DH-U373_01,ctc_tracking_centroid,354.000000,376.000000,0.000000,cell_centroid_motion,145.000000,0.000000,01_4,17,354.000000,376.000000,0.000000,145,01,CC-BY-4.0,ctc_phc_c2dh_u373,PhC-C2DH-U373,,0,0,114
ctc_phc-c2dh-u373_v1,PhC-C2DH-U373_01_t017_track5,ctc_frame,17.000000,PhC-C2DH-U373_01,ctc_tracking_centroid,228.000000,423.000000,0.000000,cell_centroid_motion,145.000000,0.000000,01_5,17,228.000000,423.000000,0.000000,145,01,CC-BY-4.0,ctc_phc_c2dh_u373,PhC-C2DH-U373,,0,0,114
ctc_phc-c2dh-u373_v1,PhC-C2DH-U373_01_t017_track6,ctc_frame,17.000000,PhC-C2DH-U373_01,ctc_tracking_centroid,582.000000,349.500000,0.000000,cell_centroid_motion,158.000000,0.000000,01_6,17,582.000000,349.500000,0.000000,158,01,CC-BY-4.0,ctc_phc_c2dh_u373,PhC-C2DH-U373,,0,0,114
ctc_phc-c2dh-u373_v1,PhC-C2DH-U373_01_t017_track7,ctc_frame,17.000000,PhC-C2DH-U373_01,ctc_tracking_centroid,53.000000,453.000000,0.000000,cell_centroid_motion,25.000000,0.000000,01_7,17,53.000000,453.000000,0.000000,25,01,CC-BY-4.0,ctc_phc_c2dh_u373,PhC-C2DH-U373,,0,9,22
ctc_phc-c2dh-u373_v1,PhC-C2DH-U373_01_t018_track1,ctc_frame,18.000000,PhC-C2DH-U373_01,ctc_tracking_centroid,69.135452,102.755853,0.000000,cell_centroid_motion,598.000000,0.000000,01_1,18,69.135452,102.755853,0.000000,598,01,CC-BY-4.0,ctc_phc_c2dh_u373,PhC-C2DH-U373,,0,0,114
ctc_phc-c2dh-u373_v1,PhC-C2DH-U373_01_t018_track2,ctc_frame,18.000000,PhC-C2DH-U373_01,ctc_tracking_centroid,197.727891,84.187075,0.000000,cell_centroid_motion,294.000000,0.000000,01_2,18,197.727891,84.187075,0.000000,294,01,CC-BY-4.0,ctc_phc_c2dh_u373,PhC-C2DH-U373,,0,0,114
ctc_phc-c2dh-u373_v1,PhC-C2DH-U373_01_t018_track3,ctc_frame,18.000000,PhC-C2DH-U373_01,ctc_tracking_centroid,269.000000,162.000000,0.000000,cell_centroid_motion,145.000000,0.000000,01_3,18,269.000000,162.000000,0.000000,145,01,CC-BY-4.0,ctc_phc_c2dh_u373,PhC-C2DH-U373,,0,0,114
ctc_phc-c2dh-u373_v1,PhC-C2DH-U373_01_t018_track4,ctc_frame,18.000000,PhC-C2DH-U373_01,ctc_tracking_centroid,354.000000,376.000000,0.000000,cell_centroid_motion,145.000000,0.000000,01_4,18,354.000000,376.000000,0.000000,145,01,CC-BY-4.0,ctc_phc_c2dh_u373,PhC-C2DH-U373,,0,0,114
ctc_phc-c2dh-u373_v1,PhC-C2DH-U373_01_t018_track5,ctc_frame,18.000000,PhC-C2DH-U373_01,ctc_tracking_centroid,223.000000,423.000000,0.000000,cell_centroid_motion,145.000000,0.000000,01_5,18,223.000000,423.000000,0.000000,145,01,CC-BY-4.0,ctc_phc_c2dh_u373,PhC-C2DH-U373,,0,0,114
ctc_phc-c2dh-u373_v1,PhC-C2DH-U373_01_t018_track6,ctc_frame,18.000000,PhC-C2DH-U373_01,ctc_tracking_centroid,588.000000,352.000000,0.000000,cell_centroid_motion,145.000000,0.000000,01_6,18,588.000000,352.000000,0.000000,145,01,CC-BY-4.0,ctc_phc_c2dh_u373,PhC-C2DH-U373,,0,0,114
ctc_phc-c2dh-u373_v1,PhC-C2DH-U373_01_t018_track7,ctc_frame,18.000000,PhC-C2DH-U373_01,ctc_tracking_centroid,54.000000,456.000000,0.000000,cell_centroid_motion,25.000000,0.000000,01_7,18,54.000000,456.000000,0.000000,25,01,CC-BY-4.0,ctc_phc_c2dh_u373,PhC-C2DH-U373,,0,9,22
ctc_phc-c2dh-u373_v1,PhC-C2DH-U373_01_t019_track1,ctc_frame,19.000000,PhC-C2DH-U373_01,ctc_tracking_centroid,69.563492,105.357143,0.000000,cell_centroid_motion,630.000000,0.000000,01_1,19,69.563492,105.357143,0.000000,630,01,CC-BY-4.0,ctc_phc_c2dh_u373,PhC-C2DH-U373,,0,0,114
ctc_phc-c2dh-u373_v1,PhC-C2DH-U373_01_t019_track2,ctc_frame,19.000000,PhC-C2DH-U373_01,ctc_tracking_centroid,197.000000,86.000000,0.000000,cell_centroid_motion,223.000000,0.000000,01_2,19,197.000000,86.000000,0.000000,223,01,CC-BY-4.0,ctc_phc_c2dh_u373,PhC-C2DH-U373,,0,0,114
ctc_phc-c2dh-u373_v1,PhC-C2DH-U373_01_t019_track3,ctc_frame,19.000000,PhC-C2DH-U373_01,ctc_tracking_centroid,269.500000,162.000000,0.000000,cell_centroid_motion,158.000000,0.000000,01_3,19,269.500000,162.000000,0.000000,158,01,CC-BY-4.0,ctc_phc_c2dh_u373,PhC-C2DH-U373,,0,0,114
ctc_phc-c2dh-u373_v1,PhC-C2DH-U373_01_t019_track4,ctc_frame,19.000000,PhC-C2DH-U373_01,ctc_tracking_centroid,374.000000,384.000000,0.000000,cell_centroid_motion,145.000000,0.000000,01_4,19,374.000000,384.000000,0.000000,145,01,CC-BY-4.0,ctc_phc_c2dh_u373,PhC-C2DH-U373,,0,0,114
ctc_phc-c2dh-u373_v1,PhC-C2DH-U373_01_t019_track5,ctc_frame,19.000000,PhC-C2DH-U373_01,ctc_tracking_centroid,218.000000,423.000000,0.000000,cell_centroid_motion,197.000000,0.000000,01_5,19,218.000000,423.000000,0.000000,197,01,CC-BY-4.0,ctc_phc_c2dh_u373,PhC-C2DH-U373,,0,0,114
ctc_phc-c2dh-u373_v1,PhC-C2DH-U373_01_t019_track6,ctc_frame,19.000000,PhC-C2DH-U373_01,ctc_tracking_centroid,594.000000,340.000000,0.000000,cell_centroid_motion,171.000000,0.000000,01_6,19,594.000000,340.000000,0.000000,171,01,CC-BY-4.0,ctc_phc_c2dh_u373,PhC-C2DH-U373,,0,0,114
ctc_phc-c2dh-u373_v1,PhC-C2DH-U373_01_t019_track7,ctc_frame,19.000000,PhC-C2DH-U373_01,ctc_tracking_centroid,54.000000,456.000000,0.000000,cell_centroid_motion,25.000000,0.000000,01_7,19,54.000000,456.000000,0.000000,25,01,CC-BY-4.0,ctc_phc_c2dh_u373,PhC-C2DH-U373,,0,9,22
ctc_phc-c2dh-u373_v1,PhC-C2DH-U373_01_t020_track1,ctc_frame,20.000000,PhC-C2DH-U373_01,ctc_tracking_centroid,67.878125,102.990625,0.000000,cell_centroid_motion,640.000000,0.000000,01_1,20,67.878125,102.990625,0.000000,640,01,CC-BY-4.0,ctc_phc_c2dh_u373,PhC-C2DH-U373,,0,0,114
ctc_phc-c2dh-u373_v1,PhC-C2DH-U373_01_t020_track2,ctc_frame,20.000000,PhC-C2DH-U373_01,ctc_tracking_centroid,195.076433,88.117834,0.000000,cell_centroid_motion,314.000000,0.000000,01_2,20,195.076433,88.117834,0.000000,314,01,CC-BY-4.0,ctc_phc_c2dh_u373,PhC-C2DH-U373,,0,0,114
ctc_phc-c2dh-u373_v1,PhC-C2DH-U373_01_t020_track3,ctc_frame,20.000000,PhC-C2DH-U373_01,ctc_tracking_centroid,270.000000,162.000000,0.000000,cell_centroid_motion,145.000000,0.000000,01_3,20,270.000000,162.000000,0.000000,145,01,CC-BY-4.0,ctc_phc_c2dh_u373,PhC-C2DH-U373,,0,0,114
ctc_phc-c2dh-u373_v1,PhC-C2DH-U373_01_t020_track4,ctc_frame,20.000000,PhC-C2DH-U373_01,ctc_tracking_centroid,382.500000,386.000000,0.000000,cell_centroid_motion,158.000000,0.000000,01_4,20,382.500000,386.000000,0.000000,158,01,CC-BY-4.0,ctc_phc_c2dh_u373,PhC-C2DH-U373,,0,0,114
ctc_phc-c2dh-u373_v1,PhC-C2DH-U373_01_t020_track5,ctc_frame,20.000000,PhC-C2DH-U373_01,ctc_tracking_centroid,214.000000,423.000000,0.000000,cell_centroid_motion,145.000000,0.000000,01_5,20,214.000000,423.000000,0.000000,145,01,CC-BY-4.0,ctc_phc_c2dh_u373,PhC-C2DH-U373,,0,0,114
ctc_phc-c2dh-u373_v1,PhC-C2DH-U373_01_t020_track6,ctc_frame,20.000000,PhC-C2DH-U373_01,ctc_tracking_centroid,594.000000,330.000000,0.000000,cell_centroid_motion,171.000000,0.000000,01_6,20,594.000000,330.000000,0.000000,171,01,CC-BY-4.0,ctc_phc_c2dh_u373,PhC-C2DH-U373,,0,0,114
ctc_phc-c2dh-u373_v1,PhC-C2DH-U373_01_t020_track7,ctc_frame,20.000000,PhC-C2DH-U373_01,ctc_tracking_centroid,53.000000,460.000000,0.000000,cell_centroid_motion,25.000000,0.000000,01_7,20,53.000000,460.000000,0.000000,25,01,CC-BY-4.0,ctc_phc_c2dh_u373,PhC-C2DH-U373,,0,9,22
ctc_phc-c2dh-u373_v1,PhC-C2DH-U373_01_t021_track1,ctc_frame,21.000000,PhC-C2DH-U373_01,ctc_tracking_centroid,75.158621,95.177586,0.000000,cell_centroid_motion,580.000000,0.000000,01_1,21,75.158621,95.177586,0.000000,580,01,CC-BY-4.0,ctc_phc_c2dh_u373,PhC-C2DH-U373,,0,0,114
ctc_phc-c2dh-u373_v1,PhC-C2DH-U373_01_t021_track2,ctc_frame,21.000000,PhC-C2DH-U373_01,ctc_tracking_centroid,191.917969,91.394531,0.000000,cell_centroid_motion,256.000000,0.000000,01_2,21,191.917969,91.394531,0.000000,256,01,CC-BY-4.0,ctc_phc_c2dh_u373,PhC-C2DH-U373,,0,0,114
ctc_phc-c2dh-u373_v1,PhC-C2DH-U373_01_t021_track3,ctc_frame,21.000000,PhC-C2DH-U373_01,ctc_tracking_centroid,270.000000,162.000000,0.000000,cell_centroid_motion,145.000000,0.000000,01_3,21,270.000000,162.000000,0.000000,145,01,CC-BY-4.0,ctc_phc_c2dh_u373,PhC-C2DH-U373,,0,0,114
ctc_phc-c2dh-u373_v1,PhC-C2DH-U373_01_t021_track4,ctc_frame,21.000000,PhC-C2DH-U373_01,ctc_tracking_centroid,383.000000,386.000000,0.000000,cell_centroid_motion,145.000000,0.000000,01_4,21,383.000000,386.000000,0.000000,145,01,CC-BY-4.0,ctc_phc_c2dh_u373,PhC-C2DH-U373,,0,0,114
ctc_phc-c2dh-u373_v1,PhC-C2DH-U373_01_t021_track5,ctc_frame,21.000000,PhC-C2DH-U373_01,ctc_tracking_centroid,214.000000,423.000000,0.000000,cell_centroid_motion,145.000000,0.000000,01_5,21,214.000000,423.000000,0.000000,145,01,CC-BY-4.0,ctc_phc_c2dh_u373,PhC-C2DH-U373,,0,0,114
ctc_phc-c2dh-u373_v1,PhC-C2DH-U373_01_t021_track6,ctc_frame,21.000000,PhC-C2DH-U373_01,ctc_tracking_centroid,594.500000,325.000000,0.000000,cell_centroid_motion,158.000000,0.000000,01_6,21,594.500000,325.000000,0.000000,158,01,CC-BY-4.0,ctc_phc_c2dh_u373,PhC-C2DH-U373,,0,0,114
ctc_phc-c2dh-u373_v1,PhC-C2DH-U373_01_t021_track7,ctc_frame,21.000000,PhC-C2DH-U373_01,ctc_tracking_centroid,51.500000,449.000000,0.000000,cell_centroid_motion,30.000000,0.000000,01_7,21,51.500000,449.000000,0.000000,30,01,CC-BY-4.0,ctc_phc_c2dh_u373,PhC-C2DH-U373,,0,9,22
ctc_phc-c2dh-u373_v1,PhC-C2DH-U373_01_t022_track1,ctc_frame,22.000000,PhC-C2DH-U373_01,ctc_tracking_centroid,83.285383,101.238979,0.000000,cell_centroid_motion,431.000000,0.000000,01_1,22,83.285383,101.238979,0.000000,431,01,CC-BY-4.0,ctc_phc_c2dh_u373,PhC-C2DH-U373,,0,0,114
ctc_phc-c2dh-u373_v1,PhC-C2DH-U373_01_t022_track2,ctc_frame,22.000000,PhC-C2DH-U373_01,ctc_tracking_centroid,190.000000,94.000000,0.000000,cell_centroid_motion,223.000000,0.000000,01_2,22,190.000000,94.000000,0.000000,223,01,CC-BY-4.0,ctc_phc_c2dh_u373,PhC-C2DH-U373,,0,0,114
ctc_phc-c2dh-u373_v1,PhC-C2DH-U373_01_t022_track3,ctc_frame,22.000000,PhC-C2DH-U373_01,ctc_tracking_centroid,266.000000,158.000000,0.000000,cell_centroid_motion,145.000000,0.000000,01_3,22,266.000000,158.000000,0.000000,145,01,CC-BY-4.0,ctc_phc_c2dh_u373,PhC-C2DH-U373,,0,0,114
ctc_phc-c2dh-u373_v1,PhC-C2DH-U373_01_t022_track4,ctc_frame,22.000000,PhC-C2DH-U373_01,ctc_tracking_centroid,392.000000,386.000000,0.000000,cell_centroid_motion,145.000000,0.000000,01_4,22,392.000000,386.000000,0.000000,145,01,CC-BY-4.0,ctc_phc_c2dh_u373,PhC-C2DH-U373,,0,0,114
ctc_phc-c2dh-u373_v1,PhC-C2DH-U373_01_t022_track5,ctc_frame,22.000000,PhC-C2DH-U373_01,ctc_tracking_centroid,213.000000,423.000000,0.000000,cell_centroid_motion,145.000000,0.000000,01_5,22,213.000000,423.000000,0.000000,145,01,CC-BY-4.0,ctc_phc_c2dh_u373,PhC-C2DH-U373,,0,0,114
ctc_phc-c2dh-u373_v1,PhC-C2DH-U373_01_t022_track6,ctc_frame,22.000000,PhC-C2DH-U373_01,ctc_tracking_centroid,592.685345,314.323276,0.000000,cell_centroid_motion,232.000000,0.000000,01_6,22,592.685345,314.323276,0.000000,232,01,CC-BY-4.0,ctc_phc_c2dh_u373,PhC-C2DH-U373,,0,0,114
ctc_phc-c2dh-u373_v1,PhC-C2DH-U373_01_t022_track7,ctc_frame,22.000000,PhC-C2DH-U373_01,ctc_tracking_centroid,50.000000,467.000000,0.000000,cell_centroid_motion,25.000000,0.000000,01_7,22,50.000000,467.000000,0.000000,25,01,CC-BY-4.0,ctc_phc_c2dh_u373,PhC-C2DH-U373,,0,9,22
ctc_phc-c2dh-u373_v1,PhC-C2DH-U373_01_t023_track1,ctc_frame,23.000000,PhC-C2DH-U373_01,ctc_tracking_centroid,100.110837,97.381773,0.000000,cell_centroid_motion,406.000000,0.000000,01_1,23,100.110837,97.381773,0.000000,406,01,CC-BY-4.0,ctc_phc_c2dh_u373,PhC-C2DH-U373,,0,0,114
ctc_phc-c2dh-u373_v1,PhC-C2DH-U373_01_t023_track2,ctc_frame,23.000000,PhC-C2DH-U373_01,ctc_tracking_centroid,188.696970,97.166667,0.000000,cell_centroid_motion,264.000000,0.000000,01_2,23,188.696970,97.166667,0.000000,264,01,CC-BY-4.0,ctc_phc_c2dh_u373,PhC-C2DH-U373,,0,0,114
ctc_phc-c2dh-u373_v1,PhC-C2DH-U373_01_t023_track3,ctc_frame,23.000000,PhC-C2DH-U373_01,ctc_tracking_centroid,266.000000,158.000000,0.000000,cell_centroid_motion,145.000000,0.000000,01_3,23,266.000000,158.000000,0.000000,145,01,CC-BY-4.0,ctc_phc_c2dh_u373,PhC-C2DH-U373,,0,0,114
ctc_phc-c2dh-u373_v1,PhC-C2DH-U373_01_t023_track4,ctc_frame,23.000000,PhC-C2DH-U373_01,ctc_tracking_centroid,397.000000,385.000000,0.000000,cell_centroid_motion,145.000000,0.000000,01_4,23,397.000000,385.000000,0.000000,145,01,CC-BY-4.0,ctc_phc_c2dh_u373,PhC-C2DH-U373,,0,0,114
ctc_phc-c2dh-u373_v1,PhC-C2DH-U373_01_t023_track5,ctc_frame,23.000000,PhC-C2DH-U373_01,ctc_tracking_centroid,212.000000,423.000000,0.000000,cell_centroid_motion,145.000000,0.000000,01_5,23,212.000000,423.000000,0.000000,145,01,CC-BY-4.0,ctc_phc_c2dh_u373,PhC-C2DH-U373,,0,0,114
ctc_phc-c2dh-u373_v1,PhC-C2DH-U373_01_t023_track6,ctc_frame,23.000000,PhC-C2DH-U373_01,ctc_tracking_centroid,581.500000,309.000000,0.000000,cell_centroid_motion,158.000000,0.000000,01_6,23,581.500000,309.000000,0.000000,158,01,CC-BY-4.0,ctc_phc_c2dh_u373,PhC-C2DH-U373,,0,0,114
ctc_phc-c2dh-u373_v1,PhC-C2DH-U373_01_t024_track1,ctc_frame,24.000000,PhC-C2DH-U373_01,ctc_tracking_centroid,105.153213,97.090610,0.000000,cell_centroid_motion,607.000000,0.000000,01_1,24,105.153213,97.090610,0.000000,607,01,CC-BY-4.0,ctc_phc_c2dh_u373,PhC-C2DH-U373,,0,0,114
ctc_phc-c2dh-u373_v1,PhC-C2DH-U373_01_t024_track2,ctc_frame,24.000000,PhC-C2DH-U373_01,ctc_tracking_centroid,188.000000,99.000000,0.000000,cell_centroid_motion,193.000000,0.000000,01_2,24,188.000000,99.000000,0.000000,193,01,CC-BY-4.0,ctc_phc_c2dh_u373,PhC-C2DH-U373,,0,0,114
ctc_phc-c2dh-u373_v1,PhC-C2DH-U373_01_t024_track3,ctc_frame,24.000000,PhC-C2DH-U373_01,ctc_tracking_centroid,263.000000,156.000000,0.000000,cell_centroid_motion,145.000000,0.000000,01_3,24,263.000000,156.000000,0.000000,145,01,CC-BY-4.0,ctc_phc_c2dh_u373,PhC-C2DH-U373,,0,0,114
ctc_phc-c2dh-u373_v1,PhC-C2DH-U373_01_t024_track4,ctc_frame,24.000000,PhC-C2DH-U373_01,ctc_tracking_centroid,400.000000,395.000000,0.000000,cell_centroid_motion,145.000000,0.000000,01_4,24,400.000000,395.000000,0.000000,145,01,CC-BY-4.0,ctc_phc_c2dh_u373,PhC-C2DH-U373,,0,0,114
ctc_phc-c2dh-u373_v1,PhC-C2DH-U373_01_t024_track5,ctc_frame,24.000000,PhC-C2DH-U373_01,ctc_tracking_centroid,209.861878,422.646409,0.000000,cell_centroid_motion,181.000000,0.000000,01_5,24,209.861878,422.646409,0.000000,181,01,CC-BY-4.0,ctc_phc_c2dh_u373,PhC-C2DH-U373,,0,0,114
ctc_phc-c2dh-u373_v1,PhC-C2DH-U373_01_t024_track6,ctc_frame,24.000000,PhC-C2DH-U373_01,ctc_tracking_centroid,579.000000,307.500000,0.000000,cell_centroid_motion,158.000000,0.000000,01_6,24,579.000000,307.500000,0.000000,158,01,CC-BY-4.0,ctc_phc_c2dh_u373,PhC-C2DH-U373,,0,0,114
ctc_phc-c2dh-u373_v1,PhC-C2DH-U373_01_t025_track1,ctc_frame,25.000000,PhC-C2DH-U373_01,ctc_tracking_centroid,106.493282,97.702495,0.000000,cell_centroid_motion,521.000000,0.000000,01_1,25,106.493282,97.702495,0.000000,521,01,CC-BY-4.0,ctc_phc_c2dh_u373,PhC-C2DH-U373,,0,0,114
ctc_phc-c2dh-u373_v1,PhC-C2DH-U373_01_t025_track2,ctc_frame,25.000000,PhC-C2DH-U373_01,ctc_tracking_centroid,188.000000,99.000000,0.000000,cell_centroid_motion,193.000000,0.000000,01_2,25,188.000000,99.000000,0.000000,193,01,CC-BY-4.0,ctc_phc_c2dh_u373,PhC-C2DH-U373,,0,0,114
ctc_phc-c2dh-u373_v1,PhC-C2DH-U373_01_t025_track3,ctc_frame,25.000000,PhC-C2DH-U373_01,ctc_tracking_centroid,263.000000,156.000000,0.000000,cell_centroid_motion,145.000000,0.000000,01_3,25,263.000000,156.000000,0.000000,145,01,CC-BY-4.0,ctc_phc_c2dh_u373,PhC-C2DH-U373,,0,0,114
ctc_phc-c2dh-u373_v1,PhC-C2DH-U373_01_t025_track4,ctc_frame,25.000000,PhC-C2DH-U373_01,ctc_tracking_centroid,403.000000,416.000000,0.000000,cell_centroid_motion,145.000000,0.000000,01_4,25,403.000000,416.000000,0.000000,145,01,CC-BY-4.0,ctc_phc_c2dh_u373,PhC-C2DH-U373,,0,0,114
ctc_phc-c2dh-u373_v1,PhC-C2DH-U373_01_t025_track5,ctc_frame,25.000000,PhC-C2DH-U373_01,ctc_tracking_centroid,205.619048,419.380952,0.000000,cell_centroid_motion,168.000000,0.000000,01_5,25,205.619048,419.380952,0.000000,168,01,CC-BY-4.0,ctc_phc_c2dh_u373,PhC-C2DH-U373,,0,0,114
ctc_phc-c2dh-u373_v1,PhC-C2DH-U373_01_t025_track6,ctc_frame,25.000000,PhC-C2DH-U373_01,ctc_tracking_centroid,571.000000,324.000000,0.000000,cell_centroid_motion,171.000000,0.000000,01_6,25,571.000000,324.000000,0.000000,171,01,CC-BY-4.0,ctc_phc_c2dh_u373,PhC-C2DH-U373,,0,0,114
ctc_phc-c2dh-u373_v1,PhC-C2DH-U373_01_t026_track1,ctc_frame,26.000000,PhC-C2DH-U373_01,ctc_tracking_centroid,108.221198,96.228111,0.000000,cell_centroid_motion,434.000000,0.000000,01_1,26,108.221198,96.228111,0.000000,434,01,CC-BY-4.0,ctc_phc_c2dh_u373,PhC-C2DH-U373,,0,0,114
ctc_phc-c2dh-u373_v1,PhC-C2DH-U373_01_t026_track2,ctc_frame,26.000000,PhC-C2DH-U373_01,ctc_tracking_centroid,188.000000,99.000000,0.000000,cell_centroid_motion,193.000000,0.000000,01_2,26,188.000000,99.000000,0.000000,193,01,CC-BY-4.0,ctc_phc_c2dh_u373,PhC-C2DH-U373,,0,0,114
ctc_phc-c2dh-u373_v1,PhC-C2DH-U373_01_t026_track3,ctc_frame,26.000000,PhC-C2DH-U373_01,ctc_tracking_centroid,263.000000,156.000000,0.000000,cell_centroid_motion,145.000000,0.000000,01_3,26,263.000000,156.000000,0.000000,145,01,CC-BY-4.0,ctc_phc_c2dh_u373,PhC-C2DH-U373,,0,0,114
ctc_phc-c2dh-u373_v1,PhC-C2DH-U373_01_t026_track4,ctc_frame,26.000000,PhC-C2DH-U373_01,ctc_tracking_centroid,407.000000,412.000000,0.000000,cell_centroid_motion,145.000000,0.000000,01_4,26,407.000000,412.000000,0.000000,145,01,CC-BY-4.0,ctc_phc_c2dh_u373,PhC-C2DH-U373,,0,0,114
ctc_phc-c2dh-u373_v1,PhC-C2DH-U373_01_t026_track5,ctc_frame,26.000000,PhC-C2DH-U373_01,ctc_tracking_centroid,203.000000,401.000000,0.000000,cell_centroid_motion,145.000000,0.000000,01_5,26,203.000000,401.000000,0.000000,145,01,CC-BY-4.0,ctc_phc_c2dh_u373,PhC-C2DH-U373,,0,0,114
ctc_phc-c2dh-u373_v1,PhC-C2DH-U373_01_t026_track6,ctc_frame,26.000000,PhC-C2DH-U373_01,ctc_tracking_centroid,571.000000,336.000000,0.000000,cell_centroid_motion,145.000000,0.000000,01_6,26,571.000000,336.000000,0.000000,145,01,CC-BY-4.0,ctc_phc_c2dh_u373,PhC-C2DH-U373,,0,0,114
ctc_phc-c2dh-u373_v1,PhC-C2DH-U373_01_t027_track1,ctc_frame,27.000000,PhC-C2DH-U373_01,ctc_tracking_centroid,107.452336,93.050467,0.000000,cell_centroid_motion,535.000000,0.000000,01_1,27,107.452336,93.050467,0.000000,535,01,CC-BY-4.0,ctc_phc_c2dh_u373,PhC-C2DH-U373,,0,0,114
ctc_phc-c2dh-u373_v1,PhC-C2DH-U373_01_t027_track2,ctc_frame,27.000000,PhC-C2DH-U373_01,ctc_tracking_centroid,187.658793,85.246719,0.000000,cell_centroid_motion,381.000000,0.000000,01_2,27,187.658793,85.246719,0.000000,381,01,CC-BY-4.0,ctc_phc_c2dh_u373,PhC-C2DH-U373,,0,0,114
ctc_phc-c2dh-u373_v1,PhC-C2DH-U373_01_t027_track3,ctc_frame,27.000000,PhC-C2DH-U373_01,ctc_tracking_centroid,263.000000,156.000000,0.000000,cell_centroid_motion,145.000000,0.000000,01_3,27,263.000000,156.000000,0.000000,145,01,CC-BY-4.0,ctc_phc_c2dh_u373,PhC-C2DH-U373,,0,0,114
ctc_phc-c2dh-u373_v1,PhC-C2DH-U373_01_t027_track4,ctc_frame,27.000000,PhC-C2DH-U373_01,ctc_tracking_centroid,407.000000,412.500000,0.000000,cell_centroid_motion,158.000000,0.000000,01_4,27,407.000000,412.500000,0.000000,158,01,CC-BY-4.0,ctc_phc_c2dh_u373,PhC-C2DH-U373,,0,0,114
ctc_phc-c2dh-u373_v1,PhC-C2DH-U373_01_t027_track5,ctc_frame,27.000000,PhC-C2DH-U373_01,ctc_tracking_centroid,201.621005,398.885845,0.000000,cell_centroid_motion,219.000000,0.000000,01_5,27,201.621005,398.885845,0.000000,219,01,CC-BY-4.0,ctc_phc_c2dh_u373,PhC-C2DH-U373,,0,0,114
ctc_phc-c2dh-u373_v1,PhC-C2DH-U373_01_t027_track6,ctc_frame,27.000000,PhC-C2DH-U373_01,ctc_tracking_centroid,571.000000,340.000000,0.000000,cell_centroid_motion,145.000000,0.000000,01_6,27,571.000000,340.000000,0.000000,145,01,CC-BY-4.0,ctc_phc_c2dh_u373,PhC-C2DH-U373,,0,0,114
ctc_phc-c2dh-u373_v1,PhC-C2DH-U373_01_t028_track1,ctc_frame,28.000000,PhC-C2DH-U373_01,ctc_tracking_centroid,108.551127,95.573657,0.000000,cell_centroid_motion,577.000000,0.000000,01_1,28,108.551127,95.573657,0.000000,577,01,CC-BY-4.0,ctc_phc_c2dh_u373,PhC-C2DH-U373,,0,0,114
ctc_phc-c2dh-u373_v1,PhC-C2DH-U373_01_t028_track2,ctc_frame,28.000000,PhC-C2DH-U373_01,ctc_tracking_centroid,194.000000,86.000000,0.000000,cell_centroid_motion,193.000000,0.000000,01_2,28,194.000000,86.000000,0.000000,193,01,CC-BY-4.0,ctc_phc_c2dh_u373,PhC-C2DH-U373,,0,0,114
ctc_phc-c2dh-u373_v1,PhC-C2DH-U373_01_t028_track3,ctc_frame,28.000000,PhC-C2DH-U373_01,ctc_tracking_centroid,263.000000,156.000000,0.000000,cell_centroid_motion,145.000000,0.000000,01_3,28,263.000000,156.000000,0.000000,145,01,CC-BY-4.0,ctc_phc_c2dh_u373,PhC-C2DH-U373,,0,0,114
ctc_phc-c2dh-u373_v1,PhC-C2DH-U373_01_t028_track4,ctc_frame,28.000000,PhC-C2DH-U373_01,ctc_tracking_centroid,407.000000,421.500000,0.000000,cell_centroid_motion,158.000000,0.000000,01_4,28,407.000000,421.500000,0.000000,158,01,CC-BY-4.0,ctc_phc_c2dh_u373,PhC-C2DH-U373,,0,0,114
ctc_phc-c2dh-u373_v1,PhC-C2DH-U373_01_t028_track5,ctc_frame,28.000000,PhC-C2DH-U373_01,ctc_tracking_centroid,200.000000,392.000000,0.000000,cell_centroid_motion,171.000000,0.000000,01_5,28,200.000000,392.000000,0.000000,171,01,CC-BY-4.0,ctc_phc_c2dh_u373,PhC-C2DH-U373,,0,0,114
ctc_phc-c2dh-u373_v1,PhC-C2DH-U373_01_t028_track6,ctc_frame,28.000000,PhC-C2DH-U373_01,ctc_tracking_centroid,571.000000,337.000000,0.000000,cell_centroid_motion,145.000000,0.000000,01_6,28,571.000000,337.000000,0.000000,145,01,CC-BY-4.0,ctc_phc_c2dh_u373,PhC-C2DH-U373,,0,0,114
ctc_phc-c2dh-u373_v1,PhC-C2DH-U373_01_t029_track1,ctc_frame,29.000000,PhC-C2DH-U373_01,ctc_tracking_centroid,104.427105,97.112936,0.000000,cell_centroid_motion,487.000000,0.000000,01_1,29,104.427105,97.112936,0.000000,487,01,CC-BY-4.0,ctc_phc_c2dh_u373,PhC-C2DH-U373,,0,0,114
ctc_phc-c2dh-u373_v1,PhC-C2DH-U373_01_t029_track2,ctc_frame,29.000000,PhC-C2DH-U373_01,ctc_tracking_centroid,187.000000,87.000000,0.000000,cell_centroid_motion,193.000000,0.000000,01_2,29,187.000000,87.000000,0.000000,193,01,CC-BY-4.0,ctc_phc_c2dh_u373,PhC-C2DH-U373,,0,0,114
ctc_phc-c2dh-u373_v1,PhC-C2DH-U373_01_t029_track3,ctc_frame,29.000000,PhC-C2DH-U373_01,ctc_tracking_centroid,263.000000,156.000000,0.000000,cell_centroid_motion,145.000000,0.000000,01_3,29,263.000000,156.000000,0.000000,145,01,CC-BY-4.0,ctc_phc_c2dh_u373,PhC-C2DH-U373,,0,0,114
ctc_phc-c2dh-u373_v1,PhC-C2DH-U373_01_t029_track4,ctc_frame,29.000000,PhC-C2DH-U373_01,ctc_tracking_centroid,407.000000,427.500000,0.000000,cell_centroid_motion,158.000000,0.000000,01_4,29,407.000000,427.500000,0.000000,158,01,CC-BY-4.0,ctc_phc_c2dh_u373,PhC-C2DH-U373,,0,0,114
ctc_phc-c2dh-u373_v1,PhC-C2DH-U373_01_t029_track5,ctc_frame,29.000000,PhC-C2DH-U373_01,ctc_tracking_centroid,199.000000,385.500000,0.000000,cell_centroid_motion,158.000000,0.000000,01_5,29,199.000000,385.500000,0.000000,158,01,CC-BY-4.0,ctc_phc_c2dh_u373,PhC-C2DH-U373,,0,0,114
ctc_phc-c2dh-u373_v1,PhC-C2DH-U373_01_t029_track6,ctc_frame,29.000000,PhC-C2DH-U373_01,ctc_tracking_centroid,571.000000,337.000000,0.000000,cell_centroid_motion,145.000000,0.000000,01_6,29,571.000000,337.000000,0.000000,145,01,CC-BY-4.0,ctc_phc_c2dh_u373,PhC-C2DH-U373,,0,0,114
ctc_phc-c2dh-u373_v1,PhC-C2DH-U373_01_t030_track1,ctc_frame,30.000000,PhC-C2DH-U373_01,ctc_tracking_centroid,107.298625,99.090373,0.000000,cell_centroid_motion,509.000000,0.000000,01_1,30,107.298625,99.090373,0.000000,509,01,CC-BY-4.0,ctc_phc_c2dh_u373,PhC-C2DH-U373,,0,0,114
ctc_phc-c2dh-u373_v1,PhC-C2DH-U373_01_t030_track2,ctc_frame,30.000000,PhC-C2DH-U373_01,ctc_tracking_centroid,187.000000,86.000000,0.000000,cell_centroid_motion,193.000000,0.000000,01_2,30,187.000000,86.000000,0.000000,193,01,CC-BY-4.0,ctc_phc_c2dh_u373,PhC-C2DH-U373,,0,0,114
ctc_phc-c2dh-u373_v1,PhC-C2DH-U373_01_t030_track3,ctc_frame,30.000000,PhC-C2DH-U373_01,ctc_tracking_centroid,263.000000,156.000000,0.000000,cell_centroid_motion,145.000000,0.000000,01_3,30,263.000000,156.000000,0.000000,145,01,CC-BY-4.0,ctc_phc_c2dh_u373,PhC-C2DH-U373,,0,0,114
ctc_phc-c2dh-u373_v1,PhC-C2DH-U373_01_t030_track4,ctc_frame,30.000000,PhC-C2DH-U373_01,ctc_tracking_centroid,407.000000,429.000000,0.000000,cell_centroid_motion,145.000000,0.000000,01_4,30,407.000000,429.000000,0.000000,145,01,CC-BY-4.0,ctc_phc_c2dh_u373,PhC-C2DH-U373,,0,0,114
ctc_phc-c2dh-u373_v1,PhC-C2DH-U373_01_t030_track5,ctc_frame,30.000000,PhC-C2DH-U373_01,ctc_tracking_centroid,199.000000,375.500000,0.000000,cell_centroid_motion,158.000000,0.000000,01_5,30,199.000000,375.500000,0.000000,158,01,CC-BY-4.0,ctc_phc_c2dh_u373,PhC-C2DH-U373,,0,0,114
ctc_phc-c2dh-u373_v1,PhC-C2DH-U373_01_t030_track6,ctc_frame,30.000000,PhC-C2DH-U373_01,ctc_tracking_centroid,571.000000,337.000000,0.000000,cell_centroid_motion,145.000000,0.000000,01_6,30,571.000000,337.000000,0.000000,145,01,CC-BY-4.0,ctc_phc_c2dh_u373,PhC-C2DH-U373,,0,0,114
ctc_phc-c2dh-u373_v1,PhC-C2DH-U373_01_t031_track1,ctc_frame,31.000000,PhC-C2DH-U373_01,ctc_tracking_centroid,109.307487,100.229947,0.000000,cell_centroid_motion,374.000000,0.000000,01_1,31,109.307487,100.229947,0.000000,374,01,CC-BY-4.0,ctc_phc_c2dh_u373,PhC-C2DH-U373,,0,0,114
ctc_phc-c2dh-u373_v1,PhC-C2DH-U373_01_t031_track2,ctc_frame,31.000000,PhC-C2DH-U373_01,ctc_tracking_centroid,187.000000,86.000000,0.000000,cell_centroid_motion,193.000000,0.000000,01_2,31,187.000000,86.000000,0.000000,193,01,CC-BY-4.0,ctc_phc_c2dh_u373,PhC-C2DH-U373,,0,0,114
ctc_phc-c2dh-u373_v1,PhC-C2DH-U373_01_t031_track3,ctc_frame,31.000000,PhC-C2DH-U373_01,ctc_tracking_centroid,263.000000,151.000000,0.000000,cell_centroid_motion,145.000000,0.000000,01_3,31,263.000000,151.000000,0.000000,145,01,CC-BY-4.0,ctc_phc_c2dh_u373,PhC-C2DH-U373,,0,0,114
ctc_phc-c2dh-u373_v1,PhC-C2DH-U373_01_t031_track4,ctc_frame,31.000000,PhC-C2DH-U373_01,ctc_tracking_centroid,407.000000,430.000000,0.000000,cell_centroid_motion,145.000000,0.000000,01_4,31,407.000000,430.000000,0.000000,145,01,CC-BY-4.0,ctc_phc_c2dh_u373,PhC-C2DH-U373,,0,0,114
ctc_phc-c2dh-u373_v1,PhC-C2DH-U373_01_t031_track5,ctc_frame,31.000000,PhC-C2DH-U373_01,ctc_tracking_centroid,199.000000,371.000000,0.000000,cell_centroid_motion,171.000000,0.000000,01_5,31,199.000000,371.000000,0.000000,171,01,CC-BY-4.0,ctc_phc_c2dh_u373,PhC-C2DH-U373,,0,0,114
ctc_phc-c2dh-u373_v1,PhC-C2DH-U373_01_t031_track6,ctc_frame,31.000000,PhC-C2DH-U373_01,ctc_tracking_centroid,571.000000,337.000000,0.000000,cell_centroid_motion,145.000000,0.000000,01_6,31,571.000000,337.000000,0.000000,145,01,CC-BY-4.0,ctc_phc_c2dh_u373,PhC-C2DH-U373,,0,0,114
ctc_phc-c2dh-u373_v1,PhC-C2DH-U373_01_t032_track1,ctc_frame,32.000000,PhC-C2DH-U373_01,ctc_tracking_centroid,108.000000,98.000000,0.000000,cell_centroid_motion,249.000000,0.000000,01_1,32,108.000000,98.000000,0.000000,249,01,CC-BY-4.0,ctc_phc_c2dh_u373,PhC-C2DH-U373,,0,0,114
ctc_phc-c2dh-u373_v1,PhC-C2DH-U373_01_t032_track2,ctc_frame,32.000000,PhC-C2DH-U373_01,ctc_tracking_centroid,187.000000,86.000000,0.000000,cell_centroid_motion,193.000000,0.000000,01_2,32,187.000000,86.000000,0.000000,193,01,CC-BY-4.0,ctc_phc_c2dh_u373,PhC-C2DH-U373,,0,0,114
ctc_phc-c2dh-u373_v1,PhC-C2DH-U373_01_t032_track3,ctc_frame,32.000000,PhC-C2DH-U373_01,ctc_tracking_centroid,263.000000,151.000000,0.000000,cell_centroid_motion,145.000000,0.000000,01_3,32,263.000000,151.000000,0.000000,145,01,CC-BY-4.0,ctc_phc_c2dh_u373,PhC-C2DH-U373,,0,0,114
ctc_phc-c2dh-u373_v1,PhC-C2DH-U373_01_t032_track4,ctc_frame,32.000000,PhC-C2DH-U373_01,ctc_tracking_centroid,400.500000,434.000000,0.000000,cell_centroid_motion,158.000000,0.000000,01_4,32,400.500000,434.000000,0.000000,158,01,CC-BY-4.0,ctc_phc_c2dh_u373,PhC-C2DH-U373,,0,0,114
ctc_phc-c2dh-u373_v1,PhC-C2DH-U373_01_t032_track5,ctc_frame,32.000000,PhC-C2DH-U373_01,ctc_tracking_centroid,195.500000,365.000000,0.000000,cell_centroid_motion,178.000000,0.000000,01_5,32,195.500000,365.000000,0.000000,178,01,CC-BY-4.0,ctc_phc_c2dh_u373,PhC-C2DH-U373,,0,0,114
ctc_phc-c2dh-u373_v1,PhC-C2DH-U373_01_t032_track6,ctc_frame,32.000000,PhC-C2DH-U373_01,ctc_tracking_centroid,571.000000,337.000000,0.000000,cell_centroid_motion,145.000000,0.000000,01_6,32,571.000000,337.000000,0.000000,145,01,CC-BY-4.0,ctc_phc_c2dh_u373,PhC-C2DH-U373,,0,0,114
ctc_phc-c2dh-u373_v1,PhC-C2DH-U373_01_t033_track1,ctc_frame,33.000000,PhC-C2DH-U373_01,ctc_tracking_centroid,108.000000,98.000000,0.000000,cell_centroid_motion,249.000000,0.000000,01_1,33,108.000000,98.000000,0.000000,249,01,CC-BY-4.0,ctc_phc_c2dh_u373,PhC-C2DH-U373,,0,0,114
ctc_phc-c2dh-u373_v1,PhC-C2DH-U373_01_t033_track2,ctc_frame,33.000000,PhC-C2DH-U373_01,ctc_tracking_centroid,187.000000,86.000000,0.000000,cell_centroid_motion,193.000000,0.000000,01_2,33,187.000000,86.000000,0.000000,193,01,CC-BY-4.0,ctc_phc_c2dh_u373,PhC-C2DH-U373,,0,0,114
ctc_phc-c2dh-u373_v1,PhC-C2DH-U373_01_t033_track3,ctc_frame,33.000000,PhC-C2DH-U373_01,ctc_tracking_centroid,263.000000,148.000000,0.000000,cell_centroid_motion,145.000000,0.000000,01_3,33,263.000000,148.000000,0.000000,145,01,CC-BY-4.0,ctc_phc_c2dh_u373,PhC-C2DH-U373,,0,0,114
ctc_phc-c2dh-u373_v1,PhC-C2DH-U373_01_t033_track4,ctc_frame,33.000000,PhC-C2DH-U373_01,ctc_tracking_centroid,396.000000,438.000000,0.000000,cell_centroid_motion,145.000000,0.000000,01_4,33,396.000000,438.000000,0.000000,145,01,CC-BY-4.0,ctc_phc_c2dh_u373,PhC-C2DH-U373,,0,0,114
ctc_phc-c2dh-u373_v1,PhC-C2DH-U373_01_t033_track5,ctc_frame,33.000000,PhC-C2DH-U373_01,ctc_tracking_centroid,193.000000,361.500000,0.000000,cell_centroid_motion,158.000000,0.000000,01_5,33,193.000000,361.500000,0.000000,158,01,CC-BY-4.0,ctc_phc_c2dh_u373,PhC-C2DH-U373,,0,0,114
ctc_phc-c2dh-u373_v1,PhC-C2DH-U373_01_t033_track6,ctc_frame,33.000000,PhC-C2DH-U373_01,ctc_tracking_centroid,571.000000,337.000000,0.000000,cell_centroid_motion,145.000000,0.000000,01_6,33,571.000000,337.000000,0.000000,145,01,CC-BY-4.0,ctc_phc_c2dh_u373,PhC-C2DH-U373,,0,0,114
ctc_phc-c2dh-u373_v1,PhC-C2DH-U373_01_t034_track1,ctc_frame,34.000000,PhC-C2DH-U373_01,ctc_tracking_centroid,108.000000,98.000000,0.000000,cell_centroid_motion,249.000000,0.000000,01_1,34,108.000000,98.000000,0.000000,249,01,CC-BY-4.0,ctc_phc_c2dh_u373,PhC-C2DH-U373,,0,0,114
ctc_phc-c2dh-u373_v1,PhC-C2DH-U373_01_t034_track2,ctc_frame,34.000000,PhC-C2DH-U373_01,ctc_tracking_centroid,187.000000,86.000000,0.000000,cell_centroid_motion,193.000000,0.000000,01_2,34,187.000000,86.000000,0.000000,193,01,CC-BY-4.0,ctc_phc_c2dh_u373,PhC-C2DH-U373,,0,0,114
ctc_phc-c2dh-u373_v1,PhC-C2DH-U373_01_t034_track3,ctc_frame,34.000000,PhC-C2DH-U373_01,ctc_tracking_centroid,263.000000,147.000000,0.000000,cell_centroid_motion,145.000000,0.000000,01_3,34,263.000000,147.000000,0.000000,145,01,CC-BY-4.0,ctc_phc_c2dh_u373,PhC-C2DH-U373,,0,0,114
ctc_phc-c2dh-u373_v1,PhC-C2DH-U373_01_t034_track4,ctc_frame,34.000000,PhC-C2DH-U373_01,ctc_tracking_centroid,393.500000,440.000000,0.000000,cell_centroid_motion,158.000000,0.000000,01_4,34,393.500000,440.000000,0.000000,158,01,CC-BY-4.0,ctc_phc_c2dh_u373,PhC-C2DH-U373,,0,0,114
ctc_phc-c2dh-u373_v1,PhC-C2DH-U373_01_t034_track5,ctc_frame,34.000000,PhC-C2DH-U373_01,ctc_tracking_centroid,192.000000,357.500000,0.000000,cell_centroid_motion,158.000000,0.000000,01_5,34,192.000000,357.500000,0.000000,158,01,CC-BY-4.0,ctc_phc_c2dh_u373,PhC-C2DH-U373,,0,0,114
ctc_phc-c2dh-u373_v1,PhC-C2DH-U373_01_t034_track6,ctc_frame,34.000000,PhC-C2DH-U373_01,ctc_tracking_centroid,571.000000,338.500000,0.000000,cell_centroid_motion,158.000000,0.000000,01_6,34,571.000000,338.500000,0.000000,158,01,CC-BY-4.0,ctc_phc_c2dh_u373,PhC-C2DH-U373,,0,0,114
ctc_phc-c2dh-u373_v1,PhC-C2DH-U373_01_t035_track1,ctc_frame,35.000000,PhC-C2DH-U373_01,ctc_tracking_centroid,108.000000,98.000000,0.000000,cell_centroid_motion,249.000000,0.000000,01_1,35,108.000000,98.000000,0.000000,249,01,CC-BY-4.0,ctc_phc_c2dh_u373,PhC-C2DH-U373,,0,0,114
ctc_phc-c2dh-u373_v1,PhC-C2DH-U373_01_t035_track2,ctc_frame,35.000000,PhC-C2DH-U373_01,ctc_tracking_centroid,187.000000,86.000000,0.000000,cell_centroid_motion,193.000000,0.000000,01_2,35,187.000000,86.000000,0.000000,193,01,CC-BY-4.0,ctc_phc_c2dh_u373,PhC-C2DH-U373,,0,0,114
ctc_phc-c2dh-u373_v1,PhC-C2DH-U373_01_t035_track3,ctc_frame,35.000000,PhC-C2DH-U373_01,ctc_tracking_centroid,263.000000,147.000000,0.000000,cell_centroid_motion,145.000000,0.000000,01_3,35,263.000000,147.000000,0.000000,145,01,CC-BY-4.0,ctc_phc_c2dh_u373,PhC-C2DH-U373,,0,0,114
ctc_phc-c2dh-u373_v1,PhC-C2DH-U373_01_t035_track4,ctc_frame,35.000000,PhC-C2DH-U373_01,ctc_tracking_centroid,381.000000,443.000000,0.000000,cell_centroid_motion,145.000000,0.000000,01_4,35,381.000000,443.000000,0.000000,145,01,CC-BY-4.0,ctc_phc_c2dh_u373,PhC-C2DH-U373,,0,0,114
ctc_phc-c2dh-u373_v1,PhC-C2DH-U373_01_t035_track5,ctc_frame,35.000000,PhC-C2DH-U373_01,ctc_tracking_centroid,192.983051,354.463277,0.000000,cell_centroid_motion,177.000000,0.000000,01_5,35,192.983051,354.463277,0.000000,177,01,CC-BY-4.0,ctc_phc_c2dh_u373,PhC-C2DH-U373,,0,0,114
ctc_phc-c2dh-u373_v1,PhC-C2DH-U373_01_t035_track6,ctc_frame,35.000000,PhC-C2DH-U373_01,ctc_tracking_centroid,570.000000,341.500000,0.000000,cell_centroid_motion,184.000000,0.000000,01_6,35,570.000000,341.500000,0.000000,184,01,CC-BY-4.0,ctc_phc_c2dh_u373,PhC-C2DH-U373,,0,0,114
ctc_phc-c2dh-u373_v1,PhC-C2DH-U373_01_t036_track1,ctc_frame,36.000000,PhC-C2DH-U373_01,ctc_tracking_centroid,108.000000,98.000000,0.000000,cell_centroid_motion,249.000000,0.000000,01_1,36,108.000000,98.000000,0.000000,249,01,CC-BY-4.0,ctc_phc_c2dh_u373,PhC-C2DH-U373,,0,0,114
ctc_phc-c2dh-u373_v1,PhC-C2DH-U373_01_t036_track2,ctc_frame,36.000000,PhC-C2DH-U373_01,ctc_tracking_centroid,187.000000,86.000000,0.000000,cell_centroid_motion,193.000000,0.000000,01_2,36,187.000000,86.000000,0.000000,193,01,CC-BY-4.0,ctc_phc_c2dh_u373,PhC-C2DH-U373,,0,0,114
ctc_phc-c2dh-u373_v1,PhC-C2DH-U373_01_t036_track3,ctc_frame,36.000000,PhC-C2DH-U373_01,ctc_tracking_centroid,263.000000,147.000000,0.000000,cell_centroid_motion,145.000000,0.000000,01_3,36,263.000000,147.000000,0.000000,145,01,CC-BY-4.0,ctc_phc_c2dh_u373,PhC-C2DH-U373,,0,0,114
ctc_phc-c2dh-u373_v1,PhC-C2DH-U373_01_t036_track4,ctc_frame,36.000000,PhC-C2DH-U373_01,ctc_tracking_centroid,375.000000,443.000000,0.000000,cell_centroid_motion,145.000000,0.000000,01_4,36,375.000000,443.000000,0.000000,145,01,CC-BY-4.0,ctc_phc_c2dh_u373,PhC-C2DH-U373,,0,0,114
ctc_phc-c2dh-u373_v1,PhC-C2DH-U373_01_t036_track5,ctc_frame,36.000000,PhC-C2DH-U373_01,ctc_tracking_centroid,196.000000,352.000000,0.000000,cell_centroid_motion,145.000000,0.000000,01_5,36,196.000000,352.000000,0.000000,145,01,CC-BY-4.0,ctc_phc_c2dh_u373,PhC-C2DH-U373,,0,0,114
ctc_phc-c2dh-u373_v1,PhC-C2DH-U373_01_t036_track6,ctc_frame,36.000000,PhC-C2DH-U373_01,ctc_tracking_centroid,569.000000,347.500000,0.000000,cell_centroid_motion,158.000000,0.000000,01_6,36,569.000000,347.500000,0.000000,158,01,CC-BY-4.0,ctc_phc_c2dh_u373,PhC-C2DH-U373,,0,0,114
ctc_phc-c2dh-u373_v1,PhC-C2DH-U373_01_t037_track1,ctc_frame,37.000000,PhC-C2DH-U373_01,ctc_tracking_centroid,108.000000,98.000000,0.000000,cell_centroid_motion,249.000000,0.000000,01_1,37,108.000000,98.000000,0.000000,249,01,CC-BY-4.0,ctc_phc_c2dh_u373,PhC-C2DH-U373,,0,0,114
ctc_phc-c2dh-u373_v1,PhC-C2DH-U373_01_t037_track2,ctc_frame,37.000000,PhC-C2DH-U373_01,ctc_tracking_centroid,194.000000,80.000000,0.000000,cell_centroid_motion,193.000000,0.000000,01_2,37,194.000000,80.000000,0.000000,193,01,CC-BY-4.0,ctc_phc_c2dh_u373,PhC-C2DH-U373,,0,0,114
ctc_phc-c2dh-u373_v1,PhC-C2DH-U373_01_t037_track3,ctc_frame,37.000000,PhC-C2DH-U373_01,ctc_tracking_centroid,263.000000,147.000000,0.000000,cell_centroid_motion,145.000000,0.000000,01_3,37,263.000000,147.000000,0.000000,145,01,CC-BY-4.0,ctc_phc_c2dh_u373,PhC-C2DH-U373,,0,0,114
ctc_phc-c2dh-u373_v1,PhC-C2DH-U373_01_t037_track4,ctc_frame,37.000000,PhC-C2DH-U373_01,ctc_tracking_centroid,369.000000,441.000000,0.000000,cell_centroid_motion,145.000000,0.000000,01_4,37,369.000000,441.000000,0.000000,145,01,CC-BY-4.0,ctc_phc_c2dh_u373,PhC-C2DH-U373,,0,0,114
ctc_phc-c2dh-u373_v1,PhC-C2DH-U373_01_t037_track5,ctc_frame,37.000000,PhC-C2DH-U373_01,ctc_tracking_centroid,196.000000,352.000000,0.000000,cell_centroid_motion,145.000000,0.000000,01_5,37,196.000000,352.000000,0.000000,145,01,CC-BY-4.0,ctc_phc_c2dh_u373,PhC-C2DH-U373,,0,0,114
ctc_phc-c2dh-u373_v1,PhC-C2DH-U373_01_t037_track6,ctc_frame,37.000000,PhC-C2DH-U373_01,ctc_tracking_centroid,583.000000,365.000000,0.000000,cell_centroid_motion,145.000000,0.000000,01_6,37,583.000000,365.000000,0.000000,145,01,CC-BY-4.0,ctc_phc_c2dh_u373,PhC-C2DH-U373,,0,0,114
ctc_phc-c2dh-u373_v1,PhC-C2DH-U373_01_t038_track1,ctc_frame,38.000000,PhC-C2DH-U373_01,ctc_tracking_centroid,107.569444,102.091880,0.000000,cell_centroid_motion,936.000000,0.000000,01_1,38,107.569444,102.091880,0.000000,936,01,CC-BY-4.0,ctc_phc_c2dh_u373,PhC-C2DH-U373,,0,0,114
ctc_phc-c2dh-u373_v1,PhC-C2DH-U373_01_t038_track2,ctc_frame,38.000000,PhC-C2DH-U373_01,ctc_tracking_centroid,194.000000,80.000000,0.000000,cell_centroid_motion,193.000000,0.000000,01_2,38,194.000000,80.000000,0.000000,193,01,CC-BY-4.0,ctc_phc_c2dh_u373,PhC-C2DH-U373,,0,0,114
ctc_phc-c2dh-u373_v1,PhC-C2DH-U373_01_t038_track3,ctc_frame,38.000000,PhC-C2DH-U373_01,ctc_tracking_centroid,263.000000,147.000000,0.000000,cell_centroid_motion,145.000000,0.000000,01_3,38,263.000000,147.000000,0.000000,145,01,CC-BY-4.0,ctc_phc_c2dh_u373,PhC-C2DH-U373,,0,0,114
ctc_phc-c2dh-u373_v1,PhC-C2DH-U373_01_t038_track4,ctc_frame,38.000000,PhC-C2DH-U373_01,ctc_tracking_centroid,364.000000,433.000000,0.000000,cell_centroid_motion,145.000000,0.000000,01_4,38,364.000000,433.000000,0.000000,145,01,CC-BY-4.0,ctc_phc_c2dh_u373,PhC-C2DH-U373,,0,0,114
ctc_phc-c2dh-u373_v1,PhC-C2DH-U373_01_t038_track5,ctc_frame,38.000000,PhC-C2DH-U373_01,ctc_tracking_centroid,196.000000,351.000000,0.000000,cell_centroid_motion,145.000000,0.000000,01_5,38,196.000000,351.000000,0.000000,145,01,CC-BY-4.0,ctc_phc_c2dh_u373,PhC-C2DH-U373,,0,0,114
ctc_phc-c2dh-u373_v1,PhC-C2DH-U373_01_t038_track6,ctc_frame,38.000000,PhC-C2DH-U373_01,ctc_tracking_centroid,589.000000,359.000000,0.000000,cell_centroid_motion,197.000000,0.000000,01_6,38,589.000000,359.000000,0.000000,197,01,CC-BY-4.0,ctc_phc_c2dh_u373,PhC-C2DH-U373,,0,0,114
ctc_phc-c2dh-u373_v1,PhC-C2DH-U373_01_t039_track1,ctc_frame,39.000000,PhC-C2DH-U373_01,ctc_tracking_centroid,101.892368,100.684932,0.000000,cell_centroid_motion,511.000000,0.000000,01_1,39,101.892368,100.684932,0.000000,511,01,CC-BY-4.0,ctc_phc_c2dh_u373,PhC-C2DH-U373,,0,0,114
ctc_phc-c2dh-u373_v1,PhC-C2DH-U373_01_t039_track2,ctc_frame,39.000000,PhC-C2DH-U373_01,ctc_tracking_centroid,194.000000,78.000000,0.000000,cell_centroid_motion,193.000000,0.000000,01_2,39,194.000000,78.000000,0.000000,193,01,CC-BY-4.0,ctc_phc_c2dh_u373,PhC-C2DH-U373,,0,0,114
ctc_phc-c2dh-u373_v1,PhC-C2DH-U373_01_t039_track3,ctc_frame,39.000000,PhC-C2DH-U373_01,ctc_tracking_centroid,252.000000,147.000000,0.000000,cell_centroid_motion,145.000000,0.000000,01_3,39,252.000000,147.000000,0.000000,145,01,CC-BY-4.0,ctc_phc_c2dh_u373,PhC-C2DH-U373,,0,0,114
ctc_phc-c2dh-u373_v1,PhC-C2DH-U373_01_t039_track4,ctc_frame,39.000000,PhC-C2DH-U373_01,ctc_tracking_centroid,366.000000,421.000000,0.000000,cell_centroid_motion,145.000000,0.000000,01_4,39,366.000000,421.000000,0.000000,145,01,CC-BY-4.0,ctc_phc_c2dh_u373,PhC-C2DH-U373,,0,0,114
ctc_phc-c2dh-u373_v1,PhC-C2DH-U373_01_t039_track5,ctc_frame,39.000000,PhC-C2DH-U373_01,ctc_tracking_centroid,194.138122,349.353591,0.000000,cell_centroid_motion,181.000000,0.000000,01_5,39,194.138122,349.353591,0.000000,181,01,CC-BY-4.0,ctc_phc_c2dh_u373,PhC-C2DH-U373,,0,0,114
ctc_phc-c2dh-u373_v1,PhC-C2DH-U373_01_t039_track6,ctc_frame,39.000000,PhC-C2DH-U373_01,ctc_tracking_centroid,597.000000,358.000000,0.000000,cell_centroid_motion,145.000000,0.000000,01_6,39,597.000000,358.000000,0.000000,145,01,CC-BY-4.0,ctc_phc_c2dh_u373,PhC-C2DH-U373,,0,0,114
ctc_phc-c2dh-u373_v1,PhC-C2DH-U373_01_t040_track1,ctc_frame,40.000000,PhC-C2DH-U373_01,ctc_tracking_centroid,97.000000,99.000000,0.000000,cell_centroid_motion,889.000000,0.000000,01_1,40,97.000000,99.000000,0.000000,889,01,CC-BY-4.0,ctc_phc_c2dh_u373,PhC-C2DH-U373,,0,0,114
ctc_phc-c2dh-u373_v1,PhC-C2DH-U373_01_t040_track2,ctc_frame,40.000000,PhC-C2DH-U373_01,ctc_tracking_centroid,194.000000,78.000000,0.000000,cell_centroid_motion,193.000000,0.000000,01_2,40,194.000000,78.000000,0.000000,193,01,CC-BY-4.0,ctc_phc_c2dh_u373,PhC-C2DH-U373,,0,0,114
ctc_phc-c2dh-u373_v1,PhC-C2DH-U373_01_t040_track3,ctc_frame,40.000000,PhC-C2DH-U373_01,ctc_tracking_centroid,252.000000,147.000000,0.000000,cell_centroid_motion,145.000000,0.000000,01_3,40,252.000000,147.000000,0.000000,145,01,CC-BY-4.0,ctc_phc_c2dh_u373,PhC-C2DH-U373,,0,0,114
ctc_phc-c2dh-u373_v1,PhC-C2DH-U373_01_t040_track4,ctc_frame,40.000000,PhC-C2DH-U373_01,ctc_tracking_centroid,366.000000,421.000000,0.000000,cell_centroid_motion,145.000000,0.000000,01_4,40,366.000000,421.000000,0.000000,145,01,CC-BY-4.0,ctc_phc_c2dh_u373,PhC-C2DH-U373,,0,0,114
ctc_phc-c2dh-u373_v1,PhC-C2DH-U373_01_t040_track5,ctc_frame,40.000000,PhC-C2DH-U373_01,ctc_tracking_centroid,189.000000,348.000000,0.000000,cell_centroid_motion,171.000000,0.000000,01_5,40,189.000000,348.000000,0.000000,171,01,CC-BY-4.0,ctc_phc_c2dh_u373,PhC-C2DH-U373,,0,0,114
ctc_phc-c2dh-u373_v1,PhC-C2DH-U373_01_t040_track6,ctc_frame,40.000000,PhC-C2DH-U373_01,ctc_tracking_centroid,597.000000,358.000000,0.000000,cell_centroid_motion,145.000000,0.000000,01_6,40,597.000000,358.000000,0.000000,145,01,CC-BY-4.0,ctc_phc_c2dh_u373,PhC-C2DH-U373,,0,0,114
ctc_phc-c2dh-u373_v1,PhC-C2DH-U373_01_t041_track1,ctc_frame,41.000000,PhC-C2DH-U373_01,ctc_tracking_centroid,97.000000,99.000000,0.000000,cell_centroid_motion,889.000000,0.000000,01_1,41,97.000000,99.000000,0.000000,889,01,CC-BY-4.0,ctc_phc_c2dh_u373,PhC-C2DH-U373,,0,0,114
ctc_phc-c2dh-u373_v1,PhC-C2DH-U373_01_t041_track2,ctc_frame,41.000000,PhC-C2DH-U373_01,ctc_tracking_centroid,194.000000,78.000000,0.000000,cell_centroid_motion,193.000000,0.000000,01_2,41,194.000000,78.000000,0.000000,193,01,CC-BY-4.0,ctc_phc_c2dh_u373,PhC-C2DH-U373,,0,0,114
ctc_phc-c2dh-u373_v1,PhC-C2DH-U373_01_t041_track3,ctc_frame,41.000000,PhC-C2DH-U373_01,ctc_tracking_centroid,252.000000,147.000000,0.000000,cell_centroid_motion,145.000000,0.000000,01_3,41,252.000000,147.000000,0.000000,145,01,CC-BY-4.0,ctc_phc_c2dh_u373,PhC-C2DH-U373,,0,0,114
ctc_phc-c2dh-u373_v1,PhC-C2DH-U373_01_t041_track4,ctc_frame,41.000000,PhC-C2DH-U373_01,ctc_tracking_centroid,366.000000,421.000000,0.000000,cell_centroid_motion,145.000000,0.000000,01_4,41,366.000000,421.000000,0.000000,145,01,CC-BY-4.0,ctc_phc_c2dh_u373,PhC-C2DH-U373,,0,0,114
ctc_phc-c2dh-u373_v1,PhC-C2DH-U373_01_t041_track5,ctc_frame,41.000000,PhC-C2DH-U373_01,ctc_tracking_centroid,182.536723,345.983051,0.000000,cell_centroid_motion,177.000000,0.000000,01_5,41,182.536723,345.983051,0.000000,177,01,CC-BY-4.0,ctc_phc_c2dh_u373,PhC-C2DH-U373,,0,0,114
ctc_phc-c2dh-u373_v1,PhC-C2DH-U373_01_t041_track6,ctc_frame,41.000000,PhC-C2DH-U373_01,ctc_tracking_centroid,601.367150,362.608696,0.000000,cell_centroid_motion,207.000000,0.000000,01_6,41,601.367150,362.608696,0.000000,207,01,CC-BY-4.0,ctc_phc_c2dh_u373,PhC-C2DH-U373,,0,0,114
ctc_phc-c2dh-u373_v1,PhC-C2DH-U373_01_t042_track1,ctc_frame,42.000000,PhC-C2DH-U373_01,ctc_tracking_centroid,103.000000,103.000000,0.000000,cell_centroid_motion,373.000000,0.000000,01_1,42,103.000000,103.000000,0.000000,373,01,CC-BY-4.0,ctc_phc_c2dh_u373,PhC-C2DH-U373,,0,0,114
ctc_phc-c2dh-u373_v1,PhC-C2DH-U373_01_t042_track2,ctc_frame,42.000000,PhC-C2DH-U373_01,ctc_tracking_centroid,189.000000,78.000000,0.000000,cell_centroid_motion,193.000000,0.000000,01_2,42,189.000000,78.000000,0.000000,193,01,CC-BY-4.0,ctc_phc_c2dh_u373,PhC-C2DH-U373,,0,0,114
ctc_phc-c2dh-u373_v1,PhC-C2DH-U373_01_t042_track3,ctc_frame,42.000000,PhC-C2DH-U373_01,ctc_tracking_centroid,252.000000,147.000000,0.000000,cell_centroid_motion,145.000000,0.000000,01_3,42,252.000000,147.000000,0.000000,145,01,CC-BY-4.0,ctc_phc_c2dh_u373,PhC-C2DH-U373,,0,0,114
ctc_phc-c2dh-u373_v1,PhC-C2DH-U373_01_t042_track4,ctc_frame,42.000000,PhC-C2DH-U373_01,ctc_tracking_centroid,366.000000,421.000000,0.000000,cell_centroid_motion,145.000000,0.000000,01_4,42,366.000000,421.000000,0.000000,145,01,CC-BY-4.0,ctc_phc_c2dh_u373,PhC-C2DH-U373,,0,0,114
ctc_phc-c2dh-u373_v1,PhC-C2DH-U373_01_t042_track5,ctc_frame,42.000000,PhC-C2DH-U373_01,ctc_tracking_centroid,181.646409,342.861878,0.000000,cell_centroid_motion,181.000000,0.000000,01_5,42,181.646409,342.861878,0.000000,181,01,CC-BY-4.0,ctc_phc_c2dh_u373,PhC-C2DH-U373,,0,0,114
ctc_phc-c2dh-u373_v1,PhC-C2DH-U373_01_t042_track6,ctc_frame,42.000000,PhC-C2DH-U373_01,ctc_tracking_centroid,610.000000,364.000000,0.000000,cell_centroid_motion,171.000000,0.000000,01_6,42,610.000000,364.000000,0.000000,171,01,CC-BY-4.0,ctc_phc_c2dh_u373,PhC-C2DH-U373,,0,0,114
ctc_phc-c2dh-u373_v1,PhC-C2DH-U373_01_t043_track1,ctc_frame,43.000000,PhC-C2DH-U373_01,ctc_tracking_centroid,107.000000,109.000000,0.000000,cell_centroid_motion,373.000000,0.000000,01_1,43,107.000000,109.000000,0.000000,373,01,CC-BY-4.0,ctc_phc_c2dh_u373,PhC-C2DH-U373,,0,0,114
ctc_phc-c2dh-u373_v1,PhC-C2DH-U373_01_t043_track2,ctc_frame,43.000000,PhC-C2DH-U373_01,ctc_tracking_centroid,187.000000,81.000000,0.000000,cell_centroid_motion,193.000000,0.000000,01_2,43,187.000000,81.000000,0.000000,193,01,CC-BY-4.0,ctc_phc_c2dh_u373,PhC-C2DH-U373,,0,0,114
ctc_phc-c2dh-u373_v1,PhC-C2DH-U373_01_t043_track3,ctc_frame,43.000000,PhC-C2DH-U373_01,ctc_tracking_centroid,249.500000,158.000000,0.000000,cell_centroid_motion,158.000000,0.000000,01_3,43,249.500000,158.000000,0.000000,158,01,CC-BY-4.0,ctc_phc_c2dh_u373,PhC-C2DH-U373,,0,0,114
ctc_phc-c2dh-u373_v1,PhC-C2DH-U373_01_t043_track4,ctc_frame,43.000000,PhC-C2DH-U373_01,ctc_tracking_centroid,366.500000,421.000000,0.000000,cell_centroid_motion,158.000000,0.000000,01_4,43,366.500000,421.000000,0.000000,158,01,CC-BY-4.0,ctc_phc_c2dh_u373,PhC-C2DH-U373,,0,0,114
ctc_phc-c2dh-u373_v1,PhC-C2DH-U373_01_t043_track5,ctc_frame,43.000000,PhC-C2DH-U373_01,ctc_tracking_centroid,176.000000,339.000000,0.000000,cell_centroid_motion,145.000000,0.000000,01_5,43,176.000000,339.000000,0.000000,145,01,CC-BY-4.0,ctc_phc_c2dh_u373,PhC-C2DH-U373,,0,0,114
ctc_phc-c2dh-u373_v1,PhC-C2DH-U373_01_t043_track6,ctc_frame,43.000000,PhC-C2DH-U373_01,ctc_tracking_centroid,616.138122,361.646409,0.000000,cell_centroid_motion,181.000000,0.000000,01_6,43,616.138122,361.646409,0.000000,181,01,CC-BY-4.0,ctc_phc_c2dh_u373,PhC-C2DH-U373,,0,0,114
ctc_phc-c2dh-u373_v1,PhC-C2DH-U373_01_t044_track1,ctc_frame,44.000000,PhC-C2DH-U373_01,ctc_tracking_centroid,109.000000,116.000000,0.000000,cell_centroid_motion,373.000000,0.000000,01_1,44,109.000000,116.000000,0.000000,373,01,CC-BY-4.0,ctc_phc_c2dh_u373,PhC-C2DH-U373,,0,0,114
ctc_phc-c2dh-u373_v1,PhC-C2DH-U373_01_t044_track2,ctc_frame,44.000000,PhC-C2DH-U373_01,ctc_tracking_centroid,187.000000,81.000000,0.000000,cell_centroid_motion,193.000000,0.000000,01_2,44,187.000000,81.000000,0.000000,193,01,CC-BY-4.0,ctc_phc_c2dh_u373,PhC-C2DH-U373,,0,0,114
ctc_phc-c2dh-u373_v1,PhC-C2DH-U373_01_t044_track3,ctc_frame,44.000000,PhC-C2DH-U373_01,ctc_tracking_centroid,250.000000,158.000000,0.000000,cell_centroid_motion,145.000000,0.000000,01_3,44,250.000000,158.000000,0.000000,145,01,CC-BY-4.0,ctc_phc_c2dh_u373,PhC-C2DH-U373,,0,0,114
ctc_phc-c2dh-u373_v1,PhC-C2DH-U373_01_t044_track4,ctc_frame,44.000000,PhC-C2DH-U373_01,ctc_tracking_centroid,367.500000,421.000000,0.000000,cell_centroid_motion,158.000000,0.000000,01_4,44,367.500000,421.000000,0.000000,158,01,CC-BY-4.0,ctc_phc_c2dh_u373,PhC-C2DH-U373,,0,0,114
ctc_phc-c2dh-u373_v1,PhC-C2DH-U373_01_t044_track5,ctc_frame,44.000000,PhC-C2DH-U373_01,ctc_tracking_centroid,177.000000,338.000000,0.000000,cell_centroid_motion,145.000000,0.000000,01_5,44,177.000000,338.000000,0.000000,145,01,CC-BY-4.0,ctc_phc_c2dh_u373,PhC-C2DH-U373,,0,0,114
ctc_phc-c2dh-u373_v1,PhC-C2DH-U373_01_t044_track6,ctc_frame,44.000000,PhC-C2DH-U373_01,ctc_tracking_centroid,623.000000,358.500000,0.000000,cell_centroid_motion,158.000000,0.000000,01_6,44,623.000000,358.500000,0.000000,158,01,CC-BY-4.0,ctc_phc_c2dh_u373,PhC-C2DH-U373,,0,0,114
ctc_phc-c2dh-u373_v1,PhC-C2DH-U373_01_t045_track1,ctc_frame,45.000000,PhC-C2DH-U373_01,ctc_tracking_centroid,110.000000,117.000000,0.000000,cell_centroid_motion,373.000000,0.000000,01_1,45,110.000000,117.000000,0.000000,373,01,CC-BY-4.0,ctc_phc_c2dh_u373,PhC-C2DH-U373,,0,0,114
ctc_phc-c2dh-u373_v1,PhC-C2DH-U373_01_t045_track2,ctc_frame,45.000000,PhC-C2DH-U373_01,ctc_tracking_centroid,200.000000,79.000000,0.000000,cell_centroid_motion,193.000000,0.000000,01_2,45,200.000000,79.000000,0.000000,193,01,CC-BY-4.0,ctc_phc_c2dh_u373,PhC-C2DH-U373,,0,0,114
ctc_phc-c2dh-u373_v1,PhC-C2DH-U373_01_t045_track3,ctc_frame,45.000000,PhC-C2DH-U373_01,ctc_tracking_centroid,250.000000,158.000000,0.000000,cell_centroid_motion,145.000000,0.000000,01_3,45,250.000000,158.000000,0.000000,145,01,CC-BY-4.0,ctc_phc_c2dh_u373,PhC-C2DH-U373,,0,0,114
ctc_phc-c2dh-u373_v1,PhC-C2DH-U373_01_t045_track4,ctc_frame,45.000000,PhC-C2DH-U373_01,ctc_tracking_centroid,376.016949,425.463277,0.000000,cell_centroid_motion,177.000000,0.000000,01_4,45,376.016949,425.463277,0.000000,177,01,CC-BY-4.0,ctc_phc_c2dh_u373,PhC-C2DH-U373,,0,0,114
ctc_phc-c2dh-u373_v1,PhC-C2DH-U373_01_t045_track5,ctc_frame,45.000000,PhC-C2DH-U373_01,ctc_tracking_centroid,172.040984,329.926230,0.000000,cell_centroid_motion,244.000000,0.000000,01_5,45,172.040984,329.926230,0.000000,244,01,CC-BY-4.0,ctc_phc_c2dh_u373,PhC-C2DH-U373,,0,0,114
ctc_phc-c2dh-u373_v1,PhC-C2DH-U373_01_t045_track6,ctc_frame,45.000000,PhC-C2DH-U373_01,ctc_tracking_centroid,626.000000,357.000000,0.000000,cell_centroid_motion,145.000000,0.000000,01_6,45,626.000000,357.000000,0.000000,145,01,CC-BY-4.0,ctc_phc_c2dh_u373,PhC-C2DH-U373,,0,0,114
ctc_phc-c2dh-u373_v1,PhC-C2DH-U373_01_t046_track1,ctc_frame,46.000000,PhC-C2DH-U373_01,ctc_tracking_centroid,103.000000,117.000000,0.000000,cell_centroid_motion,373.000000,0.000000,01_1,46,103.000000,117.000000,0.000000,373,01,CC-BY-4.0,ctc_phc_c2dh_u373,PhC-C2DH-U373,,0,0,114
ctc_phc-c2dh-u373_v1,PhC-C2DH-U373_01_t046_track2,ctc_frame,46.000000,PhC-C2DH-U373_01,ctc_tracking_centroid,204.500000,78.000000,0.000000,cell_centroid_motion,208.000000,0.000000,01_2,46,204.500000,78.000000,0.000000,208,01,CC-BY-4.0,ctc_phc_c2dh_u373,PhC-C2DH-U373,,0,0,114
ctc_phc-c2dh-u373_v1,PhC-C2DH-U373_01_t046_track3,ctc_frame,46.000000,PhC-C2DH-U373_01,ctc_tracking_centroid,250.000000,158.000000,0.000000,cell_centroid_motion,145.000000,0.000000,01_3,46,250.000000,158.000000,0.000000,145,01,CC-BY-4.0,ctc_phc_c2dh_u373,PhC-C2DH-U373,,0,0,114
ctc_phc-c2dh-u373_v1,PhC-C2DH-U373_01_t046_track4,ctc_frame,46.000000,PhC-C2DH-U373_01,ctc_tracking_centroid,379.500000,426.000000,0.000000,cell_centroid_motion,158.000000,0.000000,01_4,46,379.500000,426.000000,0.000000,158,01,CC-BY-4.0,ctc_phc_c2dh_u373,PhC-C2DH-U373,,0,0,114
ctc_phc-c2dh-u373_v1,PhC-C2DH-U373_01_t046_track5,ctc_frame,46.000000,PhC-C2DH-U373_01,ctc_tracking_centroid,164.000000,324.000000,0.000000,cell_centroid_motion,145.000000,0.000000,01_5,46,164.000000,324.000000,0.000000,145,01,CC-BY-4.0,ctc_phc_c2dh_u373,PhC-C2DH-U373,,0,0,114
ctc_phc-c2dh-u373_v1,PhC-C2DH-U373_01_t046_track6,ctc_frame,46.000000,PhC-C2DH-U373_01,ctc_tracking_centroid,626.500000,357.000000,0.000000,cell_centroid_motion,158.000000,0.000000,01_6,46,626.500000,357.000000,0.000000,158,01,CC-BY-4.0,ctc_phc_c2dh_u373,PhC-C2DH-U373,,0,0,114
ctc_phc-c2dh-u373_v1,PhC-C2DH-U373_01_t047_track1,ctc_frame,47.000000,PhC-C2DH-U373_01,ctc_tracking_centroid,108.000000,120.000000,0.000000,cell_centroid_motion,373.000000,0.000000,01_1,47,108.000000,120.000000,0.000000,373,01,CC-BY-4.0,ctc_phc_c2dh_u373,PhC-C2DH-U373,,0,0,114
ctc_phc-c2dh-u373_v1,PhC-C2DH-U373_01_t047_track2,ctc_frame,47.000000,PhC-C2DH-U373_01,ctc_tracking_centroid,208.000000,75.000000,0.000000,cell_centroid_motion,193.000000,0.000000,01_2,47,208.000000,75.000000,0.000000,193,01,CC-BY-4.0,ctc_phc_c2dh_u373,PhC-C2DH-U373,,0,0,114
ctc_phc-c2dh-u373_v1,PhC-C2DH-U373_01_t047_track3,ctc_frame,47.000000,PhC-C2DH-U373_01,ctc_tracking_centroid,250.000000,158.000000,0.000000,cell_centroid_motion,145.000000,0.000000,01_3,47,250.000000,158.000000,0.000000,145,01,CC-BY-4.0,ctc_phc_c2dh_u373,PhC-C2DH-U373,,0,0,114
ctc_phc-c2dh-u373_v1,PhC-C2DH-U373_01_t047_track4,ctc_frame,47.000000,PhC-C2DH-U373_01,ctc_tracking_centroid,385.619048,427.380952,0.000000,cell_centroid_motion,168.000000,0.000000,01_4,47,385.619048,427.380952,0.000000,168,01,CC-BY-4.0,ctc_phc_c2dh_u373,PhC-C2DH-U373,,0,0,114
ctc_phc-c2dh-u373_v1,PhC-C2DH-U373_01_t047_track5,ctc_frame,47.000000,PhC-C2DH-U373_01,ctc_tracking_centroid,164.000000,324.000000,0.000000,cell_centroid_motion,145.000000,0.000000,01_5,47,164.000000,324.000000,0.000000,145,01,CC-BY-4.0,ctc_phc_c2dh_u373,PhC-C2DH-U373,,0,0,114
ctc_phc-c2dh-u373_v1,PhC-C2DH-U373_01_t047_track6,ctc_frame,47.000000,PhC-C2DH-U373_01,ctc_tracking_centroid,625.000000,378.000000,0.000000,cell_centroid_motion,145.000000,0.000000,01_6,47,625.000000,378.000000,0.000000,145,01,CC-BY-4.0,ctc_phc_c2dh_u373,PhC-C2DH-U373,,0,0,114
ctc_phc-c2dh-u373_v1,PhC-C2DH-U373_01_t048_track1,ctc_frame,48.000000,PhC-C2DH-U373_01,ctc_tracking_centroid,108.000000,120.000000,0.000000,cell_centroid_motion,373.000000,0.000000,01_1,48,108.000000,120.000000,0.000000,373,01,CC-BY-4.0,ctc_phc_c2dh_u373,PhC-C2DH-U373,,0,0,114
ctc_phc-c2dh-u373_v1,PhC-C2DH-U373_01_t048_track2,ctc_frame,48.000000,PhC-C2DH-U373_01,ctc_tracking_centroid,207.000000,77.000000,0.000000,cell_centroid_motion,193.000000,0.000000,01_2,48,207.000000,77.000000,0.000000,193,01,CC-BY-4.0,ctc_phc_c2dh_u373,PhC-C2DH-U373,,0,0,114
ctc_phc-c2dh-u373_v1,PhC-C2DH-U373_01_t048_track3,ctc_frame,48.000000,PhC-C2DH-U373_01,ctc_tracking_centroid,250.000000,158.000000,0.000000,cell_centroid_motion,145.000000,0.000000,01_3,48,250.000000,158.000000,0.000000,145,01,CC-BY-4.0,ctc_phc_c2dh_u373,PhC-C2DH-U373,,0,0,114
ctc_phc-c2dh-u373_v1,PhC-C2DH-U373_01_t048_track4,ctc_frame,48.000000,PhC-C2DH-U373_01,ctc_tracking_centroid,403.000000,434.000000,0.000000,cell_centroid_motion,145.000000,0.000000,01_4,48,403.000000,434.000000,0.000000,145,01,CC-BY-4.0,ctc_phc_c2dh_u373,PhC-C2DH-U373,,0,0,114
ctc_phc-c2dh-u373_v1,PhC-C2DH-U373_01_t048_track5,ctc_frame,48.000000,PhC-C2DH-U373_01,ctc_tracking_centroid,164.000000,324.000000,0.000000,cell_centroid_motion,145.000000,0.000000,01_5,48,164.000000,324.000000,0.000000,145,01,CC-BY-4.0,ctc_phc_c2dh_u373,PhC-C2DH-U373,,0,0,114
ctc_phc-c2dh-u373_v1,PhC-C2DH-U373_01_t048_track6,ctc_frame,48.000000,PhC-C2DH-U373_01,ctc_tracking_centroid,627.000000,365.000000,0.000000,cell_centroid_motion,145.000000,0.000000,01_6,48,627.000000,365.000000,0.000000,145,01,CC-BY-4.0,ctc_phc_c2dh_u373,PhC-C2DH-U373,,0,0,114
ctc_phc-c2dh-u373_v1,PhC-C2DH-U373_01_t049_track1,ctc_frame,49.000000,PhC-C2DH-U373_01,ctc_tracking_centroid,108.000000,120.000000,0.000000,cell_centroid_motion,373.000000,0.000000,01_1,49,108.000000,120.000000,0.000000,373,01,CC-BY-4.0,ctc_phc_c2dh_u373,PhC-C2DH-U373,,0,0,114
ctc_phc-c2dh-u373_v1,PhC-C2DH-U373_01_t049_track2,ctc_frame,49.000000,PhC-C2DH-U373_01,ctc_tracking_centroid,213.000000,76.000000,0.000000,cell_centroid_motion,193.000000,0.000000,01_2,49,213.000000,76.000000,0.000000,193,01,CC-BY-4.0,ctc_phc_c2dh_u373,PhC-C2DH-U373,,0,0,114
ctc_phc-c2dh-u373_v1,PhC-C2DH-U373_01_t049_track3,ctc_frame,49.000000,PhC-C2DH-U373_01,ctc_tracking_centroid,250.000000,158.000000,0.000000,cell_centroid_motion,145.000000,0.000000,01_3,49,250.000000,158.000000,0.000000,145,01,CC-BY-4.0,ctc_phc_c2dh_u373,PhC-C2DH-U373,,0,0,114
ctc_phc-c2dh-u373_v1,PhC-C2DH-U373_01_t049_track4,ctc_frame,49.000000,PhC-C2DH-U373_01,ctc_tracking_centroid,413.500000,432.000000,0.000000,cell_centroid_motion,158.000000,0.000000,01_4,49,413.500000,432.000000,0.000000,158,01,CC-BY-4.0,ctc_phc_c2dh_u373,PhC-C2DH-U373,,0,0,114
ctc_phc-c2dh-u373_v1,PhC-C2DH-U373_01_t049_track5,ctc_frame,49.000000,PhC-C2DH-U373_01,ctc_tracking_centroid,160.380952,318.619048,0.000000,cell_centroid_motion,168.000000,0.000000,01_5,49,160.380952,318.619048,0.000000,168,01,CC-BY-4.0,ctc_phc_c2dh_u373,PhC-C2DH-U373,,0,0,114
ctc_phc-c2dh-u373_v1,PhC-C2DH-U373_01_t049_track6,ctc_frame,49.000000,PhC-C2DH-U373_01,ctc_tracking_centroid,631.000000,356.000000,0.000000,cell_centroid_motion,145.000000,0.000000,01_6,49,631.000000,356.000000,0.000000,145,01,CC-BY-4.0,ctc_phc_c2dh_u373,PhC-C2DH-U373,,0,0,114
ctc_phc-c2dh-u373_v1,PhC-C2DH-U373_01_t050_track1,ctc_frame,50.000000,PhC-C2DH-U373_01,ctc_tracking_centroid,108.000000,120.000000,0.000000,cell_centroid_motion,373.000000,0.000000,01_1,50,108.000000,120.000000,0.000000,373,01,CC-BY-4.0,ctc_phc_c2dh_u373,PhC-C2DH-U373,,0,0,114
ctc_phc-c2dh-u373_v1,PhC-C2DH-U373_01_t050_track2,ctc_frame,50.000000,PhC-C2DH-U373_01,ctc_tracking_centroid,213.000000,76.000000,0.000000,cell_centroid_motion,193.000000,0.000000,01_2,50,213.000000,76.000000,0.000000,193,01,CC-BY-4.0,ctc_phc_c2dh_u373,PhC-C2DH-U373,,0,0,114
ctc_phc-c2dh-u373_v1,PhC-C2DH-U373_01_t050_track3,ctc_frame,50.000000,PhC-C2DH-U373_01,ctc_tracking_centroid,250.000000,163.000000,0.000000,cell_centroid_motion,145.000000,0.000000,01_3,50,250.000000,163.000000,0.000000,145,01,CC-BY-4.0,ctc_phc_c2dh_u373,PhC-C2DH-U373,,0,0,114
ctc_phc-c2dh-u373_v1,PhC-C2DH-U373_01_t050_track4,ctc_frame,50.000000,PhC-C2DH-U373_01,ctc_tracking_centroid,414.000000,431.000000,0.000000,cell_centroid_motion,145.000000,0.000000,01_4,50,414.000000,431.000000,0.000000,145,01,CC-BY-4.0,ctc_phc_c2dh_u373,PhC-C2DH-U373,,0,0,114
ctc_phc-c2dh-u373_v1,PhC-C2DH-U373_01_t050_track5,ctc_frame,50.000000,PhC-C2DH-U373_01,ctc_tracking_centroid,157.000000,317.000000,0.000000,cell_centroid_motion,145.000000,0.000000,01_5,50,157.000000,317.000000,0.000000,145,01,CC-BY-4.0,ctc_phc_c2dh_u373,PhC-C2DH-U373,,0,0,114
ctc_phc-c2dh-u373_v1,PhC-C2DH-U373_01_t050_track6,ctc_frame,50.000000,PhC-C2DH-U373_01,ctc_tracking_centroid,632.000000,351.000000,0.000000,cell_centroid_motion,145.000000,0.000000,01_6,50,632.000000,351.000000,0.000000,145,01,CC-BY-4.0,ctc_phc_c2dh_u373,PhC-C2DH-U373,,0,0,114
ctc_phc-c2dh-u373_v1,PhC-C2DH-U373_01_t051_track1,ctc_frame,51.000000,PhC-C2DH-U373_01,ctc_tracking_centroid,108.000000,120.000000,0.000000,cell_centroid_motion,373.000000,0.000000,01_1,51,108.000000,120.000000,0.000000,373,01,CC-BY-4.0,ctc_phc_c2dh_u373,PhC-C2DH-U373,,0,0,114
ctc_phc-c2dh-u373_v1,PhC-C2DH-U373_01_t051_track2,ctc_frame,51.000000,PhC-C2DH-U373_01,ctc_tracking_centroid,217.000000,74.000000,0.000000,cell_centroid_motion,193.000000,0.000000,01_2,51,217.000000,74.000000,0.000000,193,01,CC-BY-4.0,ctc_phc_c2dh_u373,PhC-C2DH-U373,,0,0,114
ctc_phc-c2dh-u373_v1,PhC-C2DH-U373_01_t051_track3,ctc_frame,51.000000,PhC-C2DH-U373_01,ctc_tracking_centroid,250.000000,163.000000,0.000000,cell_centroid_motion,145.000000,0.000000,01_3,51,250.000000,163.000000,0.000000,145,01,CC-BY-4.0,ctc_phc_c2dh_u373,PhC-C2DH-U373,,0,0,114
ctc_phc-c2dh-u373_v1,PhC-C2DH-U373_01_t051_track4,ctc_frame,51.000000,PhC-C2DH-U373_01,ctc_tracking_centroid,415.500000,428.000000,0.000000,cell_centroid_motion,158.000000,0.000000,01_4,51,415.500000,428.000000,0.000000,158,01,CC-BY-4.0,ctc_phc_c2dh_u373,PhC-C2DH-U373,,0,0,114
ctc_phc-c2dh-u373_v1,PhC-C2DH-U373_01_t051_track5,ctc_frame,51.000000,PhC-C2DH-U373_01,ctc_tracking_centroid,157.000000,317.000000,0.000000,cell_centroid_motion,145.000000,0.000000,01_5,51,157.000000,317.000000,0.000000,145,01,CC-BY-4.0,ctc_phc_c2dh_u373,PhC-C2DH-U373,,0,0,114
ctc_phc-c2dh-u373_v1,PhC-C2DH-U373_01_t051_track6,ctc_frame,51.000000,PhC-C2DH-U373_01,ctc_tracking_centroid,627.000000,348.000000,0.000000,cell_centroid_motion,145.000000,0.000000,01_6,51,627.000000,348.000000,0.000000,145,01,CC-BY-4.0,ctc_phc_c2dh_u373,PhC-C2DH-U373,,0,0,114
ctc_phc-c2dh-u373_v1,PhC-C2DH-U373_01_t052_track1,ctc_frame,52.000000,PhC-C2DH-U373_01,ctc_tracking_centroid,108.000000,120.000000,0.000000,cell_centroid_motion,373.000000,0.000000,01_1,52,108.000000,120.000000,0.000000,373,01,CC-BY-4.0,ctc_phc_c2dh_u373,PhC-C2DH-U373,,0,0,114
ctc_phc-c2dh-u373_v1,PhC-C2DH-U373_01_t052_track2,ctc_frame,52.000000,PhC-C2DH-U373_01,ctc_tracking_centroid,217.000000,74.000000,0.000000,cell_centroid_motion,193.000000,0.000000,01_2,52,217.000000,74.000000,0.000000,193,01,CC-BY-4.0,ctc_phc_c2dh_u373,PhC-C2DH-U373,,0,0,114
ctc_phc-c2dh-u373_v1,PhC-C2DH-U373_01_t052_track3,ctc_frame,52.000000,PhC-C2DH-U373_01,ctc_tracking_centroid,246.000000,164.000000,0.000000,cell_centroid_motion,145.000000,0.000000,01_3,52,246.000000,164.000000,0.000000,145,01,CC-BY-4.0,ctc_phc_c2dh_u373,PhC-C2DH-U373,,0,0,114
ctc_phc-c2dh-u373_v1,PhC-C2DH-U373_01_t052_track4,ctc_frame,52.000000,PhC-C2DH-U373_01,ctc_tracking_centroid,421.500000,422.500000,0.000000,cell_centroid_motion,164.000000,0.000000,01_4,52,421.500000,422.500000,0.000000,164,01,CC-BY-4.0,ctc_phc_c2dh_u373,PhC-C2DH-U373,,0,0,114
ctc_phc-c2dh-u373_v1,PhC-C2DH-U373_01_t052_track5,ctc_frame,52.000000,PhC-C2DH-U373_01,ctc_tracking_centroid,144.000000,317.000000,0.000000,cell_centroid_motion,145.000000,0.000000,01_5,52,144.000000,317.000000,0.000000,145,01,CC-BY-4.0,ctc_phc_c2dh_u373,PhC-C2DH-U373,,0,0,114
ctc_phc-c2dh-u373_v1,PhC-C2DH-U373_01_t052_track6,ctc_frame,52.000000,PhC-C2DH-U373_01,ctc_tracking_centroid,627.000000,348.000000,0.000000,cell_centroid_motion,145.000000,0.000000,01_6,52,627.000000,348.000000,0.000000,145,01,CC-BY-4.0,ctc_phc_c2dh_u373,PhC-C2DH-U373,,0,0,114
ctc_phc-c2dh-u373_v1,PhC-C2DH-U373_01_t053_track1,ctc_frame,53.000000,PhC-C2DH-U373_01,ctc_tracking_centroid,127.000000,124.000000,0.000000,cell_centroid_motion,373.000000,0.000000,01_1,53,127.000000,124.000000,0.000000,373,01,CC-BY-4.0,ctc_phc_c2dh_u373,PhC-C2DH-U373,,0,0,114
ctc_phc-c2dh-u373_v1,PhC-C2DH-U373_01_t053_track2,ctc_frame,53.000000,PhC-C2DH-U373_01,ctc_tracking_centroid,217.000000,74.000000,0.000000,cell_centroid_motion,193.000000,0.000000,01_2,53,217.000000,74.000000,0.000000,193,01,CC-BY-4.0,ctc_phc_c2dh_u373,PhC-C2DH-U373,,0,0,114
ctc_phc-c2dh-u373_v1,PhC-C2DH-U373_01_t053_track3,ctc_frame,53.000000,PhC-C2DH-U373_01,ctc_tracking_centroid,248.000000,164.000000,0.000000,cell_centroid_motion,145.000000,0.000000,01_3,53,248.000000,164.000000,0.000000,145,01,CC-BY-4.0,ctc_phc_c2dh_u373,PhC-C2DH-U373,,0,0,114
ctc_phc-c2dh-u373_v1,PhC-C2DH-U373_01_t053_track4,ctc_frame,53.000000,PhC-C2DH-U373_01,ctc_tracking_centroid,424.000000,413.000000,0.000000,cell_centroid_motion,145.000000,0.000000,01_4,53,424.000000,413.000000,0.000000,145,01,CC-BY-4.0,ctc_phc_c2dh_u373,PhC-C2DH-U373,,0,0,114
ctc_phc-c2dh-u373_v1,PhC-C2DH-U373_01_t053_track5,ctc_frame,53.000000,PhC-C2DH-U373_01,ctc_tracking_centroid,144.000000,317.000000,0.000000,cell_centroid_motion,145.000000,0.000000,01_5,53,144.000000,317.000000,0.000000,145,01,CC-BY-4.0,ctc_phc_c2dh_u373,PhC-C2DH-U373,,0,0,114
ctc_phc-c2dh-u373_v1,PhC-C2DH-U373_01_t053_track6,ctc_frame,53.000000,PhC-C2DH-U373_01,ctc_tracking_centroid,627.000000,349.000000,0.000000,cell_centroid_motion,145.000000,0.000000,01_6,53,627.000000,349.000000,0.000000,145,01,CC-BY-4.0,ctc_phc_c2dh_u373,PhC-C2DH-U373,,0,0,114
ctc_phc-c2dh-u373_v1,PhC-C2DH-U373_01_t054_track1,ctc_frame,54.000000,PhC-C2DH-U373_01,ctc_tracking_centroid,130.000000,126.000000,0.000000,cell_centroid_motion,305.000000,0.000000,01_1,54,130.000000,126.000000,0.000000,305,01,CC-BY-4.0,ctc_phc_c2dh_u373,PhC-C2DH-U373,,0,0,114
ctc_phc-c2dh-u373_v1,PhC-C2DH-U373_01_t054_track2,ctc_frame,54.000000,PhC-C2DH-U373_01,ctc_tracking_centroid,217.000000,74.000000,0.000000,cell_centroid_motion,193.000000,0.000000,01_2,54,217.000000,74.000000,0.000000,193,01,CC-BY-4.0,ctc_phc_c2dh_u373,PhC-C2DH-U373,,0,0,114
ctc_phc-c2dh-u373_v1,PhC-C2DH-U373_01_t054_track3,ctc_frame,54.000000,PhC-C2DH-U373_01,ctc_tracking_centroid,250.000000,164.000000,0.000000,cell_centroid_motion,145.000000,0.000000,01_3,54,250.000000,164.000000,0.000000,145,01,CC-BY-4.0,ctc_phc_c2dh_u373,PhC-C2DH-U373,,0,0,114
ctc_phc-c2dh-u373_v1,PhC-C2DH-U373_01_t054_track4,ctc_frame,54.000000,PhC-C2DH-U373_01,ctc_tracking_centroid,426.000000,406.000000,0.000000,cell_centroid_motion,145.000000,0.000000,01_4,54,426.000000,406.000000,0.000000,145,01,CC-BY-4.0,ctc_phc_c2dh_u373,PhC-C2DH-U373,,0,0,114
ctc_phc-c2dh-u373_v1,PhC-C2DH-U373_01_t054_track5,ctc_frame,54.000000,PhC-C2DH-U373_01,ctc_tracking_centroid,144.000000,317.000000,0.000000,cell_centroid_motion,145.000000,0.000000,01_5,54,144.000000,317.000000,0.000000,145,01,CC-BY-4.0,ctc_phc_c2dh_u373,PhC-C2DH-U373,,0,0,114
ctc_phc-c2dh-u373_v1,PhC-C2DH-U373_01_t054_track6,ctc_frame,54.000000,PhC-C2DH-U373_01,ctc_tracking_centroid,619.000000,351.000000,0.000000,cell_centroid_motion,145.000000,0.000000,01_6,54,619.000000,351.000000,0.000000,145,01,CC-BY-4.0,ctc_phc_c2dh_u373,PhC-C2DH-U373,,0,0,114
ctc_phc-c2dh-u373_v1,PhC-C2DH-U373_01_t054_track8,ctc_frame,54.000000,PhC-C2DH-U373_01,ctc_tracking_centroid,101.000000,469.000000,0.000000,cell_centroid_motion,25.000000,0.000000,01_8,54,101.000000,469.000000,0.000000,25,01,CC-BY-4.0,ctc_phc_c2dh_u373,PhC-C2DH-U373,,7,54,114
ctc_phc-c2dh-u373_v1,PhC-C2DH-U373_01_t055_track1,ctc_frame,55.000000,PhC-C2DH-U373_01,ctc_tracking_centroid,130.000000,126.000000,0.000000,cell_centroid_motion,249.000000,0.000000,01_1,55,130.000000,126.000000,0.000000,249,01,CC-BY-4.0,ctc_phc_c2dh_u373,PhC-C2DH-U373,,0,0,114
ctc_phc-c2dh-u373_v1,PhC-C2DH-U373_01_t055_track2,ctc_frame,55.000000,PhC-C2DH-U373_01,ctc_tracking_centroid,217.000000,74.000000,0.000000,cell_centroid_motion,193.000000,0.000000,01_2,55,217.000000,74.000000,0.000000,193,01,CC-BY-4.0,ctc_phc_c2dh_u373,PhC-C2DH-U373,,0,0,114
ctc_phc-c2dh-u373_v1,PhC-C2DH-U373_01_t055_track3,ctc_frame,55.000000,PhC-C2DH-U373_01,ctc_tracking_centroid,251.000000,164.000000,0.000000,cell_centroid_motion,145.000000,0.000000,01_3,55,251.000000,164.000000,0.000000,145,01,CC-BY-4.0,ctc_phc_c2dh_u373,PhC-C2DH-U373,,0,0,114
ctc_phc-c2dh-u373_v1,PhC-C2DH-U373_01_t055_track4,ctc_frame,55.000000,PhC-C2DH-U373_01,ctc_tracking_centroid,426.500000,399.000000,0.000000,cell_centroid_motion,158.000000,0.000000,01_4,55,426.500000,399.000000,0.000000,158,01,CC-BY-4.0,ctc_phc_c2dh_u373,PhC-C2DH-U373,,0,0,114
ctc_phc-c2dh-u373_v1,PhC-C2DH-U373_01_t055_track5,ctc_frame,55.000000,PhC-C2DH-U373_01,ctc_tracking_centroid,141.619048,312.619048,0.000000,cell_centroid_motion,168.000000,0.000000,01_5,55,141.619048,312.619048,0.000000,168,01,CC-BY-4.0,ctc_phc_c2dh_u373,PhC-C2DH-U373,,0,0,114
ctc_phc-c2dh-u373_v1,PhC-C2DH-U373_01_t055_track6,ctc_frame,55.000000,PhC-C2DH-U373_01,ctc_tracking_centroid,619.000000,351.000000,0.000000,cell_centroid_motion,145.000000,0.000000,01_6,55,619.000000,351.000000,0.000000,145,01,CC-BY-4.0,ctc_phc_c2dh_u373,PhC-C2DH-U373,,0,0,114
ctc_phc-c2dh-u373_v1,PhC-C2DH-U373_01_t055_track8,ctc_frame,55.000000,PhC-C2DH-U373_01,ctc_tracking_centroid,104.000000,469.000000,0.000000,cell_centroid_motion,25.000000,0.000000,01_8,55,104.000000,469.000000,0.000000,25,01,CC-BY-4.0,ctc_phc_c2dh_u373,PhC-C2DH-U373,,7,54,114
ctc_phc-c2dh-u373_v1,PhC-C2DH-U373_01_t056_track1,ctc_frame,56.000000,PhC-C2DH-U373_01,ctc_tracking_centroid,127.000000,126.000000,0.000000,cell_centroid_motion,249.000000,0.000000,01_1,56,127.000000,126.000000,0.000000,249,01,CC-BY-4.0,ctc_phc_c2dh_u373,PhC-C2DH-U373,,0,0,114
ctc_phc-c2dh-u373_v1,PhC-C2DH-U373_01_t056_track2,ctc_frame,56.000000,PhC-C2DH-U373_01,ctc_tracking_centroid,217.000000,74.000000,0.000000,cell_centroid_motion,193.000000,0.000000,01_2,56,217.000000,74.000000,0.000000,193,01,CC-BY-4.0,ctc_phc_c2dh_u373,PhC-C2DH-U373,,0,0,114
ctc_phc-c2dh-u373_v1,PhC-C2DH-U373_01_t056_track3,ctc_frame,56.000000,PhC-C2DH-U373_01,ctc_tracking_centroid,251.000000,164.000000,0.000000,cell_centroid_motion,145.000000,0.000000,01_3,56,251.000000,164.000000,0.000000,145,01,CC-BY-4.0,ctc_phc_c2dh_u373,PhC-C2DH-U373,,0,0,114
ctc_phc-c2dh-u373_v1,PhC-C2DH-U373_01_t056_track4,ctc_frame,56.000000,PhC-C2DH-U373_01,ctc_tracking_centroid,429.000000,394.000000,0.000000,cell_centroid_motion,145.000000,0.000000,01_4,56,429.000000,394.000000,0.000000,145,01,CC-BY-4.0,ctc_phc_c2dh_u373,PhC-C2DH-U373,,0,0,114
ctc_phc-c2dh-u373_v1,PhC-C2DH-U373_01_t056_track5,ctc_frame,56.000000,PhC-C2DH-U373_01,ctc_tracking_centroid,142.500000,310.500000,0.000000,cell_centroid_motion,164.000000,0.000000,01_5,56,142.500000,310.500000,0.000000,164,01,CC-BY-4.0,ctc_phc_c2dh_u373,PhC-C2DH-U373,,0,0,114
ctc_phc-c2dh-u373_v1,PhC-C2DH-U373_01_t056_track6,ctc_frame,56.000000,PhC-C2DH-U373_01,ctc_tracking_centroid,619.000000,351.000000,0.000000,cell_centroid_motion,145.000000,0.000000,01_6,56,619.000000,351.000000,0.000000,145,01,CC-BY-4.0,ctc_phc_c2dh_u373,PhC-C2DH-U373,,0,0,114
ctc_phc-c2dh-u373_v1,PhC-C2DH-U373_01_t056_track8,ctc_frame,56.000000,PhC-C2DH-U373_01,ctc_tracking_centroid,104.000000,466.000000,0.000000,cell_centroid_motion,25.000000,0.000000,01_8,56,104.000000,466.000000,0.000000,25,01,CC-BY-4.0,ctc_phc_c2dh_u373,PhC-C2DH-U373,,7,54,114
ctc_phc-c2dh-u373_v1,PhC-C2DH-U373_01_t057_track1,ctc_frame,57.000000,PhC-C2DH-U373_01,ctc_tracking_centroid,127.000000,126.000000,0.000000,cell_centroid_motion,249.000000,0.000000,01_1,57,127.000000,126.000000,0.000000,249,01,CC-BY-4.0,ctc_phc_c2dh_u373,PhC-C2DH-U373,,0,0,114
ctc_phc-c2dh-u373_v1,PhC-C2DH-U373_01_t057_track2,ctc_frame,57.000000,PhC-C2DH-U373_01,ctc_tracking_centroid,220.000000,77.000000,0.000000,cell_centroid_motion,193.000000,0.000000,01_2,57,220.000000,77.000000,0.000000,193,01,CC-BY-4.0,ctc_phc_c2dh_u373,PhC-C2DH-U373,,0,0,114
ctc_phc-c2dh-u373_v1,PhC-C2DH-U373_01_t057_track3,ctc_frame,57.000000,PhC-C2DH-U373_01,ctc_tracking_centroid,251.000000,164.000000,0.000000,cell_centroid_motion,145.000000,0.000000,01_3,57,251.000000,164.000000,0.000000,145,01,CC-BY-4.0,ctc_phc_c2dh_u373,PhC-C2DH-U373,,0,0,114
ctc_phc-c2dh-u373_v1,PhC-C2DH-U373_01_t057_track4,ctc_frame,57.000000,PhC-C2DH-U373_01,ctc_tracking_centroid,430.000000,388.000000,0.000000,cell_centroid_motion,145.000000,0.000000,01_4,57,430.000000,388.000000,0.000000,145,01,CC-BY-4.0,ctc_phc_c2dh_u373,PhC-C2DH-U373,,0,0,114
ctc_phc-c2dh-u373_v1,PhC-C2DH-U373_01_t057_track5,ctc_frame,57.000000,PhC-C2DH-U373_01,ctc_tracking_centroid,145.000000,299.000000,0.000000,cell_centroid_motion,145.000000,0.000000,01_5,57,145.000000,299.000000,0.000000,145,01,CC-BY-4.0,ctc_phc_c2dh_u373,PhC-C2DH-U373,,0,0,114
ctc_phc-c2dh-u373_v1,PhC-C2DH-U373_01_t057_track6,ctc_frame,57.000000,PhC-C2DH-U373_01,ctc_tracking_centroid,618.000000,351.500000,0.000000,cell_centroid_motion,158.000000,0.000000,01_6,57,618.000000,351.500000,0.000000,158,01,CC-BY-4.0,ctc_phc_c2dh_u373,PhC-C2DH-U373,,0,0,114
ctc_phc-c2dh-u373_v1,PhC-C2DH-U373_01_t057_track8,ctc_frame,57.000000,PhC-C2DH-U373_01,ctc_tracking_centroid,103.000000,466.000000,0.000000,cell_centroid_motion,25.000000,0.000000,01_8,57,103.000000,466.000000,0.000000,25,01,CC-BY-4.0,ctc_phc_c2dh_u373,PhC-C2DH-U373,,7,54,114
ctc_phc-c2dh-u373_v1,PhC-C2DH-U373_01_t058_track1,ctc_frame,58.000000,PhC-C2DH-U373_01,ctc_tracking_centroid,127.000000,126.000000,0.000000,cell_centroid_motion,249.000000,0.000000,01_1,58,127.000000,126.000000,0.000000,249,01,CC-BY-4.0,ctc_phc_c2dh_u373,PhC-C2DH-U373,,0,0,114
ctc_phc-c2dh-u373_v1,PhC-C2DH-U373_01_t058_track2,ctc_frame,58.000000,PhC-C2DH-U373_01,ctc_tracking_centroid,220.604545,77.395455,0.000000,cell_centroid_motion,220.000000,0.000000,01_2,58,220.604545,77.395455,0.000000,220,01,CC-BY-4.0,ctc_phc_c2dh_u373,PhC-C2DH-U373,,0,0,114
ctc_phc-c2dh-u373_v1,PhC-C2DH-U373_01_t058_track3,ctc_frame,58.000000,PhC-C2DH-U373_01,ctc_tracking_centroid,258.000000,170.000000,0.000000,cell_centroid_motion,145.000000,0.000000,01_3,58,258.000000,170.000000,0.000000,145,01,CC-BY-4.0,ctc_phc_c2dh_u373,PhC-C2DH-U373,,0,0,114
ctc_phc-c2dh-u373_v1,PhC-C2DH-U373_01_t058_track4,ctc_frame,58.000000,PhC-C2DH-U373_01,ctc_tracking_centroid,431.000000,383.000000,0.000000,cell_centroid_motion,145.000000,0.000000,01_4,58,431.000000,383.000000,0.000000,145,01,CC-BY-4.0,ctc_phc_c2dh_u373,PhC-C2DH-U373,,0,0,114
ctc_phc-c2dh-u373_v1,PhC-C2DH-U373_01_t058_track5,ctc_frame,58.000000,PhC-C2DH-U373_01,ctc_tracking_centroid,146.500000,297.500000,0.000000,cell_centroid_motion,164.000000,0.000000,01_5,58,146.500000,297.500000,0.000000,164,01,CC-BY-4.0,ctc_phc_c2dh_u373,PhC-C2DH-U373,,0,0,114
ctc_phc-c2dh-u373_v1,PhC-C2DH-U373_01_t058_track6,ctc_frame,58.000000,PhC-C2DH-U373_01,ctc_tracking_centroid,618.000000,352.000000,0.000000,cell_centroid_motion,145.000000,0.000000,01_6,58,618.000000,352.000000,0.000000,145,01,CC-BY-4.0,ctc_phc_c2dh_u373,PhC-C2DH-U373,,0,0,114
ctc_phc-c2dh-u373_v1,PhC-C2DH-U373_01_t058_track8,ctc_frame,58.000000,PhC-C2DH-U373_01,ctc_tracking_centroid,101.000000,463.000000,0.000000,cell_centroid_motion,25.000000,0.000000,01_8,58,101.000000,463.000000,0.000000,25,01,CC-BY-4.0,ctc_phc_c2dh_u373,PhC-C2DH-U373,,7,54,114
ctc_phc-c2dh-u373_v1,PhC-C2DH-U373_01_t059_track1,ctc_frame,59.000000,PhC-C2DH-U373_01,ctc_tracking_centroid,127.000000,126.000000,0.000000,cell_centroid_motion,249.000000,0.000000,01_1,59,127.000000,126.000000,0.000000,249,01,CC-BY-4.0,ctc_phc_c2dh_u373,PhC-C2DH-U373,,0,0,114
ctc_phc-c2dh-u373_v1,PhC-C2DH-U373_01_t059_track2,ctc_frame,59.000000,PhC-C2DH-U373_01,ctc_tracking_centroid,222.000000,77.000000,0.000000,cell_centroid_motion,193.000000,0.000000,01_2,59,222.000000,77.000000,0.000000,193,01,CC-BY-4.0,ctc_phc_c2dh_u373,PhC-C2DH-U373,,0,0,114
ctc_phc-c2dh-u373_v1,PhC-C2DH-U373_01_t059_track3,ctc_frame,59.000000,PhC-C2DH-U373_01,ctc_tracking_centroid,258.000000,169.000000,0.000000,cell_centroid_motion,145.000000,0.000000,01_3,59,258.000000,169.000000,0.000000,145,01,CC-BY-4.0,ctc_phc_c2dh_u373,PhC-C2DH-U373,,0,0,114
ctc_phc-c2dh-u373_v1,PhC-C2DH-U373_01_t059_track4,ctc_frame,59.000000,PhC-C2DH-U373_01,ctc_tracking_centroid,431.000000,376.000000,0.000000,cell_centroid_motion,145.000000,0.000000,01_4,59,431.000000,376.000000,0.000000,145,01,CC-BY-4.0,ctc_phc_c2dh_u373,PhC-C2DH-U373,,0,0,114
ctc_phc-c2dh-u373_v1,PhC-C2DH-U373_01_t059_track5,ctc_frame,59.000000,PhC-C2DH-U373_01,ctc_tracking_centroid,147.500000,287.000000,0.000000,cell_centroid_motion,158.000000,0.000000,01_5,59,147.500000,287.000000,0.000000,158,01,CC-BY-4.0,ctc_phc_c2dh_u373,PhC-C2DH-U373,,0,0,114
ctc_phc-c2dh-u373_v1,PhC-C2DH-U373_01_t059_track6,ctc_frame,59.000000,PhC-C2DH-U373_01,ctc_tracking_centroid,618.000000,352.000000,0.000000,cell_centroid_motion,145.000000,0.000000,01_6,59,618.000000,352.000000,0.000000,145,01,CC-BY-4.0,ctc_phc_c2dh_u373,PhC-C2DH-U373,,0,0,114
ctc_phc-c2dh-u373_v1,PhC-C2DH-U373_01_t059_track8,ctc_frame,59.000000,PhC-C2DH-U373_01,ctc_tracking_centroid,95.000000,465.000000,0.000000,cell_centroid_motion,25.000000,0.000000,01_8,59,95.000000,465.000000,0.000000,25,01,CC-BY-4.0,ctc_phc_c2dh_u373,PhC-C2DH-U373,,7,54,114
ctc_phc-c2dh-u373_v1,PhC-C2DH-U373_01_t060_track1,ctc_frame,60.000000,PhC-C2DH-U373_01,ctc_tracking_centroid,127.000000,126.000000,0.000000,cell_centroid_motion,249.000000,0.000000,01_1,60,127.000000,126.000000,0.000000,249,01,CC-BY-4.0,ctc_phc_c2dh_u373,PhC-C2DH-U373,,0,0,114
ctc_phc-c2dh-u373_v1,PhC-C2DH-U373_01_t060_track2,ctc_frame,60.000000,PhC-C2DH-U373_01,ctc_tracking_centroid,222.000000,75.000000,0.000000,cell_centroid_motion,193.000000,0.000000,01_2,60,222.000000,75.000000,0.000000,193,01,CC-BY-4.0,ctc_phc_c2dh_u373,PhC-C2DH-U373,,0,0,114
ctc_phc-c2dh-u373_v1,PhC-C2DH-U373_01_t060_track3,ctc_frame,60.000000,PhC-C2DH-U373_01,ctc_tracking_centroid,262.000000,162.000000,0.000000,cell_centroid_motion,145.000000,0.000000,01_3,60,262.000000,162.000000,0.000000,145,01,CC-BY-4.0,ctc_phc_c2dh_u373,PhC-C2DH-U373,,0,0,114
ctc_phc-c2dh-u373_v1,PhC-C2DH-U373_01_t060_track4,ctc_frame,60.000000,PhC-C2DH-U373_01,ctc_tracking_centroid,425.983051,370.536723,0.000000,cell_centroid_motion,177.000000,0.000000,01_4,60,425.983051,370.536723,0.000000,177,01,CC-BY-4.0,ctc_phc_c2dh_u373,PhC-C2DH-U373,,0,0,114
ctc_phc-c2dh-u373_v1,PhC-C2DH-U373_01_t060_track5,ctc_frame,60.000000,PhC-C2DH-U373_01,ctc_tracking_centroid,146.000000,282.000000,0.000000,cell_centroid_motion,145.000000,0.000000,01_5,60,146.000000,282.000000,0.000000,145,01,CC-BY-4.0,ctc_phc_c2dh_u373,PhC-C2DH-U373,,0,0,114
ctc_phc-c2dh-u373_v1,PhC-C2DH-U373_01_t060_track6,ctc_frame,60.000000,PhC-C2DH-U373_01,ctc_tracking_centroid,618.000000,352.000000,0.000000,cell_centroid_motion,145.000000,0.000000,01_6,60,618.000000,352.000000,0.000000,145,01,CC-BY-4.0,ctc_phc_c2dh_u373,PhC-C2DH-U373,,0,0,114
ctc_phc-c2dh-u373_v1,PhC-C2DH-U373_01_t060_track8,ctc_frame,60.000000,PhC-C2DH-U373_01,ctc_tracking_centroid,98.000000,464.000000,0.000000,cell_centroid_motion,25.000000,0.000000,01_8,60,98.000000,464.000000,0.000000,25,01,CC-BY-4.0,ctc_phc_c2dh_u373,PhC-C2DH-U373,,7,54,114
ctc_phc-c2dh-u373_v1,PhC-C2DH-U373_01_t061_track1,ctc_frame,61.000000,PhC-C2DH-U373_01,ctc_tracking_centroid,127.000000,126.000000,0.000000,cell_centroid_motion,249.000000,0.000000,01_1,61,127.000000,126.000000,0.000000,249,01,CC-BY-4.0,ctc_phc_c2dh_u373,PhC-C2DH-U373,,0,0,114
ctc_phc-c2dh-u373_v1,PhC-C2DH-U373_01_t061_track2,ctc_frame,61.000000,PhC-C2DH-U373_01,ctc_tracking_centroid,222.500000,74.000000,0.000000,cell_centroid_motion,208.000000,0.000000,01_2,61,222.500000,74.000000,0.000000,208,01,CC-BY-4.0,ctc_phc_c2dh_u373,PhC-C2DH-U373,,0,0,114
ctc_phc-c2dh-u373_v1,PhC-C2DH-U373_01_t061_track3,ctc_frame,61.000000,PhC-C2DH-U373_01,ctc_tracking_centroid,262.000000,162.000000,0.000000,cell_centroid_motion,145.000000,0.000000,01_3,61,262.000000,162.000000,0.000000,145,01,CC-BY-4.0,ctc_phc_c2dh_u373,PhC-C2DH-U373,,0,0,114
ctc_phc-c2dh-u373_v1,PhC-C2DH-U373_01_t061_track4,ctc_frame,61.000000,PhC-C2DH-U373_01,ctc_tracking_centroid,413.955665,366.596059,0.000000,cell_centroid_motion,203.000000,0.000000,01_4,61,413.955665,366.596059,0.000000,203,01,CC-BY-4.0,ctc_phc_c2dh_u373,PhC-C2DH-U373,,0,0,114
ctc_phc-c2dh-u373_v1,PhC-C2DH-U373_01_t061_track5,ctc_frame,61.000000,PhC-C2DH-U373_01,ctc_tracking_centroid,143.000000,273.000000,0.000000,cell_centroid_motion,145.000000,0.000000,01_5,61,143.000000,273.000000,0.000000,145,01,CC-BY-4.0,ctc_phc_c2dh_u373,PhC-C2DH-U373,,0,0,114
ctc_phc-c2dh-u373_v1,PhC-C2DH-U373_01_t061_track6,ctc_frame,61.000000,PhC-C2DH-U373_01,ctc_tracking_centroid,618.000000,352.000000,0.000000,cell_centroid_motion,145.000000,0.000000,01_6,61,618.000000,352.000000,0.000000,145,01,CC-BY-4.0,ctc_phc_c2dh_u373,PhC-C2DH-U373,,0,0,114
ctc_phc-c2dh-u373_v1,PhC-C2DH-U373_01_t061_track8,ctc_frame,61.000000,PhC-C2DH-U373_01,ctc_tracking_centroid,96.000000,457.000000,0.000000,cell_centroid_motion,25.000000,0.000000,01_8,61,96.000000,457.000000,0.000000,25,01,CC-BY-4.0,ctc_phc_c2dh_u373,PhC-C2DH-U373,,7,54,114
ctc_phc-c2dh-u373_v1,PhC-C2DH-U373_01_t062_track1,ctc_frame,62.000000,PhC-C2DH-U373_01,ctc_tracking_centroid,127.000000,126.000000,0.000000,cell_centroid_motion,249.000000,0.000000,01_1,62,127.000000,126.000000,0.000000,249,01,CC-BY-4.0,ctc_phc_c2dh_u373,PhC-C2DH-U373,,0,0,114
ctc_phc-c2dh-u373_v1,PhC-C2DH-U373_01_t062_track2,ctc_frame,62.000000,PhC-C2DH-U373_01,ctc_tracking_centroid,223.000000,74.000000,0.000000,cell_centroid_motion,193.000000,0.000000,01_2,62,223.000000,74.000000,0.000000,193,01,CC-BY-4.0,ctc_phc_c2dh_u373,PhC-C2DH-U373,,0,0,114
ctc_phc-c2dh-u373_v1,PhC-C2DH-U373_01_t062_track3,ctc_frame,62.000000,PhC-C2DH-U373_01,ctc_tracking_centroid,262.000000,162.000000,0.000000,cell_centroid_motion,145.000000,0.000000,01_3,62,262.000000,162.000000,0.000000,145,01,CC-BY-4.0,ctc_phc_c2dh_u373,PhC-C2DH-U373,,0,0,114
ctc_phc-c2dh-u373_v1,PhC-C2DH-U373_01_t062_track4,ctc_frame,62.000000,PhC-C2DH-U373_01,ctc_tracking_centroid,408.000000,363.000000,0.000000,cell_centroid_motion,145.000000,0.000000,01_4,62,408.000000,363.000000,0.000000,145,01,CC-BY-4.0,ctc_phc_c2dh_u373,PhC-C2DH-U373,,0,0,114
ctc_phc-c2dh-u373_v1,PhC-C2DH-U373_01_t062_track5,ctc_frame,62.000000,PhC-C2DH-U373_01,ctc_tracking_centroid,144.380952,272.380952,0.000000,cell_centroid_motion,168.000000,0.000000,01_5,62,144.380952,272.380952,0.000000,168,01,CC-BY-4.0,ctc_phc_c2dh_u373,PhC-C2DH-U373,,0,0,114
ctc_phc-c2dh-u373_v1,PhC-C2DH-U373_01_t062_track6,ctc_frame,62.000000,PhC-C2DH-U373_01,ctc_tracking_centroid,618.000000,352.000000,0.000000,cell_centroid_motion,145.000000,0.000000,01_6,62,618.000000,352.000000,0.000000,145,01,CC-BY-4.0,ctc_phc_c2dh_u373,PhC-C2DH-U373,,0,0,114
ctc_phc-c2dh-u373_v1,PhC-C2DH-U373_01_t062_track8,ctc_frame,62.000000,PhC-C2DH-U373_01,ctc_tracking_centroid,93.000000,457.000000,0.000000,cell_centroid_motion,25.000000,0.000000,01_8,62,93.000000,457.000000,0.000000,25,01,CC-BY-4.0,ctc_phc_c2dh_u373,PhC-C2DH-U373,,7,54,114
ctc_phc-c2dh-u373_v1,PhC-C2DH-U373_01_t063_track1,ctc_frame,63.000000,PhC-C2DH-U373_01,ctc_tracking_centroid,127.000000,126.000000,0.000000,cell_centroid_motion,249.000000,0.000000,01_1,63,127.000000,126.000000,0.000000,249,01,CC-BY-4.0,ctc_phc_c2dh_u373,PhC-C2DH-U373,,0,0,114
ctc_phc-c2dh-u373_v1,PhC-C2DH-U373_01_t063_track2,ctc_frame,63.000000,PhC-C2DH-U373_01,ctc_tracking_centroid,224.000000,68.000000,0.000000,cell_centroid_motion,193.000000,0.000000,01_2,63,224.000000,68.000000,0.000000,193,01,CC-BY-4.0,ctc_phc_c2dh_u373,PhC-C2DH-U373,,0,0,114
ctc_phc-c2dh-u373_v1,PhC-C2DH-U373_01_t063_track3,ctc_frame,63.000000,PhC-C2DH-U373_01,ctc_tracking_centroid,262.000000,162.000000,0.000000,cell_centroid_motion,145.000000,0.000000,01_3,63,262.000000,162.000000,0.000000,145,01,CC-BY-4.0,ctc_phc_c2dh_u373,PhC-C2DH-U373,,0,0,114
ctc_phc-c2dh-u373_v1,PhC-C2DH-U373_01_t063_track4,ctc_frame,63.000000,PhC-C2DH-U373_01,ctc_tracking_centroid,410.000000,356.000000,0.000000,cell_centroid_motion,145.000000,0.000000,01_4,63,410.000000,356.000000,0.000000,145,01,CC-BY-4.0,ctc_phc_c2dh_u373,PhC-C2DH-U373,,0,0,114
ctc_phc-c2dh-u373_v1,PhC-C2DH-U373_01_t063_track5,ctc_frame,63.000000,PhC-C2DH-U373_01,ctc_tracking_centroid,145.000000,269.000000,0.000000,cell_centroid_motion,145.000000,0.000000,01_5,63,145.000000,269.000000,0.000000,145,01,CC-BY-4.0,ctc_phc_c2dh_u373,PhC-C2DH-U373,,0,0,114
ctc_phc-c2dh-u373_v1,PhC-C2DH-U373_01_t063_track6,ctc_frame,63.000000,PhC-C2DH-U373_01,ctc_tracking_centroid,615.500000,352.000000,0.000000,cell_centroid_motion,210.000000,0.000000,01_6,63,615.500000,352.000000,0.000000,210,01,CC-BY-4.0,ctc_phc_c2dh_u373,PhC-C2DH-U373,,0,0,114
ctc_phc-c2dh-u373_v1,PhC-C2DH-U373_01_t063_track8,ctc_frame,63.000000,PhC-C2DH-U373_01,ctc_tracking_centroid,101.000000,456.000000,0.000000,cell_centroid_motion,25.000000,0.000000,01_8,63,101.000000,456.000000,0.000000,25,01,CC-BY-4.0,ctc_phc_c2dh_u373,PhC-C2DH-U373,,7,54,114
ctc_phc-c2dh-u373_v1,PhC-C2DH-U373_01_t064_track1,ctc_frame,64.000000,PhC-C2DH-U373_01,ctc_tracking_centroid,127.000000,126.000000,0.000000,cell_centroid_motion,249.000000,0.000000,01_1,64,127.000000,126.000000,0.000000,249,01,CC-BY-4.0,ctc_phc_c2dh_u373,PhC-C2DH-U373,,0,0,114
ctc_phc-c2dh-u373_v1,PhC-C2DH-U373_01_t064_track2,ctc_frame,64.000000,PhC-C2DH-U373_01,ctc_tracking_centroid,225.000000,65.000000,0.000000,cell_centroid_motion,193.000000,0.000000,01_2,64,225.000000,65.000000,0.000000,193,01,CC-BY-4.0,ctc_phc_c2dh_u373,PhC-C2DH-U373,,0,0,114
ctc_phc-c2dh-u373_v1,PhC-C2DH-U373_01_t064_track3,ctc_frame,64.000000,PhC-C2DH-U373_01,ctc_tracking_centroid,262.000000,163.000000,0.000000,cell_centroid_motion,145.000000,0.000000,01_3,64,262.000000,163.000000,0.000000,145,01,CC-BY-4.0,ctc_phc_c2dh_u373,PhC-C2DH-U373,,0,0,114
ctc_phc-c2dh-u373_v1,PhC-C2DH-U373_01_t064_track4,ctc_frame,64.000000,PhC-C2DH-U373_01,ctc_tracking_centroid,405.000000,349.000000,0.000000,cell_centroid_motion,197.000000,0.000000,01_4,64,405.000000,349.000000,0.000000,197,01,CC-BY-4.0,ctc_phc_c2dh_u373,PhC-C2DH-U373,,0,0,114
ctc_phc-c2dh-u373_v1,PhC-C2DH-U373_01_t064_track5,ctc_frame,64.000000,PhC-C2DH-U373_01,ctc_tracking_centroid,146.000000,269.000000,0.000000,cell_centroid_motion,145.000000,0.000000,01_5,64,146.000000,269.000000,0.000000,145,01,CC-BY-4.0,ctc_phc_c2dh_u373,PhC-C2DH-U373,,0,0,114
ctc_phc-c2dh-u373_v1,PhC-C2DH-U373_01_t064_track6,ctc_frame,64.000000,PhC-C2DH-U373_01,ctc_tracking_centroid,601.500000,353.000000,0.000000,cell_centroid_motion,158.000000,0.000000,01_6,64,601.500000,353.000000,0.000000,158,01,CC-BY-4.0,ctc_phc_c2dh_u373,PhC-C2DH-U373,,0,0,114
ctc_phc-c2dh-u373_v1,PhC-C2DH-U373_01_t064_track8,ctc_frame,64.000000,PhC-C2DH-U373_01,ctc_tracking_centroid,105.000000,455.000000,0.000000,cell_centroid_motion,25.000000,0.000000,01_8,64,105.000000,455.000000,0.000000,25,01,CC-BY-4.0,ctc_phc_c2dh_u373,PhC-C2DH-U373,,7,54,114
ctc_phc-c2dh-u373_v1,PhC-C2DH-U373_01_t065_track1,ctc_frame,65.000000,PhC-C2DH-U373_01,ctc_tracking_centroid,127.000000,126.000000,0.000000,cell_centroid_motion,249.000000,0.000000,01_1,65,127.000000,126.000000,0.000000,249,01,CC-BY-4.0,ctc_phc_c2dh_u373,PhC-C2DH-U373,,0,0,114
ctc_phc-c2dh-u373_v1,PhC-C2DH-U373_01_t065_track2,ctc_frame,65.000000,PhC-C2DH-U373_01,ctc_tracking_centroid,226.500000,60.000000,0.000000,cell_centroid_motion,208.000000,0.000000,01_2,65,226.500000,60.000000,0.000000,208,01,CC-BY-4.0,ctc_phc_c2dh_u373,PhC-C2DH-U373,,0,0,114
ctc_phc-c2dh-u373_v1,PhC-C2DH-U373_01_t065_track3,ctc_frame,65.000000,PhC-C2DH-U373_01,ctc_tracking_centroid,262.000000,164.000000,0.000000,cell_centroid_motion,145.000000,0.000000,01_3,65,262.000000,164.000000,0.000000,145,01,CC-BY-4.0,ctc_phc_c2dh_u373,PhC-C2DH-U373,,0,0,114
ctc_phc-c2dh-u373_v1,PhC-C2DH-U373_01_t065_track4,ctc_frame,65.000000,PhC-C2DH-U373_01,ctc_tracking_centroid,386.589520,350.532751,0.000000,cell_centroid_motion,229.000000,0.000000,01_4,65,386.589520,350.532751,0.000000,229,01,CC-BY-4.0,ctc_phc_c2dh_u373,PhC-C2DH-U373,,0,0,114
ctc_phc-c2dh-u373_v1,PhC-C2DH-U373_01_t065_track5,ctc_frame,65.000000,PhC-C2DH-U373_01,ctc_tracking_centroid,149.500000,269.000000,0.000000,cell_centroid_motion,158.000000,0.000000,01_5,65,149.500000,269.000000,0.000000,158,01,CC-BY-4.0,ctc_phc_c2dh_u373,PhC-C2DH-U373,,0,0,114
ctc_phc-c2dh-u373_v1,PhC-C2DH-U373_01_t065_track6,ctc_frame,65.000000,PhC-C2DH-U373_01,ctc_tracking_centroid,598.000000,353.000000,0.000000,cell_centroid_motion,145.000000,0.000000,01_6,65,598.000000,353.000000,0.000000,145,01,CC-BY-4.0,ctc_phc_c2dh_u373,PhC-C2DH-U373,,0,0,114
ctc_phc-c2dh-u373_v1,PhC-C2DH-U373_01_t065_track8,ctc_frame,65.000000,PhC-C2DH-U373_01,ctc_tracking_centroid,111.000000,455.000000,0.000000,cell_centroid_motion,25.000000,0.000000,01_8,65,111.000000,455.000000,0.000000,25,01,CC-BY-4.0,ctc_phc_c2dh_u373,PhC-C2DH-U373,,7,54,114
ctc_phc-c2dh-u373_v1,PhC-C2DH-U373_01_t066_track1,ctc_frame,66.000000,PhC-C2DH-U373_01,ctc_tracking_centroid,127.000000,126.000000,0.000000,cell_centroid_motion,249.000000,0.000000,01_1,66,127.000000,126.000000,0.000000,249,01,CC-BY-4.0,ctc_phc_c2dh_u373,PhC-C2DH-U373,,0,0,114
ctc_phc-c2dh-u373_v1,PhC-C2DH-U373_01_t066_track2,ctc_frame,66.000000,PhC-C2DH-U373_01,ctc_tracking_centroid,227.000000,58.500000,0.000000,cell_centroid_motion,208.000000,0.000000,01_2,66,227.000000,58.500000,0.000000,208,01,CC-BY-4.0,ctc_phc_c2dh_u373,PhC-C2DH-U373,,0,0,114
ctc_phc-c2dh-u373_v1,PhC-C2DH-U373_01_t066_track3,ctc_frame,66.000000,PhC-C2DH-U373_01,ctc_tracking_centroid,267.000000,166.000000,0.000000,cell_centroid_motion,145.000000,0.000000,01_3,66,267.000000,166.000000,0.000000,145,01,CC-BY-4.0,ctc_phc_c2dh_u373,PhC-C2DH-U373,,0,0,114
ctc_phc-c2dh-u373_v1,PhC-C2DH-U373_01_t066_track4,ctc_frame,66.000000,PhC-C2DH-U373_01,ctc_tracking_centroid,377.000000,363.000000,0.000000,cell_centroid_motion,171.000000,0.000000,01_4,66,377.000000,363.000000,0.000000,171,01,CC-BY-4.0,ctc_phc_c2dh_u373,PhC-C2DH-U373,,0,0,114
ctc_phc-c2dh-u373_v1,PhC-C2DH-U373_01_t066_track5,ctc_frame,66.000000,PhC-C2DH-U373_01,ctc_tracking_centroid,151.000000,269.000000,0.000000,cell_centroid_motion,145.000000,0.000000,01_5,66,151.000000,269.000000,0.000000,145,01,CC-BY-4.0,ctc_phc_c2dh_u373,PhC-C2DH-U373,,0,0,114
ctc_phc-c2dh-u373_v1,PhC-C2DH-U373_01_t066_track6,ctc_frame,66.000000,PhC-C2DH-U373_01,ctc_tracking_centroid,596.000000,353.000000,0.000000,cell_centroid_motion,145.000000,0.000000,01_6,66,596.000000,353.000000,0.000000,145,01,CC-BY-4.0,ctc_phc_c2dh_u373,PhC-C2DH-U373,,0,0,114
ctc_phc-c2dh-u373_v1,PhC-C2DH-U373_01_t066_track8,ctc_frame,66.000000,PhC-C2DH-U373_01,ctc_tracking_centroid,120.000000,451.000000,0.000000,cell_centroid_motion,25.000000,0.000000,01_8,66,120.000000,451.000000,0.000000,25,01,CC-BY-4.0,ctc_phc_c2dh_u373,PhC-C2DH-U373,,7,54,114
ctc_phc-c2dh-u373_v1,PhC-C2DH-U373_01_t067_track1,ctc_frame,67.000000,PhC-C2DH-U373_01,ctc_tracking_centroid,118.524752,133.806223,0.000000,cell_centroid_motion,707.000000,0.000000,01_1,67,118.524752,133.806223,0.000000,707,01,CC-BY-4.0,ctc_phc_c2dh_u373,PhC-C2DH-U373,,0,0,114
ctc_phc-c2dh-u373_v1,PhC-C2DH-U373_01_t067_track2,ctc_frame,67.000000,PhC-C2DH-U373_01,ctc_tracking_centroid,227.000000,61.000000,0.000000,cell_centroid_motion,193.000000,0.000000,01_2,67,227.000000,61.000000,0.000000,193,01,CC-BY-4.0,ctc_phc_c2dh_u373,PhC-C2DH-U373,,0,0,114
ctc_phc-c2dh-u373_v1,PhC-C2DH-U373_01_t067_track3,ctc_frame,67.000000,PhC-C2DH-U373_01,ctc_tracking_centroid,270.000000,172.000000,0.000000,cell_centroid_motion,145.000000,0.000000,01_3,67,270.000000,172.000000,0.000000,145,01,CC-BY-4.0,ctc_phc_c2dh_u373,PhC-C2DH-U373,,0,0,114
ctc_phc-c2dh-u373_v1,PhC-C2DH-U373_01_t067_track4,ctc_frame,67.000000,PhC-C2DH-U373_01,ctc_tracking_centroid,376.000000,375.000000,0.000000,cell_centroid_motion,145.000000,0.000000,01_4,67,376.000000,375.000000,0.000000,145,01,CC-BY-4.0,ctc_phc_c2dh_u373,PhC-C2DH-U373,,0,0,114
ctc_phc-c2dh-u373_v1,PhC-C2DH-U373_01_t067_track5,ctc_frame,67.000000,PhC-C2DH-U373_01,ctc_tracking_centroid,151.000000,269.000000,0.000000,cell_centroid_motion,145.000000,0.000000,01_5,67,151.000000,269.000000,0.000000,145,01,CC-BY-4.0,ctc_phc_c2dh_u373,PhC-C2DH-U373,,0,0,114
ctc_phc-c2dh-u373_v1,PhC-C2DH-U373_01_t067_track6,ctc_frame,67.000000,PhC-C2DH-U373_01,ctc_tracking_centroid,589.903915,353.291815,0.000000,cell_centroid_motion,281.000000,0.000000,01_6,67,589.903915,353.291815,0.000000,281,01,CC-BY-4.0,ctc_phc_c2dh_u373,PhC-C2DH-U373,,0,0,114
ctc_phc-c2dh-u373_v1,PhC-C2DH-U373_01_t067_track8,ctc_frame,67.000000,PhC-C2DH-U373_01,ctc_tracking_centroid,124.000000,444.000000,0.000000,cell_centroid_motion,25.000000,0.000000,01_8,67,124.000000,444.000000,0.000000,25,01,CC-BY-4.0,ctc_phc_c2dh_u373,PhC-C2DH-U373,,7,54,114
ctc_phc-c2dh-u373_v1,PhC-C2DH-U373_01_t068_track1,ctc_frame,68.000000,PhC-C2DH-U373_01,ctc_tracking_centroid,121.050243,133.633712,0.000000,cell_centroid_motion,617.000000,0.000000,01_1,68,121.050243,133.633712,0.000000,617,01,CC-BY-4.0,ctc_phc_c2dh_u373,PhC-C2DH-U373,,0,0,114
ctc_phc-c2dh-u373_v1,PhC-C2DH-U373_01_t068_track2,ctc_frame,68.000000,PhC-C2DH-U373_01,ctc_tracking_centroid,229.000000,57.000000,0.000000,cell_centroid_motion,193.000000,0.000000,01_2,68,229.000000,57.000000,0.000000,193,01,CC-BY-4.0,ctc_phc_c2dh_u373,PhC-C2DH-U373,,0,0,114
ctc_phc-c2dh-u373_v1,PhC-C2DH-U373_01_t068_track3,ctc_frame,68.000000,PhC-C2DH-U373_01,ctc_tracking_centroid,270.000000,172.000000,0.000000,cell_centroid_motion,145.000000,0.000000,01_3,68,270.000000,172.000000,0.000000,145,01,CC-BY-4.0,ctc_phc_c2dh_u373,PhC-C2DH-U373,,0,0,114
ctc_phc-c2dh-u373_v1,PhC-C2DH-U373_01_t068_track4,ctc_frame,68.000000,PhC-C2DH-U373_01,ctc_tracking_centroid,378.500000,373.000000,0.000000,cell_centroid_motion,158.000000,0.000000,01_4,68,378.500000,373.000000,0.000000,158,01,CC-BY-4.0,ctc_phc_c2dh_u373,PhC-C2DH-U373,,0,0,114
ctc_phc-c2dh-u373_v1,PhC-C2DH-U373_01_t068_track5,ctc_frame,68.000000,PhC-C2DH-U373_01,ctc_tracking_centroid,157.000000,266.000000,0.000000,cell_centroid_motion,145.000000,0.000000,01_5,68,157.000000,266.000000,0.000000,145,01,CC-BY-4.0,ctc_phc_c2dh_u373,PhC-C2DH-U373,,0,0,114
ctc_phc-c2dh-u373_v1,PhC-C2DH-U373_01_t068_track6,ctc_frame,68.000000,PhC-C2DH-U373_01,ctc_tracking_centroid,583.000000,354.000000,0.000000,cell_centroid_motion,145.000000,0.000000,01_6,68,583.000000,354.000000,0.000000,145,01,CC-BY-4.0,ctc_phc_c2dh_u373,PhC-C2DH-U373,,0,0,114
ctc_phc-c2dh-u373_v1,PhC-C2DH-U373_01_t068_track8,ctc_frame,68.000000,PhC-C2DH-U373_01,ctc_tracking_centroid,129.000000,437.000000,0.000000,cell_centroid_motion,25.000000,0.000000,01_8,68,129.000000,437.000000,0.000000,25,01,CC-BY-4.0,ctc_phc_c2dh_u373,PhC-C2DH-U373,,7,54,114
ctc_phc-c2dh-u373_v1,PhC-C2DH-U373_01_t069_track1,ctc_frame,69.000000,PhC-C2DH-U373_01,ctc_tracking_centroid,131.000000,127.000000,0.000000,cell_centroid_motion,249.000000,0.000000,01_1,69,131.000000,127.000000,0.000000,249,01,CC-BY-4.0,ctc_phc_c2dh_u373,PhC-C2DH-U373,,0,0,114
ctc_phc-c2dh-u373_v1,PhC-C2DH-U373_01_t069_track2,ctc_frame,69.000000,PhC-C2DH-U373_01,ctc_tracking_centroid,225.000000,54.000000,0.000000,cell_centroid_motion,193.000000,0.000000,01_2,69,225.000000,54.000000,0.000000,193,01,CC-BY-4.0,ctc_phc_c2dh_u373,PhC-C2DH-U373,,0,0,114
ctc_phc-c2dh-u373_v1,PhC-C2DH-U373_01_t069_track3,ctc_frame,69.000000,PhC-C2DH-U373_01,ctc_tracking_centroid,270.000000,172.000000,0.000000,cell_centroid_motion,145.000000,0.000000,01_3,69,270.000000,172.000000,0.000000,145,01,CC-BY-4.0,ctc_phc_c2dh_u373,PhC-C2DH-U373,,0,0,114
ctc_phc-c2dh-u373_v1,PhC-C2DH-U373_01_t069_track4,ctc_frame,69.000000,PhC-C2DH-U373_01,ctc_tracking_centroid,379.000000,373.000000,0.000000,cell_centroid_motion,145.000000,0.000000,01_4,69,379.000000,373.000000,0.000000,145,01,CC-BY-4.0,ctc_phc_c2dh_u373,PhC-C2DH-U373,,0,0,114
ctc_phc-c2dh-u373_v1,PhC-C2DH-U373_01_t069_track5,ctc_frame,69.000000,PhC-C2DH-U373_01,ctc_tracking_centroid,157.000000,266.000000,0.000000,cell_centroid_motion,145.000000,0.000000,01_5,69,157.000000,266.000000,0.000000,145,01,CC-BY-4.0,ctc_phc_c2dh_u373,PhC-C2DH-U373,,0,0,114
ctc_phc-c2dh-u373_v1,PhC-C2DH-U373_01_t069_track6,ctc_frame,69.000000,PhC-C2DH-U373_01,ctc_tracking_centroid,582.000000,354.000000,0.000000,cell_centroid_motion,171.000000,0.000000,01_6,69,582.000000,354.000000,0.000000,171,01,CC-BY-4.0,ctc_phc_c2dh_u373,PhC-C2DH-U373,,0,0,114
ctc_phc-c2dh-u373_v1,PhC-C2DH-U373_01_t069_track8,ctc_frame,69.000000,PhC-C2DH-U373_01,ctc_tracking_centroid,129.000000,434.500000,0.000000,cell_centroid_motion,30.000000,0.000000,01_8,69,129.000000,434.500000,0.000000,30,01,CC-BY-4.0,ctc_phc_c2dh_u373,PhC-C2DH-U373,,7,54,114
ctc_phc-c2dh-u373_v1,PhC-C2DH-U373_01_t070_track1,ctc_frame,70.000000,PhC-C2DH-U373_01,ctc_tracking_centroid,147.000000,121.000000,0.000000,cell_centroid_motion,249.000000,0.000000,01_1,70,147.000000,121.000000,0.000000,249,01,CC-BY-4.0,ctc_phc_c2dh_u373,PhC-C2DH-U373,,0,0,114
ctc_phc-c2dh-u373_v1,PhC-C2DH-U373_01_t070_track2,ctc_frame,70.000000,PhC-C2DH-U373_01,ctc_tracking_centroid,223.000000,56.000000,0.000000,cell_centroid_motion,45.000000,0.000000,01_2,70,223.000000,56.000000,0.000000,45,01,CC-BY-4.0,ctc_phc_c2dh_u373,PhC-C2DH-U373,,0,0,114
ctc_phc-c2dh-u373_v1,PhC-C2DH-U373_01_t070_track3,ctc_frame,70.000000,PhC-C2DH-U373_01,ctc_tracking_centroid,270.000000,172.000000,0.000000,cell_centroid_motion,145.000000,0.000000,01_3,70,270.000000,172.000000,0.000000,145,01,CC-BY-4.0,ctc_phc_c2dh_u373,PhC-C2DH-U373,,0,0,114
ctc_phc-c2dh-u373_v1,PhC-C2DH-U373_01_t070_track4,ctc_frame,70.000000,PhC-C2DH-U373_01,ctc_tracking_centroid,376.000000,399.000000,0.000000,cell_centroid_motion,145.000000,0.000000,01_4,70,376.000000,399.000000,0.000000,145,01,CC-BY-4.0,ctc_phc_c2dh_u373,PhC-C2DH-U373,,0,0,114
ctc_phc-c2dh-u373_v1,PhC-C2DH-U373_01_t070_track5,ctc_frame,70.000000,PhC-C2DH-U373_01,ctc_tracking_centroid,157.000000,266.000000,0.000000,cell_centroid_motion,145.000000,0.000000,01_5,70,157.000000,266.000000,0.000000,145,01,CC-BY-4.0,ctc_phc_c2dh_u373,PhC-C2DH-U373,,0,0,114
ctc_phc-c2dh-u373_v1,PhC-C2DH-U373_01_t070_track6,ctc_frame,70.000000,PhC-C2DH-U373_01,ctc_tracking_centroid,581.000000,354.000000,0.000000,cell_centroid_motion,145.000000,0.000000,01_6,70,581.000000,354.000000,0.000000,145,01,CC-BY-4.0,ctc_phc_c2dh_u373,PhC-C2DH-U373,,0,0,114
ctc_phc-c2dh-u373_v1,PhC-C2DH-U373_01_t070_track8,ctc_frame,70.000000,PhC-C2DH-U373_01,ctc_tracking_centroid,130.000000,427.000000,0.000000,cell_centroid_motion,25.000000,0.000000,01_8,70,130.000000,427.000000,0.000000,25,01,CC-BY-4.0,ctc_phc_c2dh_u373,PhC-C2DH-U373,,7,54,114
ctc_phc-c2dh-u373_v1,PhC-C2DH-U373_01_t071_track1,ctc_frame,71.000000,PhC-C2DH-U373_01,ctc_tracking_centroid,145.000000,124.000000,0.000000,cell_centroid_motion,249.000000,0.000000,01_1,71,145.000000,124.000000,0.000000,249,01,CC-BY-4.0,ctc_phc_c2dh_u373,PhC-C2DH-U373,,0,0,114
ctc_phc-c2dh-u373_v1,PhC-C2DH-U373_01_t071_track2,ctc_frame,71.000000,PhC-C2DH-U373_01,ctc_tracking_centroid,215.000000,53.000000,0.000000,cell_centroid_motion,25.000000,0.000000,01_2,71,215.000000,53.000000,0.000000,25,01,CC-BY-4.0,ctc_phc_c2dh_u373,PhC-C2DH-U373,,0,0,114
ctc_phc-c2dh-u373_v1,PhC-C2DH-U373_01_t071_track3,ctc_frame,71.000000,PhC-C2DH-U373_01,ctc_tracking_centroid,275.000000,181.000000,0.000000,cell_centroid_motion,145.000000,0.000000,01_3,71,275.000000,181.000000,0.000000,145,01,CC-BY-4.0,ctc_phc_c2dh_u373,PhC-C2DH-U373,,0,0,114
ctc_phc-c2dh-u373_v1,PhC-C2DH-U373_01_t071_track4,ctc_frame,71.000000,PhC-C2DH-U373_01,ctc_tracking_centroid,375.619048,399.619048,0.000000,cell_centroid_motion,168.000000,0.000000,01_4,71,375.619048,399.619048,0.000000,168,01,CC-BY-4.0,ctc_phc_c2dh_u373,PhC-C2DH-U373,,0,0,114
ctc_phc-c2dh-u373_v1,PhC-C2DH-U373_01_t071_track5,ctc_frame,71.000000,PhC-C2DH-U373_01,ctc_tracking_centroid,158.000000,256.000000,0.000000,cell_centroid_motion,145.000000,0.000000,01_5,71,158.000000,256.000000,0.000000,145,01,CC-BY-4.0,ctc_phc_c2dh_u373,PhC-C2DH-U373,,0,0,114
ctc_phc-c2dh-u373_v1,PhC-C2DH-U373_01_t071_track6,ctc_frame,71.000000,PhC-C2DH-U373_01,ctc_tracking_centroid,586.000000,367.000000,0.000000,cell_centroid_motion,145.000000,0.000000,01_6,71,586.000000,367.000000,0.000000,145,01,CC-BY-4.0,ctc_phc_c2dh_u373,PhC-C2DH-U373,,0,0,114
ctc_phc-c2dh-u373_v1,PhC-C2DH-U373_01_t071_track8,ctc_frame,71.000000,PhC-C2DH-U373_01,ctc_tracking_centroid,139.500000,424.000000,0.000000,cell_centroid_motion,30.000000,0.000000,01_8,71,139.500000,424.000000,0.000000,30,01,CC-BY-4.0,ctc_phc_c2dh_u373,PhC-C2DH-U373,,7,54,114
ctc_phc-c2dh-u373_v1,PhC-C2DH-U373_01_t072_track1,ctc_frame,72.000000,PhC-C2DH-U373_01,ctc_tracking_centroid,144.000000,123.000000,0.000000,cell_centroid_motion,249.000000,0.000000,01_1,72,144.000000,123.000000,0.000000,249,01,CC-BY-4.0,ctc_phc_c2dh_u373,PhC-C2DH-U373,,0,0,114
ctc_phc-c2dh-u373_v1,PhC-C2DH-U373_01_t072_track2,ctc_frame,72.000000,PhC-C2DH-U373_01,ctc_tracking_centroid,196.000000,53.000000,0.000000,cell_centroid_motion,9.000000,0.000000,01_2,72,196.000000,53.000000,0.000000,9,01,CC-BY-4.0,ctc_phc_c2dh_u373,PhC-C2DH-U373,,0,0,114
ctc_phc-c2dh-u373_v1,PhC-C2DH-U373_01_t072_track3,ctc_frame,72.000000,PhC-C2DH-U373_01,ctc_tracking_centroid,275.000000,181.000000,0.000000,cell_centroid_motion,145.000000,0.000000,01_3,72,275.000000,181.000000,0.000000,145,01,CC-BY-4.0,ctc_phc_c2dh_u373,PhC-C2DH-U373,,0,0,114
ctc_phc-c2dh-u373_v1,PhC-C2DH-U373_01_t072_track4,ctc_frame,72.000000,PhC-C2DH-U373_01,ctc_tracking_centroid,353.000000,404.000000,0.000000,cell_centroid_motion,145.000000,0.000000,01_4,72,353.000000,404.000000,0.000000,145,01,CC-BY-4.0,ctc_phc_c2dh_u373,PhC-C2DH-U373,,0,0,114
ctc_phc-c2dh-u373_v1,PhC-C2DH-U373_01_t072_track5,ctc_frame,72.000000,PhC-C2DH-U373_01,ctc_tracking_centroid,158.000000,253.000000,0.000000,cell_centroid_motion,197.000000,0.000000,01_5,72,158.000000,253.000000,0.000000,197,01,CC-BY-4.0,ctc_phc_c2dh_u373,PhC-C2DH-U373,,0,0,114
ctc_phc-c2dh-u373_v1,PhC-C2DH-U373_01_t072_track6,ctc_frame,72.000000,PhC-C2DH-U373_01,ctc_tracking_centroid,586.000000,367.000000,0.000000,cell_centroid_motion,145.000000,0.000000,01_6,72,586.000000,367.000000,0.000000,145,01,CC-BY-4.0,ctc_phc_c2dh_u373,PhC-C2DH-U373,,0,0,114
ctc_phc-c2dh-u373_v1,PhC-C2DH-U373_01_t072_track8,ctc_frame,72.000000,PhC-C2DH-U373_01,ctc_tracking_centroid,142.000000,432.000000,0.000000,cell_centroid_motion,25.000000,0.000000,01_8,72,142.000000,432.000000,0.000000,25,01,CC-BY-4.0,ctc_phc_c2dh_u373,PhC-C2DH-U373,,7,54,114
ctc_phc-c2dh-u373_v1,PhC-C2DH-U373_01_t073_track1,ctc_frame,73.000000,PhC-C2DH-U373_01,ctc_tracking_centroid,144.000000,123.000000,0.000000,cell_centroid_motion,249.000000,0.000000,01_1,73,144.000000,123.000000,0.000000,249,01,CC-BY-4.0,ctc_phc_c2dh_u373,PhC-C2DH-U373,,0,0,114
ctc_phc-c2dh-u373_v1,PhC-C2DH-U373_01_t073_track2,ctc_frame,73.000000,PhC-C2DH-U373_01,ctc_tracking_centroid,195.000000,54.000000,0.000000,cell_centroid_motion,9.000000,0.000000,01_2,73,195.000000,54.000000,0.000000,9,01,CC-BY-4.0,ctc_phc_c2dh_u373,PhC-C2DH-U373,,0,0,114
ctc_phc-c2dh-u373_v1,PhC-C2DH-U373_01_t073_track3,ctc_frame,73.000000,PhC-C2DH-U373_01,ctc_tracking_centroid,275.000000,181.000000,0.000000,cell_centroid_motion,145.000000,0.000000,01_3,73,275.000000,181.000000,0.000000,145,01,CC-BY-4.0,ctc_phc_c2dh_u373,PhC-C2DH-U373,,0,0,114
ctc_phc-c2dh-u373_v1,PhC-C2DH-U373_01_t073_track4,ctc_frame,73.000000,PhC-C2DH-U373_01,ctc_tracking_centroid,346.000000,397.000000,0.000000,cell_centroid_motion,171.000000,0.000000,01_4,73,346.000000,397.000000,0.000000,171,01,CC-BY-4.0,ctc_phc_c2dh_u373,PhC-C2DH-U373,,0,0,114
ctc_phc-c2dh-u373_v1,PhC-C2DH-U373_01_t073_track5,ctc_frame,73.000000,PhC-C2DH-U373_01,ctc_tracking_centroid,157.000000,251.000000,0.000000,cell_centroid_motion,145.000000,0.000000,01_5,73,157.000000,251.000000,0.000000,145,01,CC-BY-4.0,ctc_phc_c2dh_u373,PhC-C2DH-U373,,0,0,114
ctc_phc-c2dh-u373_v1,PhC-C2DH-U373_01_t073_track6,ctc_frame,73.000000,PhC-C2DH-U373_01,ctc_tracking_centroid,584.500000,367.000000,0.000000,cell_centroid_motion,158.000000,0.000000,01_6,73,584.500000,367.000000,0.000000,158,01,CC-BY-4.0,ctc_phc_c2dh_u373,PhC-C2DH-U373,,0,0,114
ctc_phc-c2dh-u373_v1,PhC-C2DH-U373_01_t073_track8,ctc_frame,73.000000,PhC-C2DH-U373_01,ctc_tracking_centroid,142.000000,428.000000,0.000000,cell_centroid_motion,25.000000,0.000000,01_8,73,142.000000,428.000000,0.000000,25,01,CC-BY-4.0,ctc_phc_c2dh_u373,PhC-C2DH-U373,,7,54,114
ctc_phc-c2dh-u373_v1,PhC-C2DH-U373_01_t074_track1,ctc_frame,74.000000,PhC-C2DH-U373_01,ctc_tracking_centroid,144.000000,123.000000,0.000000,cell_centroid_motion,249.000000,0.000000,01_1,74,144.000000,123.000000,0.000000,249,01,CC-BY-4.0,ctc_phc_c2dh_u373,PhC-C2DH-U373,,0,0,114
ctc_phc-c2dh-u373_v1,PhC-C2DH-U373_01_t074_track2,ctc_frame,74.000000,PhC-C2DH-U373_01,ctc_tracking_centroid,195.000000,52.000000,0.000000,cell_centroid_motion,9.000000,0.000000,01_2,74,195.000000,52.000000,0.000000,9,01,CC-BY-4.0,ctc_phc_c2dh_u373,PhC-C2DH-U373,,0,0,114
ctc_phc-c2dh-u373_v1,PhC-C2DH-U373_01_t074_track3,ctc_frame,74.000000,PhC-C2DH-U373_01,ctc_tracking_centroid,275.000000,181.000000,0.000000,cell_centroid_motion,145.000000,0.000000,01_3,74,275.000000,181.000000,0.000000,145,01,CC-BY-4.0,ctc_phc_c2dh_u373,PhC-C2DH-U373,,0,0,114
ctc_phc-c2dh-u373_v1,PhC-C2DH-U373_01_t074_track4,ctc_frame,74.000000,PhC-C2DH-U373_01,ctc_tracking_centroid,338.000000,397.000000,0.000000,cell_centroid_motion,197.000000,0.000000,01_4,74,338.000000,397.000000,0.000000,197,01,CC-BY-4.0,ctc_phc_c2dh_u373,PhC-C2DH-U373,,0,0,114
ctc_phc-c2dh-u373_v1,PhC-C2DH-U373_01_t074_track5,ctc_frame,74.000000,PhC-C2DH-U373_01,ctc_tracking_centroid,155.000000,247.000000,0.000000,cell_centroid_motion,171.000000,0.000000,01_5,74,155.000000,247.000000,0.000000,171,01,CC-BY-4.0,ctc_phc_c2dh_u373,PhC-C2DH-U373,,0,0,114
ctc_phc-c2dh-u373_v1,PhC-C2DH-U373_01_t074_track6,ctc_frame,74.000000,PhC-C2DH-U373_01,ctc_tracking_centroid,581.500000,367.000000,0.000000,cell_centroid_motion,158.000000,0.000000,01_6,74,581.500000,367.000000,0.000000,158,01,CC-BY-4.0,ctc_phc_c2dh_u373,PhC-C2DH-U373,,0,0,114
ctc_phc-c2dh-u373_v1,PhC-C2DH-U373_01_t074_track8,ctc_frame,74.000000,PhC-C2DH-U373_01,ctc_tracking_centroid,138.000000,422.000000,0.000000,cell_centroid_motion,25.000000,0.000000,01_8,74,138.000000,422.000000,0.000000,25,01,CC-BY-4.0,ctc_phc_c2dh_u373,PhC-C2DH-U373,,7,54,114
ctc_phc-c2dh-u373_v1,PhC-C2DH-U373_01_t075_track1,ctc_frame,75.000000,PhC-C2DH-U373_01,ctc_tracking_centroid,144.000000,123.000000,0.000000,cell_centroid_motion,249.000000,0.000000,01_1,75,144.000000,123.000000,0.000000,249,01,CC-BY-4.0,ctc_phc_c2dh_u373,PhC-C2DH-U373,,0,0,114
ctc_phc-c2dh-u373_v1,PhC-C2DH-U373_01_t075_track2,ctc_frame,75.000000,PhC-C2DH-U373_01,ctc_tracking_centroid,197.000000,55.000000,0.000000,cell_centroid_motion,9.000000,0.000000,01_2,75,197.000000,55.000000,0.000000,9,01,CC-BY-4.0,ctc_phc_c2dh_u373,PhC-C2DH-U373,,0,0,114
ctc_phc-c2dh-u373_v1,PhC-C2DH-U373_01_t075_track3,ctc_frame,75.000000,PhC-C2DH-U373_01,ctc_tracking_centroid,275.000000,181.000000,0.000000,cell_centroid_motion,145.000000,0.000000,01_3,75,275.000000,181.000000,0.000000,145,01,CC-BY-4.0,ctc_phc_c2dh_u373,PhC-C2DH-U373,,0,0,114
ctc_phc-c2dh-u373_v1,PhC-C2DH-U373_01_t075_track4,ctc_frame,75.000000,PhC-C2DH-U373_01,ctc_tracking_centroid,331.500000,397.000000,0.000000,cell_centroid_motion,158.000000,0.000000,01_4,75,331.500000,397.000000,0.000000,158,01,CC-BY-4.0,ctc_phc_c2dh_u373,PhC-C2DH-U373,,0,0,114
ctc_phc-c2dh-u373_v1,PhC-C2DH-U373_01_t075_track5,ctc_frame,75.000000,PhC-C2DH-U373_01,ctc_tracking_centroid,145.236776,241.526448,0.000000,cell_centroid_motion,397.000000,0.000000,01_5,75,145.236776,241.526448,0.000000,397,01,CC-BY-4.0,ctc_phc_c2dh_u373,PhC-C2DH-U373,,0,0,114
ctc_phc-c2dh-u373_v1,PhC-C2DH-U373_01_t075_track6,ctc_frame,75.000000,PhC-C2DH-U373_01,ctc_tracking_centroid,576.983051,366.536723,0.000000,cell_centroid_motion,177.000000,0.000000,01_6,75,576.983051,366.536723,0.000000,177,01,CC-BY-4.0,ctc_phc_c2dh_u373,PhC-C2DH-U373,,0,0,114
ctc_phc-c2dh-u373_v1,PhC-C2DH-U373_01_t075_track8,ctc_frame,75.000000,PhC-C2DH-U373_01,ctc_tracking_centroid,139.000000,407.000000,0.000000,cell_centroid_motion,25.000000,0.000000,01_8,75,139.000000,407.000000,0.000000,25,01,CC-BY-4.0,ctc_phc_c2dh_u373,PhC-C2DH-U373,,7,54,114
ctc_phc-c2dh-u373_v1,PhC-C2DH-U373_01_t076_track1,ctc_frame,76.000000,PhC-C2DH-U373_01,ctc_tracking_centroid,144.000000,123.000000,0.000000,cell_centroid_motion,249.000000,0.000000,01_1,76,144.000000,123.000000,0.000000,249,01,CC-BY-4.0,ctc_phc_c2dh_u373,PhC-C2DH-U373,,0,0,114
ctc_phc-c2dh-u373_v1,PhC-C2DH-U373_01_t076_track2,ctc_frame,76.000000,PhC-C2DH-U373_01,ctc_tracking_centroid,193.000000,55.000000,0.000000,cell_centroid_motion,25.000000,0.000000,01_2,76,193.000000,55.000000,0.000000,25,01,CC-BY-4.0,ctc_phc_c2dh_u373,PhC-C2DH-U373,,0,0,114
ctc_phc-c2dh-u373_v1,PhC-C2DH-U373_01_t076_track3,ctc_frame,76.000000,PhC-C2DH-U373_01,ctc_tracking_centroid,275.000000,181.000000,0.000000,cell_centroid_motion,145.000000,0.000000,01_3,76,275.000000,181.000000,0.000000,145,01,CC-BY-4.0,ctc_phc_c2dh_u373,PhC-C2DH-U373,,0,0,114
ctc_phc-c2dh-u373_v1,PhC-C2DH-U373_01_t076_track4,ctc_frame,76.000000,PhC-C2DH-U373_01,ctc_tracking_centroid,322.000000,393.000000,0.000000,cell_centroid_motion,171.000000,0.000000,01_4,76,322.000000,393.000000,0.000000,171,01,CC-BY-4.0,ctc_phc_c2dh_u373,PhC-C2DH-U373,,0,0,114
ctc_phc-c2dh-u373_v1,PhC-C2DH-U373_01_t076_track5,ctc_frame,76.000000,PhC-C2DH-U373_01,ctc_tracking_centroid,123.000000,240.000000,0.000000,cell_centroid_motion,145.000000,0.000000,01_5,76,123.000000,240.000000,0.000000,145,01,CC-BY-4.0,ctc_phc_c2dh_u373,PhC-C2DH-U373,,0,0,114
ctc_phc-c2dh-u373_v1,PhC-C2DH-U373_01_t076_track6,ctc_frame,76.000000,PhC-C2DH-U373_01,ctc_tracking_centroid,573.500000,365.000000,0.000000,cell_centroid_motion,158.000000,0.000000,01_6,76,573.500000,365.000000,0.000000,158,01,CC-BY-4.0,ctc_phc_c2dh_u373,PhC-C2DH-U373,,0,0,114
ctc_phc-c2dh-u373_v1,PhC-C2DH-U373_01_t076_track8,ctc_frame,76.000000,PhC-C2DH-U373_01,ctc_tracking_centroid,135.000000,405.000000,0.000000,cell_centroid_motion,25.000000,0.000000,01_8,76,135.000000,405.000000,0.000000,25,01,CC-BY-4.0,ctc_phc_c2dh_u373,PhC-C2DH-U373,,7,54,114
ctc_phc-c2dh-u373_v1,PhC-C2DH-U373_01_t077_track1,ctc_frame,77.000000,PhC-C2DH-U373_01,ctc_tracking_centroid,144.000000,123.000000,0.000000,cell_centroid_motion,249.000000,0.000000,01_1,77,144.000000,123.000000,0.000000,249,01,CC-BY-4.0,ctc_phc_c2dh_u373,PhC-C2DH-U373,,0,0,114
ctc_phc-c2dh-u373_v1,PhC-C2DH-U373_01_t077_track2,ctc_frame,77.000000,PhC-C2DH-U373_01,ctc_tracking_centroid,193.000000,55.000000,0.000000,cell_centroid_motion,25.000000,0.000000,01_2,77,193.000000,55.000000,0.000000,25,01,CC-BY-4.0,ctc_phc_c2dh_u373,PhC-C2DH-U373,,0,0,114
ctc_phc-c2dh-u373_v1,PhC-C2DH-U373_01_t077_track3,ctc_frame,77.000000,PhC-C2DH-U373_01,ctc_tracking_centroid,275.000000,181.000000,0.000000,cell_centroid_motion,145.000000,0.000000,01_3,77,275.000000,181.000000,0.000000,145,01,CC-BY-4.0,ctc_phc_c2dh_u373,PhC-C2DH-U373,,0,0,114
ctc_phc-c2dh-u373_v1,PhC-C2DH-U373_01_t077_track4,ctc_frame,77.000000,PhC-C2DH-U373_01,ctc_tracking_centroid,320.000000,381.500000,0.000000,cell_centroid_motion,184.000000,0.000000,01_4,77,320.000000,381.500000,0.000000,184,01,CC-BY-4.0,ctc_phc_c2dh_u373,PhC-C2DH-U373,,0,0,114
ctc_phc-c2dh-u373_v1,PhC-C2DH-U373_01_t077_track5,ctc_frame,77.000000,PhC-C2DH-U373_01,ctc_tracking_centroid,126.000000,227.000000,0.000000,cell_centroid_motion,145.000000,0.000000,01_5,77,126.000000,227.000000,0.000000,145,01,CC-BY-4.0,ctc_phc_c2dh_u373,PhC-C2DH-U373,,0,0,114
ctc_phc-c2dh-u373_v1,PhC-C2DH-U373_01_t077_track6,ctc_frame,77.000000,PhC-C2DH-U373_01,ctc_tracking_centroid,565.990476,367.966667,0.000000,cell_centroid_motion,210.000000,0.000000,01_6,77,565.990476,367.966667,0.000000,210,01,CC-BY-4.0,ctc_phc_c2dh_u373,PhC-C2DH-U373,,0,0,114
ctc_phc-c2dh-u373_v1,PhC-C2DH-U373_01_t077_track8,ctc_frame,77.000000,PhC-C2DH-U373_01,ctc_tracking_centroid,134.000000,404.000000,0.000000,cell_centroid_motion,25.000000,0.000000,01_8,77,134.000000,404.000000,0.000000,25,01,CC-BY-4.0,ctc_phc_c2dh_u373,PhC-C2DH-U373,,7,54,114
ctc_phc-c2dh-u373_v1,PhC-C2DH-U373_01_t078_track1,ctc_frame,78.000000,PhC-C2DH-U373_01,ctc_tracking_centroid,146.000000,123.000000,0.000000,cell_centroid_motion,249.000000,0.000000,01_1,78,146.000000,123.000000,0.000000,249,01,CC-BY-4.0,ctc_phc_c2dh_u373,PhC-C2DH-U373,,0,0,114
ctc_phc-c2dh-u373_v1,PhC-C2DH-U373_01_t078_track2,ctc_frame,78.000000,PhC-C2DH-U373_01,ctc_tracking_centroid,193.000000,55.000000,0.000000,cell_centroid_motion,25.000000,0.000000,01_2,78,193.000000,55.000000,0.000000,25,01,CC-BY-4.0,ctc_phc_c2dh_u373,PhC-C2DH-U373,,0,0,114
ctc_phc-c2dh-u373_v1,PhC-C2DH-U373_01_t078_track3,ctc_frame,78.000000,PhC-C2DH-U373_01,ctc_tracking_centroid,275.000000,181.000000,0.000000,cell_centroid_motion,145.000000,0.000000,01_3,78,275.000000,181.000000,0.000000,145,01,CC-BY-4.0,ctc_phc_c2dh_u373,PhC-C2DH-U373,,0,0,114
ctc_phc-c2dh-u373_v1,PhC-C2DH-U373_01_t078_track4,ctc_frame,78.000000,PhC-C2DH-U373_01,ctc_tracking_centroid,319.000000,373.000000,0.000000,cell_centroid_motion,171.000000,0.000000,01_4,78,319.000000,373.000000,0.000000,171,01,CC-BY-4.0,ctc_phc_c2dh_u373,PhC-C2DH-U373,,0,0,114
ctc_phc-c2dh-u373_v1,PhC-C2DH-U373_01_t078_track5,ctc_frame,78.000000,PhC-C2DH-U373_01,ctc_tracking_centroid,122.000000,235.000000,0.000000,cell_centroid_motion,145.000000,0.000000,01_5,78,122.000000,235.000000,0.000000,145,01,CC-BY-4.0,ctc_phc_c2dh_u373,PhC-C2DH-U373,,0,0,114
ctc_phc-c2dh-u373_v1,PhC-C2DH-U373_01_t078_track6,ctc_frame,78.000000,PhC-C2DH-U373_01,ctc_tracking_centroid,562.000000,382.000000,0.000000,cell_centroid_motion,197.000000,0.000000,01_6,78,562.000000,382.000000,0.000000,197,01,CC-BY-4.0,ctc_phc_c2dh_u373,PhC-C2DH-U373,,0,0,114
ctc_phc-c2dh-u373_v1,PhC-C2DH-U373_01_t078_track8,ctc_frame,78.000000,PhC-C2DH-U373_01,ctc_tracking_centroid,132.000000,398.000000,0.000000,cell_centroid_motion,25.000000,0.000000,01_8,78,132.000000,398.000000,0.000000,25,01,CC-BY-4.0,ctc_phc_c2dh_u373,PhC-C2DH-U373,,7,54,114
ctc_phc-c2dh-u373_v1,PhC-C2DH-U373_01_t079_track1,ctc_frame,79.000000,PhC-C2DH-U373_01,ctc_tracking_centroid,146.000000,123.000000,0.000000,cell_centroid_motion,249.000000,0.000000,01_1,79,146.000000,123.000000,0.000000,249,01,CC-BY-4.0,ctc_phc_c2dh_u373,PhC-C2DH-U373,,0,0,114
ctc_phc-c2dh-u373_v1,PhC-C2DH-U373_01_t079_track2,ctc_frame,79.000000,PhC-C2DH-U373_01,ctc_tracking_centroid,192.000000,55.000000,0.000000,cell_centroid_motion,25.000000,0.000000,01_2,79,192.000000,55.000000,0.000000,25,01,CC-BY-4.0,ctc_phc_c2dh_u373,PhC-C2DH-U373,,0,0,114
ctc_phc-c2dh-u373_v1,PhC-C2DH-U373_01_t079_track3,ctc_frame,79.000000,PhC-C2DH-U373_01,ctc_tracking_centroid,275.000000,181.000000,0.000000,cell_centroid_motion,145.000000,0.000000,01_3,79,275.000000,181.000000,0.000000,145,01,CC-BY-4.0,ctc_phc_c2dh_u373,PhC-C2DH-U373,,0,0,114
ctc_phc-c2dh-u373_v1,PhC-C2DH-U373_01_t079_track4,ctc_frame,79.000000,PhC-C2DH-U373_01,ctc_tracking_centroid,322.000000,367.500000,0.000000,cell_centroid_motion,204.000000,0.000000,01_4,79,322.000000,367.500000,0.000000,204,01,CC-BY-4.0,ctc_phc_c2dh_u373,PhC-C2DH-U373,,0,0,114
ctc_phc-c2dh-u373_v1,PhC-C2DH-U373_01_t079_track5,ctc_frame,79.000000,PhC-C2DH-U373_01,ctc_tracking_centroid,116.000000,227.000000,0.000000,cell_centroid_motion,145.000000,0.000000,01_5,79,116.000000,227.000000,0.000000,145,01,CC-BY-4.0,ctc_phc_c2dh_u373,PhC-C2DH-U373,,0,0,114
ctc_phc-c2dh-u373_v1,PhC-C2DH-U373_01_t079_track6,ctc_frame,79.000000,PhC-C2DH-U373_01,ctc_tracking_centroid,560.500000,384.000000,0.000000,cell_centroid_motion,158.000000,0.000000,01_6,79,560.500000,384.000000,0.000000,158,01,CC-BY-4.0,ctc_phc_c2dh_u373,PhC-C2DH-U373,,0,0,114
ctc_phc-c2dh-u373_v1,PhC-C2DH-U373_01_t079_track8,ctc_frame,79.000000,PhC-C2DH-U373_01,ctc_tracking_centroid,130.000000,401.000000,0.000000,cell_centroid_motion,25.000000,0.000000,01_8,79,130.000000,401.000000,0.000000,25,01,CC-BY-4.0,ctc_phc_c2dh_u373,PhC-C2DH-U373,,7,54,114
ctc_phc-c2dh-u373_v1,PhC-C2DH-U373_01_t080_track1,ctc_frame,80.000000,PhC-C2DH-U373_01,ctc_tracking_centroid,146.000000,123.000000,0.000000,cell_centroid_motion,249.000000,0.000000,01_1,80,146.000000,123.000000,0.000000,249,01,CC-BY-4.0,ctc_phc_c2dh_u373,PhC-C2DH-U373,,0,0,114
ctc_phc-c2dh-u373_v1,PhC-C2DH-U373_01_t080_track2,ctc_frame,80.000000,PhC-C2DH-U373_01,ctc_tracking_centroid,192.000000,56.000000,0.000000,cell_centroid_motion,25.000000,0.000000,01_2,80,192.000000,56.000000,0.000000,25,01,CC-BY-4.0,ctc_phc_c2dh_u373,PhC-C2DH-U373,,0,0,114
ctc_phc-c2dh-u373_v1,PhC-C2DH-U373_01_t080_track3,ctc_frame,80.000000,PhC-C2DH-U373_01,ctc_tracking_centroid,275.000000,181.000000,0.000000,cell_centroid_motion,145.000000,0.000000,01_3,80,275.000000,181.000000,0.000000,145,01,CC-BY-4.0,ctc_phc_c2dh_u373,PhC-C2DH-U373,,0,0,114
ctc_phc-c2dh-u373_v1,PhC-C2DH-U373_01_t080_track4,ctc_frame,80.000000,PhC-C2DH-U373_01,ctc_tracking_centroid,326.619048,359.619048,0.000000,cell_centroid_motion,168.000000,0.000000,01_4,80,326.619048,359.619048,0.000000,168,01,CC-BY-4.0,ctc_phc_c2dh_u373,PhC-C2DH-U373,,0,0,114
ctc_phc-c2dh-u373_v1,PhC-C2DH-U373_01_t080_track5,ctc_frame,80.000000,PhC-C2DH-U373_01,ctc_tracking_centroid,116.000000,226.000000,0.000000,cell_centroid_motion,145.000000,0.000000,01_5,80,116.000000,226.000000,0.000000,145,01,CC-BY-4.0,ctc_phc_c2dh_u373,PhC-C2DH-U373,,0,0,114
ctc_phc-c2dh-u373_v1,PhC-C2DH-U373_01_t080_track6,ctc_frame,80.000000,PhC-C2DH-U373_01,ctc_tracking_centroid,541.591270,387.702381,0.000000,cell_centroid_motion,252.000000,0.000000,01_6,80,541.591270,387.702381,0.000000,252,01,CC-BY-4.0,ctc_phc_c2dh_u373,PhC-C2DH-U373,,0,0,114
ctc_phc-c2dh-u373_v1,PhC-C2DH-U373_01_t080_track8,ctc_frame,80.000000,PhC-C2DH-U373_01,ctc_tracking_centroid,130.000000,398.000000,0.000000,cell_centroid_motion,25.000000,0.000000,01_8,80,130.000000,398.000000,0.000000,25,01,CC-BY-4.0,ctc_phc_c2dh_u373,PhC-C2DH-U373,,7,54,114
ctc_phc-c2dh-u373_v1,PhC-C2DH-U373_01_t081_track1,ctc_frame,81.000000,PhC-C2DH-U373_01,ctc_tracking_centroid,148.357566,118.925613,0.000000,cell_centroid_motion,1183.000000,0.000000,01_1,81,148.357566,118.925613,0.000000,1183,01,CC-BY-4.0,ctc_phc_c2dh_u373,PhC-C2DH-U373,,0,0,114
ctc_phc-c2dh-u373_v1,PhC-C2DH-U373_01_t081_track2,ctc_frame,81.000000,PhC-C2DH-U373_01,ctc_tracking_centroid,192.000000,56.000000,0.000000,cell_centroid_motion,25.000000,0.000000,01_2,81,192.000000,56.000000,0.000000,25,01,CC-BY-4.0,ctc_phc_c2dh_u373,PhC-C2DH-U373,,0,0,114
ctc_phc-c2dh-u373_v1,PhC-C2DH-U373_01_t081_track3,ctc_frame,81.000000,PhC-C2DH-U373_01,ctc_tracking_centroid,275.000000,181.000000,0.000000,cell_centroid_motion,145.000000,0.000000,01_3,81,275.000000,181.000000,0.000000,145,01,CC-BY-4.0,ctc_phc_c2dh_u373,PhC-C2DH-U373,,0,0,114
ctc_phc-c2dh-u373_v1,PhC-C2DH-U373_01_t081_track4,ctc_frame,81.000000,PhC-C2DH-U373_01,ctc_tracking_centroid,333.000000,350.000000,0.000000,cell_centroid_motion,145.000000,0.000000,01_4,81,333.000000,350.000000,0.000000,145,01,CC-BY-4.0,ctc_phc_c2dh_u373,PhC-C2DH-U373,,0,0,114
ctc_phc-c2dh-u373_v1,PhC-C2DH-U373_01_t081_track5,ctc_frame,81.000000,PhC-C2DH-U373_01,ctc_tracking_centroid,115.000000,216.000000,0.000000,cell_centroid_motion,145.000000,0.000000,01_5,81,115.000000,216.000000,0.000000,145,01,CC-BY-4.0,ctc_phc_c2dh_u373,PhC-C2DH-U373,,0,0,114
ctc_phc-c2dh-u373_v1,PhC-C2DH-U373_01_t081_track6,ctc_frame,81.000000,PhC-C2DH-U373_01,ctc_tracking_centroid,534.000000,390.500000,0.000000,cell_centroid_motion,158.000000,0.000000,01_6,81,534.000000,390.500000,0.000000,158,01,CC-BY-4.0,ctc_phc_c2dh_u373,PhC-C2DH-U373,,0,0,114
ctc_phc-c2dh-u373_v1,PhC-C2DH-U373_01_t081_track8,ctc_frame,81.000000,PhC-C2DH-U373_01,ctc_tracking_centroid,130.000000,398.000000,0.000000,cell_centroid_motion,25.000000,0.000000,01_8,81,130.000000,398.000000,0.000000,25,01,CC-BY-4.0,ctc_phc_c2dh_u373,PhC-C2DH-U373,,7,54,114
ctc_phc-c2dh-u373_v1,PhC-C2DH-U373_01_t082_track1,ctc_frame,82.000000,PhC-C2DH-U373_01,ctc_tracking_centroid,151.674342,123.341009,0.000000,cell_centroid_motion,912.000000,0.000000,01_1,82,151.674342,123.341009,0.000000,912,01,CC-BY-4.0,ctc_phc_c2dh_u373,PhC-C2DH-U373,,0,0,114
ctc_phc-c2dh-u373_v1,PhC-C2DH-U373_01_t082_track2,ctc_frame,82.000000,PhC-C2DH-U373_01,ctc_tracking_centroid,196.000000,56.000000,0.000000,cell_centroid_motion,25.000000,0.000000,01_2,82,196.000000,56.000000,0.000000,25,01,CC-BY-4.0,ctc_phc_c2dh_u373,PhC-C2DH-U373,,0,0,114
ctc_phc-c2dh-u373_v1,PhC-C2DH-U373_01_t082_track3,ctc_frame,82.000000,PhC-C2DH-U373_01,ctc_tracking_centroid,275.000000,181.000000,0.000000,cell_centroid_motion,145.000000,0.000000,01_3,82,275.000000,181.000000,0.000000,145,01,CC-BY-4.0,ctc_phc_c2dh_u373,PhC-C2DH-U373,,0,0,114
ctc_phc-c2dh-u373_v1,PhC-C2DH-U373_01_t082_track4,ctc_frame,82.000000,PhC-C2DH-U373_01,ctc_tracking_centroid,333.000000,349.000000,0.000000,cell_centroid_motion,145.000000,0.000000,01_4,82,333.000000,349.000000,0.000000,145,01,CC-BY-4.0,ctc_phc_c2dh_u373,PhC-C2DH-U373,,0,0,114
ctc_phc-c2dh-u373_v1,PhC-C2DH-U373_01_t082_track5,ctc_frame,82.000000,PhC-C2DH-U373_01,ctc_tracking_centroid,113.000000,223.000000,0.000000,cell_centroid_motion,145.000000,0.000000,01_5,82,113.000000,223.000000,0.000000,145,01,CC-BY-4.0,ctc_phc_c2dh_u373,PhC-C2DH-U373,,0,0,114
ctc_phc-c2dh-u373_v1,PhC-C2DH-U373_01_t082_track6,ctc_frame,82.000000,PhC-C2DH-U373_01,ctc_tracking_centroid,536.000000,406.000000,0.000000,cell_centroid_motion,145.000000,0.000000,01_6,82,536.000000,406.000000,0.000000,145,01,CC-BY-4.0,ctc_phc_c2dh_u373,PhC-C2DH-U373,,0,0,114
ctc_phc-c2dh-u373_v1,PhC-C2DH-U373_01_t082_track8,ctc_frame,82.000000,PhC-C2DH-U373_01,ctc_tracking_centroid,130.000000,395.000000,0.000000,cell_centroid_motion,25.000000,0.000000,01_8,82,130.000000,395.000000,0.000000,25,01,CC-BY-4.0,ctc_phc_c2dh_u373,PhC-C2DH-U373,,7,54,114
ctc_phc-c2dh-u373_v1,PhC-C2DH-U373_01_t083_track1,ctc_frame,83.000000,PhC-C2DH-U373_01,ctc_tracking_centroid,151.987654,129.032922,0.000000,cell_centroid_motion,486.000000,0.000000,01_1,83,151.987654,129.032922,0.000000,486,01,CC-BY-4.0,ctc_phc_c2dh_u373,PhC-C2DH-U373,,0,0,114
ctc_phc-c2dh-u373_v1,PhC-C2DH-U373_01_t083_track2,ctc_frame,83.000000,PhC-C2DH-U373_01,ctc_tracking_centroid,196.000000,54.000000,0.000000,cell_centroid_motion,25.000000,0.000000,01_2,83,196.000000,54.000000,0.000000,25,01,CC-BY-4.0,ctc_phc_c2dh_u373,PhC-C2DH-U373,,0,0,114
ctc_phc-c2dh-u373_v1,PhC-C2DH-U373_01_t083_track3,ctc_frame,83.000000,PhC-C2DH-U373_01,ctc_tracking_centroid,274.000000,177.000000,0.000000,cell_centroid_motion,145.000000,0.000000,01_3,83,274.000000,177.000000,0.000000,145,01,CC-BY-4.0,ctc_phc_c2dh_u373,PhC-C2DH-U373,,0,0,114
ctc_phc-c2dh-u373_v1,PhC-C2DH-U373_01_t083_track4,ctc_frame,83.000000,PhC-C2DH-U373_01,ctc_tracking_centroid,329.000000,350.500000,0.000000,cell_centroid_motion,158.000000,0.000000,01_4,83,329.000000,350.500000,0.000000,158,01,CC-BY-4.0,ctc_phc_c2dh_u373,PhC-C2DH-U373,,0,0,114
ctc_phc-c2dh-u373_v1,PhC-C2DH-U373_01_t083_track5,ctc_frame,83.000000,PhC-C2DH-U373_01,ctc_tracking_centroid,101.000000,223.000000,0.000000,cell_centroid_motion,145.000000,0.000000,01_5,83,101.000000,223.000000,0.000000,145,01,CC-BY-4.0,ctc_phc_c2dh_u373,PhC-C2DH-U373,,0,0,114
ctc_phc-c2dh-u373_v1,PhC-C2DH-U373_01_t083_track6,ctc_frame,83.000000,PhC-C2DH-U373_01,ctc_tracking_centroid,537.000000,413.000000,0.000000,cell_centroid_motion,145.000000,0.000000,01_6,83,537.000000,413.000000,0.000000,145,01,CC-BY-4.0,ctc_phc_c2dh_u373,PhC-C2DH-U373,,0,0,114
ctc_phc-c2dh-u373_v1,PhC-C2DH-U373_01_t083_track8,ctc_frame,83.000000,PhC-C2DH-U373_01,ctc_tracking_centroid,130.000000,395.000000,0.000000,cell_centroid_motion,25.000000,0.000000,01_8,83,130.000000,395.000000,0.000000,25,01,CC-BY-4.0,ctc_phc_c2dh_u373,PhC-C2DH-U373,,7,54,114
ctc_phc-c2dh-u373_v1,PhC-C2DH-U373_01_t084_track1,ctc_frame,84.000000,PhC-C2DH-U373_01,ctc_tracking_centroid,158.455408,129.544592,0.000000,cell_centroid_motion,527.000000,0.000000,01_1,84,158.455408,129.544592,0.000000,527,01,CC-BY-4.0,ctc_phc_c2dh_u373,PhC-C2DH-U373,,0,0,114
ctc_phc-c2dh-u373_v1,PhC-C2DH-U373_01_t084_track2,ctc_frame,84.000000,PhC-C2DH-U373_01,ctc_tracking_centroid,199.000000,60.000000,0.000000,cell_centroid_motion,25.000000,0.000000,01_2,84,199.000000,60.000000,0.000000,25,01,CC-BY-4.0,ctc_phc_c2dh_u373,PhC-C2DH-U373,,0,0,114
ctc_phc-c2dh-u373_v1,PhC-C2DH-U373_01_t084_track3,ctc_frame,84.000000,PhC-C2DH-U373_01,ctc_tracking_centroid,269.000000,181.000000,0.000000,cell_centroid_motion,145.000000,0.000000,01_3,84,269.000000,181.000000,0.000000,145,01,CC-BY-4.0,ctc_phc_c2dh_u373,PhC-C2DH-U373,,0,0,114
ctc_phc-c2dh-u373_v1,PhC-C2DH-U373_01_t084_track4,ctc_frame,84.000000,PhC-C2DH-U373_01,ctc_tracking_centroid,328.000000,351.000000,0.000000,cell_centroid_motion,145.000000,0.000000,01_4,84,328.000000,351.000000,0.000000,145,01,CC-BY-4.0,ctc_phc_c2dh_u373,PhC-C2DH-U373,,0,0,114
ctc_phc-c2dh-u373_v1,PhC-C2DH-U373_01_t084_track5,ctc_frame,84.000000,PhC-C2DH-U373_01,ctc_tracking_centroid,110.000000,218.000000,0.000000,cell_centroid_motion,145.000000,0.000000,01_5,84,110.000000,218.000000,0.000000,145,01,CC-BY-4.0,ctc_phc_c2dh_u373,PhC-C2DH-U373,,0,0,114
ctc_phc-c2dh-u373_v1,PhC-C2DH-U373_01_t084_track6,ctc_frame,84.000000,PhC-C2DH-U373_01,ctc_tracking_centroid,537.000000,413.000000,0.000000,cell_centroid_motion,145.000000,0.000000,01_6,84,537.000000,413.000000,0.000000,145,01,CC-BY-4.0,ctc_phc_c2dh_u373,PhC-C2DH-U373,,0,0,114
ctc_phc-c2dh-u373_v1,PhC-C2DH-U373_01_t084_track8,ctc_frame,84.000000,PhC-C2DH-U373_01,ctc_tracking_centroid,120.000000,390.000000,0.000000,cell_centroid_motion,25.000000,0.000000,01_8,84,120.000000,390.000000,0.000000,25,01,CC-BY-4.0,ctc_phc_c2dh_u373,PhC-C2DH-U373,,7,54,114
ctc_phc-c2dh-u373_v1,PhC-C2DH-U373_01_t085_track1,ctc_frame,85.000000,PhC-C2DH-U373_01,ctc_tracking_centroid,158.152778,127.930556,0.000000,cell_centroid_motion,504.000000,0.000000,01_1,85,158.152778,127.930556,0.000000,504,01,CC-BY-4.0,ctc_phc_c2dh_u373,PhC-C2DH-U373,,0,0,114
ctc_phc-c2dh-u373_v1,PhC-C2DH-U373_01_t085_track2,ctc_frame,85.000000,PhC-C2DH-U373_01,ctc_tracking_centroid,201.000000,61.000000,0.000000,cell_centroid_motion,25.000000,0.000000,01_2,85,201.000000,61.000000,0.000000,25,01,CC-BY-4.0,ctc_phc_c2dh_u373,PhC-C2DH-U373,,0,0,114
ctc_phc-c2dh-u373_v1,PhC-C2DH-U373_01_t085_track3,ctc_frame,85.000000,PhC-C2DH-U373_01,ctc_tracking_centroid,269.000000,181.000000,0.000000,cell_centroid_motion,145.000000,0.000000,01_3,85,269.000000,181.000000,0.000000,145,01,CC-BY-4.0,ctc_phc_c2dh_u373,PhC-C2DH-U373,,0,0,114
ctc_phc-c2dh-u373_v1,PhC-C2DH-U373_01_t085_track4,ctc_frame,85.000000,PhC-C2DH-U373_01,ctc_tracking_centroid,320.391304,342.632850,0.000000,cell_centroid_motion,207.000000,0.000000,01_4,85,320.391304,342.632850,0.000000,207,01,CC-BY-4.0,ctc_phc_c2dh_u373,PhC-C2DH-U373,,0,0,114
ctc_phc-c2dh-u373_v1,PhC-C2DH-U373_01_t085_track5,ctc_frame,85.000000,PhC-C2DH-U373_01,ctc_tracking_centroid,106.000000,220.000000,0.000000,cell_centroid_motion,145.000000,0.000000,01_5,85,106.000000,220.000000,0.000000,145,01,CC-BY-4.0,ctc_phc_c2dh_u373,PhC-C2DH-U373,,0,0,114
ctc_phc-c2dh-u373_v1,PhC-C2DH-U373_01_t085_track6,ctc_frame,85.000000,PhC-C2DH-U373_01,ctc_tracking_centroid,549.000000,425.000000,0.000000,cell_centroid_motion,145.000000,0.000000,01_6,85,549.000000,425.000000,0.000000,145,01,CC-BY-4.0,ctc_phc_c2dh_u373,PhC-C2DH-U373,,0,0,114
ctc_phc-c2dh-u373_v1,PhC-C2DH-U373_01_t085_track8,ctc_frame,85.000000,PhC-C2DH-U373_01,ctc_tracking_centroid,114.000000,390.000000,0.000000,cell_centroid_motion,25.000000,0.000000,01_8,85,114.000000,390.000000,0.000000,25,01,CC-BY-4.0,ctc_phc_c2dh_u373,PhC-C2DH-U373,,7,54,114
ctc_phc-c2dh-u373_v1,PhC-C2DH-U373_01_t086_track1,ctc_frame,86.000000,PhC-C2DH-U373_01,ctc_tracking_centroid,161.621835,130.106013,0.000000,cell_centroid_motion,632.000000,0.000000,01_1,86,161.621835,130.106013,0.000000,632,01,CC-BY-4.0,ctc_phc_c2dh_u373,PhC-C2DH-U373,,0,0,114
ctc_phc-c2dh-u373_v1,PhC-C2DH-U373_01_t086_track2,ctc_frame,86.000000,PhC-C2DH-U373_01,ctc_tracking_centroid,198.000000,58.000000,0.000000,cell_centroid_motion,25.000000,0.000000,01_2,86,198.000000,58.000000,0.000000,25,01,CC-BY-4.0,ctc_phc_c2dh_u373,PhC-C2DH-U373,,0,0,114
ctc_phc-c2dh-u373_v1,PhC-C2DH-U373_01_t086_track3,ctc_frame,86.000000,PhC-C2DH-U373_01,ctc_tracking_centroid,269.000000,181.000000,0.000000,cell_centroid_motion,145.000000,0.000000,01_3,86,269.000000,181.000000,0.000000,145,01,CC-BY-4.0,ctc_phc_c2dh_u373,PhC-C2DH-U373,,0,0,114
ctc_phc-c2dh-u373_v1,PhC-C2DH-U373_01_t086_track4,ctc_frame,86.000000,PhC-C2DH-U373_01,ctc_tracking_centroid,312.000000,333.000000,0.000000,cell_centroid_motion,171.000000,0.000000,01_4,86,312.000000,333.000000,0.000000,171,01,CC-BY-4.0,ctc_phc_c2dh_u373,PhC-C2DH-U373,,0,0,114
ctc_phc-c2dh-u373_v1,PhC-C2DH-U373_01_t086_track5,ctc_frame,86.000000,PhC-C2DH-U373_01,ctc_tracking_centroid,106.000000,220.000000,0.000000,cell_centroid_motion,145.000000,0.000000,01_5,86,106.000000,220.000000,0.000000,145,01,CC-BY-4.0,ctc_phc_c2dh_u373,PhC-C2DH-U373,,0,0,114
ctc_phc-c2dh-u373_v1,PhC-C2DH-U373_01_t086_track6,ctc_frame,86.000000,PhC-C2DH-U373_01,ctc_tracking_centroid,556.500000,419.500000,0.000000,cell_centroid_motion,164.000000,0.000000,01_6,86,556.500000,419.500000,0.000000,164,01,CC-BY-4.0,ctc_phc_c2dh_u373,PhC-C2DH-U373,,0,0,114
ctc_phc-c2dh-u373_v1,PhC-C2DH-U373_01_t086_track8,ctc_frame,86.000000,PhC-C2DH-U373_01,ctc_tracking_centroid,114.000000,390.000000,0.000000,cell_centroid_motion,25.000000,0.000000,01_8,86,114.000000,390.000000,0.000000,25,01,CC-BY-4.0,ctc_phc_c2dh_u373,PhC-C2DH-U373,,7,54,114
ctc_phc-c2dh-u373_v1,PhC-C2DH-U373_01_t087_track1,ctc_frame,87.000000,PhC-C2DH-U373_01,ctc_tracking_centroid,159.573529,128.987395,0.000000,cell_centroid_motion,476.000000,0.000000,01_1,87,159.573529,128.987395,0.000000,476,01,CC-BY-4.0,ctc_phc_c2dh_u373,PhC-C2DH-U373,,0,0,114
ctc_phc-c2dh-u373_v1,PhC-C2DH-U373_01_t087_track2,ctc_frame,87.000000,PhC-C2DH-U373_01,ctc_tracking_centroid,197.000000,57.000000,0.000000,cell_centroid_motion,25.000000,0.000000,01_2,87,197.000000,57.000000,0.000000,25,01,CC-BY-4.0,ctc_phc_c2dh_u373,PhC-C2DH-U373,,0,0,114
ctc_phc-c2dh-u373_v1,PhC-C2DH-U373_01_t087_track3,ctc_frame,87.000000,PhC-C2DH-U373_01,ctc_tracking_centroid,266.500000,181.000000,0.000000,cell_centroid_motion,158.000000,0.000000,01_3,87,266.500000,181.000000,0.000000,158,01,CC-BY-4.0,ctc_phc_c2dh_u373,PhC-C2DH-U373,,0,0,114
ctc_phc-c2dh-u373_v1,PhC-C2DH-U373_01_t087_track4,ctc_frame,87.000000,PhC-C2DH-U373_01,ctc_tracking_centroid,300.500000,330.000000,0.000000,cell_centroid_motion,236.000000,0.000000,01_4,87,300.500000,330.000000,0.000000,236,01,CC-BY-4.0,ctc_phc_c2dh_u373,PhC-C2DH-U373,,0,0,114
ctc_phc-c2dh-u373_v1,PhC-C2DH-U373_01_t087_track5,ctc_frame,87.000000,PhC-C2DH-U373_01,ctc_tracking_centroid,90.000000,217.000000,0.000000,cell_centroid_motion,145.000000,0.000000,01_5,87,90.000000,217.000000,0.000000,145,01,CC-BY-4.0,ctc_phc_c2dh_u373,PhC-C2DH-U373,,0,0,114
ctc_phc-c2dh-u373_v1,PhC-C2DH-U373_01_t087_track6,ctc_frame,87.000000,PhC-C2DH-U373_01,ctc_tracking_centroid,558.000000,416.000000,0.000000,cell_centroid_motion,145.000000,0.000000,01_6,87,558.000000,416.000000,0.000000,145,01,CC-BY-4.0,ctc_phc_c2dh_u373,PhC-C2DH-U373,,0,0,114
ctc_phc-c2dh-u373_v1,PhC-C2DH-U373_01_t087_track8,ctc_frame,87.000000,PhC-C2DH-U373_01,ctc_tracking_centroid,102.000000,401.000000,0.000000,cell_centroid_motion,25.000000,0.000000,01_8,87,102.000000,401.000000,0.000000,25,01,CC-BY-4.0,ctc_phc_c2dh_u373,PhC-C2DH-U373,,7,54,114
ctc_phc-c2dh-u373_v1,PhC-C2DH-U373_01_t088_track1,ctc_frame,88.000000,PhC-C2DH-U373_01,ctc_tracking_centroid,165.128889,131.931111,0.000000,cell_centroid_motion,450.000000,0.000000,01_1,88,165.128889,131.931111,0.000000,450,01,CC-BY-4.0,ctc_phc_c2dh_u373,PhC-C2DH-U373,,0,0,114
ctc_phc-c2dh-u373_v1,PhC-C2DH-U373_01_t088_track2,ctc_frame,88.000000,PhC-C2DH-U373_01,ctc_tracking_centroid,196.000000,54.000000,0.000000,cell_centroid_motion,25.000000,0.000000,01_2,88,196.000000,54.000000,0.000000,25,01,CC-BY-4.0,ctc_phc_c2dh_u373,PhC-C2DH-U373,,0,0,114
ctc_phc-c2dh-u373_v1,PhC-C2DH-U373_01_t088_track3,ctc_frame,88.000000,PhC-C2DH-U373_01,ctc_tracking_centroid,266.000000,181.000000,0.000000,cell_centroid_motion,145.000000,0.000000,01_3,88,266.000000,181.000000,0.000000,145,01,CC-BY-4.0,ctc_phc_c2dh_u373,PhC-C2DH-U373,,0,0,114
ctc_phc-c2dh-u373_v1,PhC-C2DH-U373_01_t088_track4,ctc_frame,88.000000,PhC-C2DH-U373_01,ctc_tracking_centroid,286.000000,330.000000,0.000000,cell_centroid_motion,145.000000,0.000000,01_4,88,286.000000,330.000000,0.000000,145,01,CC-BY-4.0,ctc_phc_c2dh_u373,PhC-C2DH-U373,,0,0,114
ctc_phc-c2dh-u373_v1,PhC-C2DH-U373_01_t088_track5,ctc_frame,88.000000,PhC-C2DH-U373_01,ctc_tracking_centroid,96.000000,213.000000,0.000000,cell_centroid_motion,145.000000,0.000000,01_5,88,96.000000,213.000000,0.000000,145,01,CC-BY-4.0,ctc_phc_c2dh_u373,PhC-C2DH-U373,,0,0,114
ctc_phc-c2dh-u373_v1,PhC-C2DH-U373_01_t088_track6,ctc_frame,88.000000,PhC-C2DH-U373_01,ctc_tracking_centroid,558.000000,412.000000,0.000000,cell_centroid_motion,145.000000,0.000000,01_6,88,558.000000,412.000000,0.000000,145,01,CC-BY-4.0,ctc_phc_c2dh_u373,PhC-C2DH-U373,,0,0,114
ctc_phc-c2dh-u373_v1,PhC-C2DH-U373_01_t088_track8,ctc_frame,88.000000,PhC-C2DH-U373_01,ctc_tracking_centroid,99.000000,404.000000,0.000000,cell_centroid_motion,25.000000,0.000000,01_8,88,99.000000,404.000000,0.000000,25,01,CC-BY-4.0,ctc_phc_c2dh_u373,PhC-C2DH-U373,,7,54,114
ctc_phc-c2dh-u373_v1,PhC-C2DH-U373_01_t089_track1,ctc_frame,89.000000,PhC-C2DH-U373_01,ctc_tracking_centroid,172.829146,130.289782,0.000000,cell_centroid_motion,597.000000,0.000000,01_1,89,172.829146,130.289782,0.000000,597,01,CC-BY-4.0,ctc_phc_c2dh_u373,PhC-C2DH-U373,,0,0,114
ctc_phc-c2dh-u373_v1,PhC-C2DH-U373_01_t089_track2,ctc_frame,89.000000,PhC-C2DH-U373_01,ctc_tracking_centroid,190.000000,54.000000,0.000000,cell_centroid_motion,25.000000,0.000000,01_2,89,190.000000,54.000000,0.000000,25,01,CC-BY-4.0,ctc_phc_c2dh_u373,PhC-C2DH-U373,,0,0,114
ctc_phc-c2dh-u373_v1,PhC-C2DH-U373_01_t089_track3,ctc_frame,89.000000,PhC-C2DH-U373_01,ctc_tracking_centroid,264.000000,178.000000,0.000000,cell_centroid_motion,145.000000,0.000000,01_3,89,264.000000,178.000000,0.000000,145,01,CC-BY-4.0,ctc_phc_c2dh_u373,PhC-C2DH-U373,,0,0,114
ctc_phc-c2dh-u373_v1,PhC-C2DH-U373_01_t089_track4,ctc_frame,89.000000,PhC-C2DH-U373_01,ctc_tracking_centroid,286.000000,330.000000,0.000000,cell_centroid_motion,145.000000,0.000000,01_4,89,286.000000,330.000000,0.000000,145,01,CC-BY-4.0,ctc_phc_c2dh_u373,PhC-C2DH-U373,,0,0,114
ctc_phc-c2dh-u373_v1,PhC-C2DH-U373_01_t089_track5,ctc_frame,89.000000,PhC-C2DH-U373_01,ctc_tracking_centroid,98.000000,210.000000,0.000000,cell_centroid_motion,145.000000,0.000000,01_5,89,98.000000,210.000000,0.000000,145,01,CC-BY-4.0,ctc_phc_c2dh_u373,PhC-C2DH-U373,,0,0,114
ctc_phc-c2dh-u373_v1,PhC-C2DH-U373_01_t089_track6,ctc_frame,89.000000,PhC-C2DH-U373_01,ctc_tracking_centroid,556.000000,406.000000,0.000000,cell_centroid_motion,145.000000,0.000000,01_6,89,556.000000,406.000000,0.000000,145,01,CC-BY-4.0,ctc_phc_c2dh_u373,PhC-C2DH-U373,,0,0,114
ctc_phc-c2dh-u373_v1,PhC-C2DH-U373_01_t089_track8,ctc_frame,89.000000,PhC-C2DH-U373_01,ctc_tracking_centroid,98.000000,398.000000,0.000000,cell_centroid_motion,25.000000,0.000000,01_8,89,98.000000,398.000000,0.000000,25,01,CC-BY-4.0,ctc_phc_c2dh_u373,PhC-C2DH-U373,,7,54,114
ctc_phc-c2dh-u373_v1,PhC-C2DH-U373_01_t090_track1,ctc_frame,90.000000,PhC-C2DH-U373_01,ctc_tracking_centroid,177.419660,133.037807,0.000000,cell_centroid_motion,529.000000,0.000000,01_1,90,177.419660,133.037807,0.000000,529,01,CC-BY-4.0,ctc_phc_c2dh_u373,PhC-C2DH-U373,,0,0,114
ctc_phc-c2dh-u373_v1,PhC-C2DH-U373_01_t090_track2,ctc_frame,90.000000,PhC-C2DH-U373_01,ctc_tracking_centroid,189.000000,53.000000,0.000000,cell_centroid_motion,25.000000,0.000000,01_2,90,189.000000,53.000000,0.000000,25,01,CC-BY-4.0,ctc_phc_c2dh_u373,PhC-C2DH-U373,,0,0,114
ctc_phc-c2dh-u373_v1,PhC-C2DH-U373_01_t090_track3,ctc_frame,90.000000,PhC-C2DH-U373_01,ctc_tracking_centroid,264.000000,177.500000,0.000000,cell_centroid_motion,158.000000,0.000000,01_3,90,264.000000,177.500000,0.000000,158,01,CC-BY-4.0,ctc_phc_c2dh_u373,PhC-C2DH-U373,,0,0,114
ctc_phc-c2dh-u373_v1,PhC-C2DH-U373_01_t090_track4,ctc_frame,90.000000,PhC-C2DH-U373_01,ctc_tracking_centroid,286.936937,323.481982,0.000000,cell_centroid_motion,222.000000,0.000000,01_4,90,286.936937,323.481982,0.000000,222,01,CC-BY-4.0,ctc_phc_c2dh_u373,PhC-C2DH-U373,,0,0,114
ctc_phc-c2dh-u373_v1,PhC-C2DH-U373_01_t090_track5,ctc_frame,90.000000,PhC-C2DH-U373_01,ctc_tracking_centroid,97.500000,207.000000,0.000000,cell_centroid_motion,158.000000,0.000000,01_5,90,97.500000,207.000000,0.000000,158,01,CC-BY-4.0,ctc_phc_c2dh_u373,PhC-C2DH-U373,,0,0,114
ctc_phc-c2dh-u373_v1,PhC-C2DH-U373_01_t090_track6,ctc_frame,90.000000,PhC-C2DH-U373_01,ctc_tracking_centroid,553.000000,400.000000,0.000000,cell_centroid_motion,145.000000,0.000000,01_6,90,553.000000,400.000000,0.000000,145,01,CC-BY-4.0,ctc_phc_c2dh_u373,PhC-C2DH-U373,,0,0,114
ctc_phc-c2dh-u373_v1,PhC-C2DH-U373_01_t090_track8,ctc_frame,90.000000,PhC-C2DH-U373_01,ctc_tracking_centroid,98.000000,398.000000,0.000000,cell_centroid_motion,25.000000,0.000000,01_8,90,98.000000,398.000000,0.000000,25,01,CC-BY-4.0,ctc_phc_c2dh_u373,PhC-C2DH-U373,,7,54,114
ctc_phc-c2dh-u373_v1,PhC-C2DH-U373_01_t091_track1,ctc_frame,91.000000,PhC-C2DH-U373_01,ctc_tracking_centroid,176.385017,141.062718,0.000000,cell_centroid_motion,574.000000,0.000000,01_1,91,176.385017,141.062718,0.000000,574,01,CC-BY-4.0,ctc_phc_c2dh_u373,PhC-C2DH-U373,,0,0,114
ctc_phc-c2dh-u373_v1,PhC-C2DH-U373_01_t091_track2,ctc_frame,91.000000,PhC-C2DH-U373_01,ctc_tracking_centroid,197.000000,52.000000,0.000000,cell_centroid_motion,9.000000,0.000000,01_2,91,197.000000,52.000000,0.000000,9,01,CC-BY-4.0,ctc_phc_c2dh_u373,PhC-C2DH-U373,,0,0,114
ctc_phc-c2dh-u373_v1,PhC-C2DH-U373_01_t091_track3,ctc_frame,91.000000,PhC-C2DH-U373_01,ctc_tracking_centroid,265.000000,176.000000,0.000000,cell_centroid_motion,145.000000,0.000000,01_3,91,265.000000,176.000000,0.000000,145,01,CC-BY-4.0,ctc_phc_c2dh_u373,PhC-C2DH-U373,,0,0,114
ctc_phc-c2dh-u373_v1,PhC-C2DH-U373_01_t091_track4,ctc_frame,91.000000,PhC-C2DH-U373_01,ctc_tracking_centroid,291.000000,315.000000,0.000000,cell_centroid_motion,171.000000,0.000000,01_4,91,291.000000,315.000000,0.000000,171,01,CC-BY-4.0,ctc_phc_c2dh_u373,PhC-C2DH-U373,,0,0,114
ctc_phc-c2dh-u373_v1,PhC-C2DH-U373_01_t091_track5,ctc_frame,91.000000,PhC-C2DH-U373_01,ctc_tracking_centroid,83.000000,211.000000,0.000000,cell_centroid_motion,145.000000,0.000000,01_5,91,83.000000,211.000000,0.000000,145,01,CC-BY-4.0,ctc_phc_c2dh_u373,PhC-C2DH-U373,,0,0,114
ctc_phc-c2dh-u373_v1,PhC-C2DH-U373_01_t091_track6,ctc_frame,91.000000,PhC-C2DH-U373_01,ctc_tracking_centroid,552.000000,400.000000,0.000000,cell_centroid_motion,145.000000,0.000000,01_6,91,552.000000,400.000000,0.000000,145,01,CC-BY-4.0,ctc_phc_c2dh_u373,PhC-C2DH-U373,,0,0,114
ctc_phc-c2dh-u373_v1,PhC-C2DH-U373_01_t091_track8,ctc_frame,91.000000,PhC-C2DH-U373_01,ctc_tracking_centroid,98.000000,398.000000,0.000000,cell_centroid_motion,25.000000,0.000000,01_8,91,98.000000,398.000000,0.000000,25,01,CC-BY-4.0,ctc_phc_c2dh_u373,PhC-C2DH-U373,,7,54,114
ctc_phc-c2dh-u373_v1,PhC-C2DH-U373_01_t092_track1,ctc_frame,92.000000,PhC-C2DH-U373_01,ctc_tracking_centroid,183.000000,146.000000,0.000000,cell_centroid_motion,453.000000,0.000000,01_1,92,183.000000,146.000000,0.000000,453,01,CC-BY-4.0,ctc_phc_c2dh_u373,PhC-C2DH-U373,,0,0,114
ctc_phc-c2dh-u373_v1,PhC-C2DH-U373_01_t092_track2,ctc_frame,92.000000,PhC-C2DH-U373_01,ctc_tracking_centroid,201.000000,55.000000,0.000000,cell_centroid_motion,25.000000,0.000000,01_2,92,201.000000,55.000000,0.000000,25,01,CC-BY-4.0,ctc_phc_c2dh_u373,PhC-C2DH-U373,,0,0,114
ctc_phc-c2dh-u373_v1,PhC-C2DH-U373_01_t092_track3,ctc_frame,92.000000,PhC-C2DH-U373_01,ctc_tracking_centroid,265.000000,175.000000,0.000000,cell_centroid_motion,145.000000,0.000000,01_3,92,265.000000,175.000000,0.000000,145,01,CC-BY-4.0,ctc_phc_c2dh_u373,PhC-C2DH-U373,,0,0,114
ctc_phc-c2dh-u373_v1,PhC-C2DH-U373_01_t092_track4,ctc_frame,92.000000,PhC-C2DH-U373_01,ctc_tracking_centroid,303.178404,310.206573,0.000000,cell_centroid_motion,213.000000,0.000000,01_4,92,303.178404,310.206573,0.000000,213,01,CC-BY-4.0,ctc_phc_c2dh_u373,PhC-C2DH-U373,,0,0,114
ctc_phc-c2dh-u373_v1,PhC-C2DH-U373_01_t092_track5,ctc_frame,92.000000,PhC-C2DH-U373_01,ctc_tracking_centroid,82.500000,216.500000,0.000000,cell_centroid_motion,190.000000,0.000000,01_5,92,82.500000,216.500000,0.000000,190,01,CC-BY-4.0,ctc_phc_c2dh_u373,PhC-C2DH-U373,,0,0,114
ctc_phc-c2dh-u373_v1,PhC-C2DH-U373_01_t092_track6,ctc_frame,92.000000,PhC-C2DH-U373_01,ctc_tracking_centroid,555.000000,405.000000,0.000000,cell_centroid_motion,145.000000,0.000000,01_6,92,555.000000,405.000000,0.000000,145,01,CC-BY-4.0,ctc_phc_c2dh_u373,PhC-C2DH-U373,,0,0,114
ctc_phc-c2dh-u373_v1,PhC-C2DH-U373_01_t092_track8,ctc_frame,92.000000,PhC-C2DH-U373_01,ctc_tracking_centroid,96.000000,401.000000,0.000000,cell_centroid_motion,25.000000,0.000000,01_8,92,96.000000,401.000000,0.000000,25,01,CC-BY-4.0,ctc_phc_c2dh_u373,PhC-C2DH-U373,,7,54,114
ctc_phc-c2dh-u373_v1,PhC-C2DH-U373_01_t093_track1,ctc_frame,93.000000,PhC-C2DH-U373_01,ctc_tracking_centroid,185.250447,146.397138,0.000000,cell_centroid_motion,559.000000,0.000000,01_1,93,185.250447,146.397138,0.000000,559,01,CC-BY-4.0,ctc_phc_c2dh_u373,PhC-C2DH-U373,,0,0,114
ctc_phc-c2dh-u373_v1,PhC-C2DH-U373_01_t093_track2,ctc_frame,93.000000,PhC-C2DH-U373_01,ctc_tracking_centroid,201.000000,55.000000,0.000000,cell_centroid_motion,25.000000,0.000000,01_2,93,201.000000,55.000000,0.000000,25,01,CC-BY-4.0,ctc_phc_c2dh_u373,PhC-C2DH-U373,,0,0,114
ctc_phc-c2dh-u373_v1,PhC-C2DH-U373_01_t093_track3,ctc_frame,93.000000,PhC-C2DH-U373_01,ctc_tracking_centroid,265.000000,175.000000,0.000000,cell_centroid_motion,145.000000,0.000000,01_3,93,265.000000,175.000000,0.000000,145,01,CC-BY-4.0,ctc_phc_c2dh_u373,PhC-C2DH-U373,,0,0,114
ctc_phc-c2dh-u373_v1,PhC-C2DH-U373_01_t093_track4,ctc_frame,93.000000,PhC-C2DH-U373_01,ctc_tracking_centroid,302.000000,300.500000,0.000000,cell_centroid_motion,278.000000,0.000000,01_4,93,302.000000,300.500000,0.000000,278,01,CC-BY-4.0,ctc_phc_c2dh_u373,PhC-C2DH-U373,,0,0,114
ctc_phc-c2dh-u373_v1,PhC-C2DH-U373_01_t093_track5,ctc_frame,93.000000,PhC-C2DH-U373_01,ctc_tracking_centroid,79.000000,217.500000,0.000000,cell_centroid_motion,158.000000,0.000000,01_5,93,79.000000,217.500000,0.000000,158,01,CC-BY-4.0,ctc_phc_c2dh_u373,PhC-C2DH-U373,,0,0,114
ctc_phc-c2dh-u373_v1,PhC-C2DH-U373_01_t093_track6,ctc_frame,93.000000,PhC-C2DH-U373_01,ctc_tracking_centroid,555.000000,405.000000,0.000000,cell_centroid_motion,145.000000,0.000000,01_6,93,555.000000,405.000000,0.000000,145,01,CC-BY-4.0,ctc_phc_c2dh_u373,PhC-C2DH-U373,,0,0,114
ctc_phc-c2dh-u373_v1,PhC-C2DH-U373_01_t093_track8,ctc_frame,93.000000,PhC-C2DH-U373_01,ctc_tracking_centroid,96.000000,403.000000,0.000000,cell_centroid_motion,25.000000,0.000000,01_8,93,96.000000,403.000000,0.000000,25,01,CC-BY-4.0,ctc_phc_c2dh_u373,PhC-C2DH-U373,,7,54,114
ctc_phc-c2dh-u373_v1,PhC-C2DH-U373_01_t094_track1,ctc_frame,94.000000,PhC-C2DH-U373_01,ctc_tracking_centroid,185.000000,143.500000,0.000000,cell_centroid_motion,538.000000,0.000000,01_1,94,185.000000,143.500000,0.000000,538,01,CC-BY-4.0,ctc_phc_c2dh_u373,PhC-C2DH-U373,,0,0,114
ctc_phc-c2dh-u373_v1,PhC-C2DH-U373_01_t094_track2,ctc_frame,94.000000,PhC-C2DH-U373_01,ctc_tracking_centroid,202.500000,56.000000,0.000000,cell_centroid_motion,30.000000,0.000000,01_2,94,202.500000,56.000000,0.000000,30,01,CC-BY-4.0,ctc_phc_c2dh_u373,PhC-C2DH-U373,,0,0,114
ctc_phc-c2dh-u373_v1,PhC-C2DH-U373_01_t094_track3,ctc_frame,94.000000,PhC-C2DH-U373_01,ctc_tracking_centroid,264.000000,168.000000,0.000000,cell_centroid_motion,145.000000,0.000000,01_3,94,264.000000,168.000000,0.000000,145,01,CC-BY-4.0,ctc_phc_c2dh_u373,PhC-C2DH-U373,,0,0,114
ctc_phc-c2dh-u373_v1,PhC-C2DH-U373_01_t094_track4,ctc_frame,94.000000,PhC-C2DH-U373_01,ctc_tracking_centroid,293.000000,296.000000,0.000000,cell_centroid_motion,223.000000,0.000000,01_4,94,293.000000,296.000000,0.000000,223,01,CC-BY-4.0,ctc_phc_c2dh_u373,PhC-C2DH-U373,,0,0,114
ctc_phc-c2dh-u373_v1,PhC-C2DH-U373_01_t094_track5,ctc_frame,94.000000,PhC-C2DH-U373_01,ctc_tracking_centroid,78.619048,215.380952,0.000000,cell_centroid_motion,168.000000,0.000000,01_5,94,78.619048,215.380952,0.000000,168,01,CC-BY-4.0,ctc_phc_c2dh_u373,PhC-C2DH-U373,,0,0,114
ctc_phc-c2dh-u373_v1,PhC-C2DH-U373_01_t094_track6,ctc_frame,94.000000,PhC-C2DH-U373_01,ctc_tracking_centroid,555.000000,410.000000,0.000000,cell_centroid_motion,145.000000,0.000000,01_6,94,555.000000,410.000000,0.000000,145,01,CC-BY-4.0,ctc_phc_c2dh_u373,PhC-C2DH-U373,,0,0,114
ctc_phc-c2dh-u373_v1,PhC-C2DH-U373_01_t094_track8,ctc_frame,94.000000,PhC-C2DH-U373_01,ctc_tracking_centroid,90.564103,406.051282,0.000000,cell_centroid_motion,39.000000,0.000000,01_8,94,90.564103,406.051282,0.000000,39,01,CC-BY-4.0,ctc_phc_c2dh_u373,PhC-C2DH-U373,,7,54,114
ctc_phc-c2dh-u373_v1,PhC-C2DH-U373_01_t095_track1,ctc_frame,95.000000,PhC-C2DH-U373_01,ctc_tracking_centroid,185.000000,150.500000,0.000000,cell_centroid_motion,436.000000,0.000000,01_1,95,185.000000,150.500000,0.000000,436,01,CC-BY-4.0,ctc_phc_c2dh_u373,PhC-C2DH-U373,,0,0,114
ctc_phc-c2dh-u373_v1,PhC-C2DH-U373_01_t095_track2,ctc_frame,95.000000,PhC-C2DH-U373_01,ctc_tracking_centroid,203.000000,56.000000,0.000000,cell_centroid_motion,25.000000,0.000000,01_2,95,203.000000,56.000000,0.000000,25,01,CC-BY-4.0,ctc_phc_c2dh_u373,PhC-C2DH-U373,,0,0,114
ctc_phc-c2dh-u373_v1,PhC-C2DH-U373_01_t095_track3,ctc_frame,95.000000,PhC-C2DH-U373_01,ctc_tracking_centroid,264.000000,168.000000,0.000000,cell_centroid_motion,145.000000,0.000000,01_3,95,264.000000,168.000000,0.000000,145,01,CC-BY-4.0,ctc_phc_c2dh_u373,PhC-C2DH-U373,,0,0,114
ctc_phc-c2dh-u373_v1,PhC-C2DH-U373_01_t095_track4,ctc_frame,95.000000,PhC-C2DH-U373_01,ctc_tracking_centroid,263.132979,318.132979,0.000000,cell_centroid_motion,188.000000,0.000000,01_4,95,263.132979,318.132979,0.000000,188,01,CC-BY-4.0,ctc_phc_c2dh_u373,PhC-C2DH-U373,,0,0,114
ctc_phc-c2dh-u373_v1,PhC-C2DH-U373_01_t095_track5,ctc_frame,95.000000,PhC-C2DH-U373_01,ctc_tracking_centroid,64.000000,207.000000,0.000000,cell_centroid_motion,145.000000,0.000000,01_5,95,64.000000,207.000000,0.000000,145,01,CC-BY-4.0,ctc_phc_c2dh_u373,PhC-C2DH-U373,,0,0,114
ctc_phc-c2dh-u373_v1,PhC-C2DH-U373_01_t095_track6,ctc_frame,95.000000,PhC-C2DH-U373_01,ctc_tracking_centroid,555.000000,412.000000,0.000000,cell_centroid_motion,145.000000,0.000000,01_6,95,555.000000,412.000000,0.000000,145,01,CC-BY-4.0,ctc_phc_c2dh_u373,PhC-C2DH-U373,,0,0,114
ctc_phc-c2dh-u373_v1,PhC-C2DH-U373_01_t095_track8,ctc_frame,95.000000,PhC-C2DH-U373_01,ctc_tracking_centroid,89.000000,408.000000,0.000000,cell_centroid_motion,25.000000,0.000000,01_8,95,89.000000,408.000000,0.000000,25,01,CC-BY-4.0,ctc_phc_c2dh_u373,PhC-C2DH-U373,,7,54,114
ctc_phc-c2dh-u373_v1,PhC-C2DH-U373_01_t096_track1,ctc_frame,96.000000,PhC-C2DH-U373_01,ctc_tracking_centroid,183.000000,148.500000,0.000000,cell_centroid_motion,436.000000,0.000000,01_1,96,183.000000,148.500000,0.000000,436,01,CC-BY-4.0,ctc_phc_c2dh_u373,PhC-C2DH-U373,,0,0,114
ctc_phc-c2dh-u373_v1,PhC-C2DH-U373_01_t096_track2,ctc_frame,96.000000,PhC-C2DH-U373_01,ctc_tracking_centroid,203.000000,56.000000,0.000000,cell_centroid_motion,25.000000,0.000000,01_2,96,203.000000,56.000000,0.000000,25,01,CC-BY-4.0,ctc_phc_c2dh_u373,PhC-C2DH-U373,,0,0,114
ctc_phc-c2dh-u373_v1,PhC-C2DH-U373_01_t096_track3,ctc_frame,96.000000,PhC-C2DH-U373_01,ctc_tracking_centroid,264.000000,168.000000,0.000000,cell_centroid_motion,145.000000,0.000000,01_3,96,264.000000,168.000000,0.000000,145,01,CC-BY-4.0,ctc_phc_c2dh_u373,PhC-C2DH-U373,,0,0,114
ctc_phc-c2dh-u373_v1,PhC-C2DH-U373_01_t096_track4,ctc_frame,96.000000,PhC-C2DH-U373_01,ctc_tracking_centroid,258.898496,324.357143,0.000000,cell_centroid_motion,266.000000,0.000000,01_4,96,258.898496,324.357143,0.000000,266,01,CC-BY-4.0,ctc_phc_c2dh_u373,PhC-C2DH-U373,,0,0,114
ctc_phc-c2dh-u373_v1,PhC-C2DH-U373_01_t096_track5,ctc_frame,96.000000,PhC-C2DH-U373_01,ctc_tracking_centroid,64.500000,203.500000,0.000000,cell_centroid_motion,164.000000,0.000000,01_5,96,64.500000,203.500000,0.000000,164,01,CC-BY-4.0,ctc_phc_c2dh_u373,PhC-C2DH-U373,,0,0,114
ctc_phc-c2dh-u373_v1,PhC-C2DH-U373_01_t096_track6,ctc_frame,96.000000,PhC-C2DH-U373_01,ctc_tracking_centroid,555.000000,413.000000,0.000000,cell_centroid_motion,145.000000,0.000000,01_6,96,555.000000,413.000000,0.000000,145,01,CC-BY-4.0,ctc_phc_c2dh_u373,PhC-C2DH-U373,,0,0,114
ctc_phc-c2dh-u373_v1,PhC-C2DH-U373_01_t096_track8,ctc_frame,96.000000,PhC-C2DH-U373_01,ctc_tracking_centroid,89.000000,408.000000,0.000000,cell_centroid_motion,25.000000,0.000000,01_8,96,89.000000,408.000000,0.000000,25,01,CC-BY-4.0,ctc_phc_c2dh_u373,PhC-C2DH-U373,,7,54,114
ctc_phc-c2dh-u373_v1,PhC-C2DH-U373_01_t097_track1,ctc_frame,97.000000,PhC-C2DH-U373_01,ctc_tracking_centroid,180.761693,138.717149,0.000000,cell_centroid_motion,449.000000,0.000000,01_1,97,180.761693,138.717149,0.000000,449,01,CC-BY-4.0,ctc_phc_c2dh_u373,PhC-C2DH-U373,,0,0,114
ctc_phc-c2dh-u373_v1,PhC-C2DH-U373_01_t097_track2,ctc_frame,97.000000,PhC-C2DH-U373_01,ctc_tracking_centroid,206.000000,58.500000,0.000000,cell_centroid_motion,30.000000,0.000000,01_2,97,206.000000,58.500000,0.000000,30,01,CC-BY-4.0,ctc_phc_c2dh_u373,PhC-C2DH-U373,,0,0,114
ctc_phc-c2dh-u373_v1,PhC-C2DH-U373_01_t097_track3,ctc_frame,97.000000,PhC-C2DH-U373_01,ctc_tracking_centroid,264.000000,168.000000,0.000000,cell_centroid_motion,145.000000,0.000000,01_3,97,264.000000,168.000000,0.000000,145,01,CC-BY-4.0,ctc_phc_c2dh_u373,PhC-C2DH-U373,,0,0,114
ctc_phc-c2dh-u373_v1,PhC-C2DH-U373_01_t097_track4,ctc_frame,97.000000,PhC-C2DH-U373_01,ctc_tracking_centroid,254.028571,331.019048,0.000000,cell_centroid_motion,210.000000,0.000000,01_4,97,254.028571,331.019048,0.000000,210,01,CC-BY-4.0,ctc_phc_c2dh_u373,PhC-C2DH-U373,,0,0,114
ctc_phc-c2dh-u373_v1,PhC-C2DH-U373_01_t097_track5,ctc_frame,97.000000,PhC-C2DH-U373_01,ctc_tracking_centroid,63.000000,201.000000,0.000000,cell_centroid_motion,145.000000,0.000000,01_5,97,63.000000,201.000000,0.000000,145,01,CC-BY-4.0,ctc_phc_c2dh_u373,PhC-C2DH-U373,,0,0,114
ctc_phc-c2dh-u373_v1,PhC-C2DH-U373_01_t097_track6,ctc_frame,97.000000,PhC-C2DH-U373_01,ctc_tracking_centroid,555.000000,414.000000,0.000000,cell_centroid_motion,145.000000,0.000000,01_6,97,555.000000,414.000000,0.000000,145,01,CC-BY-4.0,ctc_phc_c2dh_u373,PhC-C2DH-U373,,0,0,114
ctc_phc-c2dh-u373_v1,PhC-C2DH-U373_01_t097_track8,ctc_frame,97.000000,PhC-C2DH-U373_01,ctc_tracking_centroid,89.000000,408.000000,0.000000,cell_centroid_motion,25.000000,0.000000,01_8,97,89.000000,408.000000,0.000000,25,01,CC-BY-4.0,ctc_phc_c2dh_u373,PhC-C2DH-U373,,7,54,114
ctc_phc-c2dh-u373_v1,PhC-C2DH-U373_01_t098_track1,ctc_frame,98.000000,PhC-C2DH-U373_01,ctc_tracking_centroid,182.729560,131.113208,0.000000,cell_centroid_motion,477.000000,0.000000,01_1,98,182.729560,131.113208,0.000000,477,01,CC-BY-4.0,ctc_phc_c2dh_u373,PhC-C2DH-U373,,0,0,114
ctc_phc-c2dh-u373_v1,PhC-C2DH-U373_01_t098_track2,ctc_frame,98.000000,PhC-C2DH-U373_01,ctc_tracking_centroid,206.000000,59.000000,0.000000,cell_centroid_motion,25.000000,0.000000,01_2,98,206.000000,59.000000,0.000000,25,01,CC-BY-4.0,ctc_phc_c2dh_u373,PhC-C2DH-U373,,0,0,114
ctc_phc-c2dh-u373_v1,PhC-C2DH-U373_01_t098_track3,ctc_frame,98.000000,PhC-C2DH-U373_01,ctc_tracking_centroid,264.000000,168.000000,0.000000,cell_centroid_motion,145.000000,0.000000,01_3,98,264.000000,168.000000,0.000000,145,01,CC-BY-4.0,ctc_phc_c2dh_u373,PhC-C2DH-U373,,0,0,114
ctc_phc-c2dh-u373_v1,PhC-C2DH-U373_01_t098_track4,ctc_frame,98.000000,PhC-C2DH-U373_01,ctc_tracking_centroid,252.000000,339.000000,0.000000,cell_centroid_motion,171.000000,0.000000,01_4,98,252.000000,339.000000,0.000000,171,01,CC-BY-4.0,ctc_phc_c2dh_u373,PhC-C2DH-U373,,0,0,114
ctc_phc-c2dh-u373_v1,PhC-C2DH-U373_01_t098_track5,ctc_frame,98.000000,PhC-C2DH-U373_01,ctc_tracking_centroid,59.000000,204.000000,0.000000,cell_centroid_motion,145.000000,0.000000,01_5,98,59.000000,204.000000,0.000000,145,01,CC-BY-4.0,ctc_phc_c2dh_u373,PhC-C2DH-U373,,0,0,114
ctc_phc-c2dh-u373_v1,PhC-C2DH-U373_01_t098_track6,ctc_frame,98.000000,PhC-C2DH-U373_01,ctc_tracking_centroid,553.000000,414.000000,0.000000,cell_centroid_motion,145.000000,0.000000,01_6,98,553.000000,414.000000,0.000000,145,01,CC-BY-4.0,ctc_phc_c2dh_u373,PhC-C2DH-U373,,0,0,114
ctc_phc-c2dh-u373_v1,PhC-C2DH-U373_01_t098_track8,ctc_frame,98.000000,PhC-C2DH-U373_01,ctc_tracking_centroid,88.000000,409.000000,0.000000,cell_centroid_motion,35.000000,0.000000,01_8,98,88.000000,409.000000,0.000000,35,01,CC-BY-4.0,ctc_phc_c2dh_u373,PhC-C2DH-U373,,7,54,114
ctc_phc-c2dh-u373_v1,PhC-C2DH-U373_01_t099_track1,ctc_frame,99.000000,PhC-C2DH-U373_01,ctc_tracking_centroid,178.719160,128.687664,0.000000,cell_centroid_motion,381.000000,0.000000,01_1,99,178.719160,128.687664,0.000000,381,01,CC-BY-4.0,ctc_phc_c2dh_u373,PhC-C2DH-U373,,0,0,114
ctc_phc-c2dh-u373_v1,PhC-C2DH-U373_01_t099_track2,ctc_frame,99.000000,PhC-C2DH-U373_01,ctc_tracking_centroid,207.500000,57.000000,0.000000,cell_centroid_motion,30.000000,0.000000,01_2,99,207.500000,57.000000,0.000000,30,01,CC-BY-4.0,ctc_phc_c2dh_u373,PhC-C2DH-U373,,0,0,114
ctc_phc-c2dh-u373_v1,PhC-C2DH-U373_01_t099_track3,ctc_frame,99.000000,PhC-C2DH-U373_01,ctc_tracking_centroid,264.000000,168.000000,0.000000,cell_centroid_motion,145.000000,0.000000,01_3,99,264.000000,168.000000,0.000000,145,01,CC-BY-4.0,ctc_phc_c2dh_u373,PhC-C2DH-U373,,0,0,114
ctc_phc-c2dh-u373_v1,PhC-C2DH-U373_01_t099_track4,ctc_frame,99.000000,PhC-C2DH-U373_01,ctc_tracking_centroid,254.000000,346.500000,0.000000,cell_centroid_motion,184.000000,0.000000,01_4,99,254.000000,346.500000,0.000000,184,01,CC-BY-4.0,ctc_phc_c2dh_u373,PhC-C2DH-U373,,0,0,114
ctc_phc-c2dh-u373_v1,PhC-C2DH-U373_01_t099_track5,ctc_frame,99.000000,PhC-C2DH-U373_01,ctc_tracking_centroid,47.000000,205.000000,0.000000,cell_centroid_motion,145.000000,0.000000,01_5,99,47.000000,205.000000,0.000000,145,01,CC-BY-4.0,ctc_phc_c2dh_u373,PhC-C2DH-U373,,0,0,114
ctc_phc-c2dh-u373_v1,PhC-C2DH-U373_01_t099_track6,ctc_frame,99.000000,PhC-C2DH-U373_01,ctc_tracking_centroid,544.000000,404.000000,0.000000,cell_centroid_motion,145.000000,0.000000,01_6,99,544.000000,404.000000,0.000000,145,01,CC-BY-4.0,ctc_phc_c2dh_u373,PhC-C2DH-U373,,0,0,114
ctc_phc-c2dh-u373_v1,PhC-C2DH-U373_01_t099_track8,ctc_frame,99.000000,PhC-C2DH-U373_01,ctc_tracking_centroid,82.000000,412.000000,0.000000,cell_centroid_motion,25.000000,0.000000,01_8,99,82.000000,412.000000,0.000000,25,01,CC-BY-4.0,ctc_phc_c2dh_u373,PhC-C2DH-U373,,7,54,114
ctc_phc-c2dh-u373_v1,PhC-C2DH-U373_01_t100_track1,ctc_frame,100.000000,PhC-C2DH-U373_01,ctc_tracking_centroid,177.062350,126.477218,0.000000,cell_centroid_motion,417.000000,0.000000,01_1,100,177.062350,126.477218,0.000000,417,01,CC-BY-4.0,ctc_phc_c2dh_u373,PhC-C2DH-U373,,0,0,114
ctc_phc-c2dh-u373_v1,PhC-C2DH-U373_01_t100_track2,ctc_frame,100.000000,PhC-C2DH-U373_01,ctc_tracking_centroid,209.000000,57.500000,0.000000,cell_centroid_motion,30.000000,0.000000,01_2,100,209.000000,57.500000,0.000000,30,01,CC-BY-4.0,ctc_phc_c2dh_u373,PhC-C2DH-U373,,0,0,114
ctc_phc-c2dh-u373_v1,PhC-C2DH-U373_01_t100_track3,ctc_frame,100.000000,PhC-C2DH-U373_01,ctc_tracking_centroid,261.000000,163.000000,0.000000,cell_centroid_motion,145.000000,0.000000,01_3,100,261.000000,163.000000,0.000000,145,01,CC-BY-4.0,ctc_phc_c2dh_u373,PhC-C2DH-U373,,0,0,114
ctc_phc-c2dh-u373_v1,PhC-C2DH-U373_01_t100_track4,ctc_frame,100.000000,PhC-C2DH-U373_01,ctc_tracking_centroid,268.000000,361.000000,0.000000,cell_centroid_motion,145.000000,0.000000,01_4,100,268.000000,361.000000,0.000000,145,01,CC-BY-4.0,ctc_phc_c2dh_u373,PhC-C2DH-U373,,0,0,114
ctc_phc-c2dh-u373_v1,PhC-C2DH-U373_01_t100_track5,ctc_frame,100.000000,PhC-C2DH-U373_01,ctc_tracking_centroid,47.000000,205.000000,0.000000,cell_centroid_motion,145.000000,0.000000,01_5,100,47.000000,205.000000,0.000000,145,01,CC-BY-4.0,ctc_phc_c2dh_u373,PhC-C2DH-U373,,0,0,114
ctc_phc-c2dh-u373_v1,PhC-C2DH-U373_01_t100_track6,ctc_frame,100.000000,PhC-C2DH-U373_01,ctc_tracking_centroid,546.500000,399.000000,0.000000,cell_centroid_motion,158.000000,0.000000,01_6,100,546.500000,399.000000,0.000000,158,01,CC-BY-4.0,ctc_phc_c2dh_u373,PhC-C2DH-U373,,0,0,114
ctc_phc-c2dh-u373_v1,PhC-C2DH-U373_01_t100_track8,ctc_frame,100.000000,PhC-C2DH-U373_01,ctc_tracking_centroid,82.000000,412.000000,0.000000,cell_centroid_motion,25.000000,0.000000,01_8,100,82.000000,412.000000,0.000000,25,01,CC-BY-4.0,ctc_phc_c2dh_u373,PhC-C2DH-U373,,7,54,114
ctc_phc-c2dh-u373_v1,PhC-C2DH-U373_01_t101_track1,ctc_frame,101.000000,PhC-C2DH-U373_01,ctc_tracking_centroid,181.586735,130.964286,0.000000,cell_centroid_motion,392.000000,0.000000,01_1,101,181.586735,130.964286,0.000000,392,01,CC-BY-4.0,ctc_phc_c2dh_u373,PhC-C2DH-U373,,0,0,114
ctc_phc-c2dh-u373_v1,PhC-C2DH-U373_01_t101_track2,ctc_frame,101.000000,PhC-C2DH-U373_01,ctc_tracking_centroid,209.000000,58.000000,0.000000,cell_centroid_motion,25.000000,0.000000,01_2,101,209.000000,58.000000,0.000000,25,01,CC-BY-4.0,ctc_phc_c2dh_u373,PhC-C2DH-U373,,0,0,114
ctc_phc-c2dh-u373_v1,PhC-C2DH-U373_01_t101_track3,ctc_frame,101.000000,PhC-C2DH-U373_01,ctc_tracking_centroid,261.000000,163.000000,0.000000,cell_centroid_motion,145.000000,0.000000,01_3,101,261.000000,163.000000,0.000000,145,01,CC-BY-4.0,ctc_phc_c2dh_u373,PhC-C2DH-U373,,0,0,114
ctc_phc-c2dh-u373_v1,PhC-C2DH-U373_01_t101_track4,ctc_frame,101.000000,PhC-C2DH-U373_01,ctc_tracking_centroid,271.000000,355.000000,0.000000,cell_centroid_motion,145.000000,0.000000,01_4,101,271.000000,355.000000,0.000000,145,01,CC-BY-4.0,ctc_phc_c2dh_u373,PhC-C2DH-U373,,0,0,114
ctc_phc-c2dh-u373_v1,PhC-C2DH-U373_01_t101_track5,ctc_frame,101.000000,PhC-C2DH-U373_01,ctc_tracking_centroid,49.000000,213.000000,0.000000,cell_centroid_motion,145.000000,0.000000,01_5,101,49.000000,213.000000,0.000000,145,01,CC-BY-4.0,ctc_phc_c2dh_u373,PhC-C2DH-U373,,0,0,114
ctc_phc-c2dh-u373_v1,PhC-C2DH-U373_01_t101_track6,ctc_frame,101.000000,PhC-C2DH-U373_01,ctc_tracking_centroid,549.619048,390.619048,0.000000,cell_centroid_motion,168.000000,0.000000,01_6,101,549.619048,390.619048,0.000000,168,01,CC-BY-4.0,ctc_phc_c2dh_u373,PhC-C2DH-U373,,0,0,114
ctc_phc-c2dh-u373_v1,PhC-C2DH-U373_01_t101_track8,ctc_frame,101.000000,PhC-C2DH-U373_01,ctc_tracking_centroid,74.000000,427.000000,0.000000,cell_centroid_motion,25.000000,0.000000,01_8,101,74.000000,427.000000,0.000000,25,01,CC-BY-4.0,ctc_phc_c2dh_u373,PhC-C2DH-U373,,7,54,114
ctc_phc-c2dh-u373_v1,PhC-C2DH-U373_01_t102_track1,ctc_frame,102.000000,PhC-C2DH-U373_01,ctc_tracking_centroid,172.000000,131.500000,0.000000,cell_centroid_motion,328.000000,0.000000,01_1,102,172.000000,131.500000,0.000000,328,01,CC-BY-4.0,ctc_phc_c2dh_u373,PhC-C2DH-U373,,0,0,114
ctc_phc-c2dh-u373_v1,PhC-C2DH-U373_01_t102_track2,ctc_frame,102.000000,PhC-C2DH-U373_01,ctc_tracking_centroid,210.000000,59.000000,0.000000,cell_centroid_motion,45.000000,0.000000,01_2,102,210.000000,59.000000,0.000000,45,01,CC-BY-4.0,ctc_phc_c2dh_u373,PhC-C2DH-U373,,0,0,114
ctc_phc-c2dh-u373_v1,PhC-C2DH-U373_01_t102_track3,ctc_frame,102.000000,PhC-C2DH-U373_01,ctc_tracking_centroid,261.000000,163.000000,0.000000,cell_centroid_motion,145.000000,0.000000,01_3,102,261.000000,163.000000,0.000000,145,01,CC-BY-4.0,ctc_phc_c2dh_u373,PhC-C2DH-U373,,0,0,114
ctc_phc-c2dh-u373_v1,PhC-C2DH-U373_01_t102_track4,ctc_frame,102.000000,PhC-C2DH-U373_01,ctc_tracking_centroid,271.500000,355.000000,0.000000,cell_centroid_motion,158.000000,0.000000,01_4,102,271.500000,355.000000,0.000000,158,01,CC-BY-4.0,ctc_phc_c2dh_u373,PhC-C2DH-U373,,0,0,114
ctc_phc-c2dh-u373_v1,PhC-C2DH-U373_01_t102_track5,ctc_frame,102.000000,PhC-C2DH-U373_01,ctc_tracking_centroid,56.000000,219.000000,0.000000,cell_centroid_motion,145.000000,0.000000,01_5,102,56.000000,219.000000,0.000000,145,01,CC-BY-4.0,ctc_phc_c2dh_u373,PhC-C2DH-U373,,0,0,114
ctc_phc-c2dh-u373_v1,PhC-C2DH-U373_01_t102_track6,ctc_frame,102.000000,PhC-C2DH-U373_01,ctc_tracking_centroid,552.000000,381.000000,0.000000,cell_centroid_motion,145.000000,0.000000,01_6,102,552.000000,381.000000,0.000000,145,01,CC-BY-4.0,ctc_phc_c2dh_u373,PhC-C2DH-U373,,0,0,114
ctc_phc-c2dh-u373_v1,PhC-C2DH-U373_01_t102_track8,ctc_frame,102.000000,PhC-C2DH-U373_01,ctc_tracking_centroid,75.000000,434.000000,0.000000,cell_centroid_motion,25.000000,0.000000,01_8,102,75.000000,434.000000,0.000000,25,01,CC-BY-4.0,ctc_phc_c2dh_u373,PhC-C2DH-U373,,7,54,114
ctc_phc-c2dh-u373_v1,PhC-C2DH-U373_01_t103_track1,ctc_frame,103.000000,PhC-C2DH-U373_01,ctc_tracking_centroid,172.711429,135.897143,0.000000,cell_centroid_motion,350.000000,0.000000,01_1,103,172.711429,135.897143,0.000000,350,01,CC-BY-4.0,ctc_phc_c2dh_u373,PhC-C2DH-U373,,0,0,114
ctc_phc-c2dh-u373_v1,PhC-C2DH-U373_01_t103_track2,ctc_frame,103.000000,PhC-C2DH-U373_01,ctc_tracking_centroid,212.000000,59.000000,0.000000,cell_centroid_motion,45.000000,0.000000,01_2,103,212.000000,59.000000,0.000000,45,01,CC-BY-4.0,ctc_phc_c2dh_u373,PhC-C2DH-U373,,0,0,114
ctc_phc-c2dh-u373_v1,PhC-C2DH-U373_01_t103_track3,ctc_frame,103.000000,PhC-C2DH-U373_01,ctc_tracking_centroid,262.000000,153.000000,0.000000,cell_centroid_motion,145.000000,0.000000,01_3,103,262.000000,153.000000,0.000000,145,01,CC-BY-4.0,ctc_phc_c2dh_u373,PhC-C2DH-U373,,0,0,114
ctc_phc-c2dh-u373_v1,PhC-C2DH-U373_01_t103_track4,ctc_frame,103.000000,PhC-C2DH-U373_01,ctc_tracking_centroid,272.000000,355.000000,0.000000,cell_centroid_motion,145.000000,0.000000,01_4,103,272.000000,355.000000,0.000000,145,01,CC-BY-4.0,ctc_phc_c2dh_u373,PhC-C2DH-U373,,0,0,114
ctc_phc-c2dh-u373_v1,PhC-C2DH-U373_01_t103_track5,ctc_frame,103.000000,PhC-C2DH-U373_01,ctc_tracking_centroid,59.000000,221.000000,0.000000,cell_centroid_motion,145.000000,0.000000,01_5,103,59.000000,221.000000,0.000000,145,01,CC-BY-4.0,ctc_phc_c2dh_u373,PhC-C2DH-U373,,0,0,114
ctc_phc-c2dh-u373_v1,PhC-C2DH-U373_01_t103_track6,ctc_frame,103.000000,PhC-C2DH-U373_01,ctc_tracking_centroid,552.000000,375.000000,0.000000,cell_centroid_motion,145.000000,0.000000,01_6,103,552.000000,375.000000,0.000000,145,01,CC-BY-4.0,ctc_phc_c2dh_u373,PhC-C2DH-U373,,0,0,114
ctc_phc-c2dh-u373_v1,PhC-C2DH-U373_01_t103_track8,ctc_frame,103.000000,PhC-C2DH-U373_01,ctc_tracking_centroid,71.000000,441.000000,0.000000,cell_centroid_motion,25.000000,0.000000,01_8,103,71.000000,441.000000,0.000000,25,01,CC-BY-4.0,ctc_phc_c2dh_u373,PhC-C2DH-U373,,7,54,114
ctc_phc-c2dh-u373_v1,PhC-C2DH-U373_01_t104_track1,ctc_frame,104.000000,PhC-C2DH-U373_01,ctc_tracking_centroid,175.038961,137.984416,0.000000,cell_centroid_motion,385.000000,0.000000,01_1,104,175.038961,137.984416,0.000000,385,01,CC-BY-4.0,ctc_phc_c2dh_u373,PhC-C2DH-U373,,0,0,114
ctc_phc-c2dh-u373_v1,PhC-C2DH-U373_01_t104_track2,ctc_frame,104.000000,PhC-C2DH-U373_01,ctc_tracking_centroid,212.000000,60.000000,0.000000,cell_centroid_motion,45.000000,0.000000,01_2,104,212.000000,60.000000,0.000000,45,01,CC-BY-4.0,ctc_phc_c2dh_u373,PhC-C2DH-U373,,0,0,114
ctc_phc-c2dh-u373_v1,PhC-C2DH-U373_01_t104_track3,ctc_frame,104.000000,PhC-C2DH-U373_01,ctc_tracking_centroid,262.000000,153.000000,0.000000,cell_centroid_motion,145.000000,0.000000,01_3,104,262.000000,153.000000,0.000000,145,01,CC-BY-4.0,ctc_phc_c2dh_u373,PhC-C2DH-U373,,0,0,114
ctc_phc-c2dh-u373_v1,PhC-C2DH-U373_01_t104_track4,ctc_frame,104.000000,PhC-C2DH-U373_01,ctc_tracking_centroid,272.000000,359.500000,0.000000,cell_centroid_motion,158.000000,0.000000,01_4,104,272.000000,359.500000,0.000000,158,01,CC-BY-4.0,ctc_phc_c2dh_u373,PhC-C2DH-U373,,0,0,114
ctc_phc-c2dh-u373_v1,PhC-C2DH-U373_01_t104_track5,ctc_frame,104.000000,PhC-C2DH-U373_01,ctc_tracking_centroid,61.000000,220.000000,0.000000,cell_centroid_motion,145.000000,0.000000,01_5,104,61.000000,220.000000,0.000000,145,01,CC-BY-4.0,ctc_phc_c2dh_u373,PhC-C2DH-U373,,0,0,114
ctc_phc-c2dh-u373_v1,PhC-C2DH-U373_01_t104_track6,ctc_frame,104.000000,PhC-C2DH-U373_01,ctc_tracking_centroid,545.000000,369.000000,0.000000,cell_centroid_motion,145.000000,0.000000,01_6,104,545.000000,369.000000,0.000000,145,01,CC-BY-4.0,ctc_phc_c2dh_u373,PhC-C2DH-U373,,0,0,114
ctc_phc-c2dh-u373_v1,PhC-C2DH-U373_01_t104_track8,ctc_frame,104.000000,PhC-C2DH-U373_01,ctc_tracking_centroid,71.000000,436.000000,0.000000,cell_centroid_motion,25.000000,0.000000,01_8,104,71.000000,436.000000,0.000000,25,01,CC-BY-4.0,ctc_phc_c2dh_u373,PhC-C2DH-U373,,7,54,114
ctc_phc-c2dh-u373_v1,PhC-C2DH-U373_01_t105_track1,ctc_frame,105.000000,PhC-C2DH-U373_01,ctc_tracking_centroid,172.190377,134.876569,0.000000,cell_centroid_motion,478.000000,0.000000,01_1,105,172.190377,134.876569,0.000000,478,01,CC-BY-4.0,ctc_phc_c2dh_u373,PhC-C2DH-U373,,0,0,114
ctc_phc-c2dh-u373_v1,PhC-C2DH-U373_01_t105_track2,ctc_frame,105.000000,PhC-C2DH-U373_01,ctc_tracking_centroid,212.000000,60.000000,0.000000,cell_centroid_motion,45.000000,0.000000,01_2,105,212.000000,60.000000,0.000000,45,01,CC-BY-4.0,ctc_phc_c2dh_u373,PhC-C2DH-U373,,0,0,114
ctc_phc-c2dh-u373_v1,PhC-C2DH-U373_01_t105_track3,ctc_frame,105.000000,PhC-C2DH-U373_01,ctc_tracking_centroid,251.000000,145.000000,0.000000,cell_centroid_motion,145.000000,0.000000,01_3,105,251.000000,145.000000,0.000000,145,01,CC-BY-4.0,ctc_phc_c2dh_u373,PhC-C2DH-U373,,0,0,114
ctc_phc-c2dh-u373_v1,PhC-C2DH-U373_01_t105_track4,ctc_frame,105.000000,PhC-C2DH-U373_01,ctc_tracking_centroid,272.000000,360.000000,0.000000,cell_centroid_motion,145.000000,0.000000,01_4,105,272.000000,360.000000,0.000000,145,01,CC-BY-4.0,ctc_phc_c2dh_u373,PhC-C2DH-U373,,0,0,114
ctc_phc-c2dh-u373_v1,PhC-C2DH-U373_01_t105_track5,ctc_frame,105.000000,PhC-C2DH-U373_01,ctc_tracking_centroid,64.000000,222.000000,0.000000,cell_centroid_motion,145.000000,0.000000,01_5,105,64.000000,222.000000,0.000000,145,01,CC-BY-4.0,ctc_phc_c2dh_u373,PhC-C2DH-U373,,0,0,114
ctc_phc-c2dh-u373_v1,PhC-C2DH-U373_01_t105_track6,ctc_frame,105.000000,PhC-C2DH-U373_01,ctc_tracking_centroid,545.000000,369.000000,0.000000,cell_centroid_motion,145.000000,0.000000,01_6,105,545.000000,369.000000,0.000000,145,01,CC-BY-4.0,ctc_phc_c2dh_u373,PhC-C2DH-U373,,0,0,114
ctc_phc-c2dh-u373_v1,PhC-C2DH-U373_01_t105_track8,ctc_frame,105.000000,PhC-C2DH-U373_01,ctc_tracking_centroid,71.000000,439.000000,0.000000,cell_centroid_motion,25.000000,0.000000,01_8,105,71.000000,439.000000,0.000000,25,01,CC-BY-4.0,ctc_phc_c2dh_u373,PhC-C2DH-U373,,7,54,114
ctc_phc-c2dh-u373_v1,PhC-C2DH-U373_01_t106_track1,ctc_frame,106.000000,PhC-C2DH-U373_01,ctc_tracking_centroid,172.000000,134.000000,0.000000,cell_centroid_motion,373.000000,0.000000,01_1,106,172.000000,134.000000,0.000000,373,01,CC-BY-4.0,ctc_phc_c2dh_u373,PhC-C2DH-U373,,0,0,114
ctc_phc-c2dh-u373_v1,PhC-C2DH-U373_01_t106_track2,ctc_frame,106.000000,PhC-C2DH-U373_01,ctc_tracking_centroid,212.000000,60.000000,0.000000,cell_centroid_motion,45.000000,0.000000,01_2,106,212.000000,60.000000,0.000000,45,01,CC-BY-4.0,ctc_phc_c2dh_u373,PhC-C2DH-U373,,0,0,114
ctc_phc-c2dh-u373_v1,PhC-C2DH-U373_01_t106_track3,ctc_frame,106.000000,PhC-C2DH-U373_01,ctc_tracking_centroid,249.000000,144.500000,0.000000,cell_centroid_motion,158.000000,0.000000,01_3,106,249.000000,144.500000,0.000000,158,01,CC-BY-4.0,ctc_phc_c2dh_u373,PhC-C2DH-U373,,0,0,114
ctc_phc-c2dh-u373_v1,PhC-C2DH-U373_01_t106_track4,ctc_frame,106.000000,PhC-C2DH-U373_01,ctc_tracking_centroid,280.500000,372.000000,0.000000,cell_centroid_motion,158.000000,0.000000,01_4,106,280.500000,372.000000,0.000000,158,01,CC-BY-4.0,ctc_phc_c2dh_u373,PhC-C2DH-U373,,0,0,114
ctc_phc-c2dh-u373_v1,PhC-C2DH-U373_01_t106_track5,ctc_frame,106.000000,PhC-C2DH-U373_01,ctc_tracking_centroid,64.500000,220.000000,0.000000,cell_centroid_motion,158.000000,0.000000,01_5,106,64.500000,220.000000,0.000000,158,01,CC-BY-4.0,ctc_phc_c2dh_u373,PhC-C2DH-U373,,0,0,114
ctc_phc-c2dh-u373_v1,PhC-C2DH-U373_01_t106_track6,ctc_frame,106.000000,PhC-C2DH-U373_01,ctc_tracking_centroid,545.000000,369.000000,0.000000,cell_centroid_motion,145.000000,0.000000,01_6,106,545.000000,369.000000,0.000000,145,01,CC-BY-4.0,ctc_phc_c2dh_u373,PhC-C2DH-U373,,0,0,114
ctc_phc-c2dh-u373_v1,PhC-C2DH-U373_01_t106_track8,ctc_frame,106.000000,PhC-C2DH-U373_01,ctc_tracking_centroid,67.000000,440.000000,0.000000,cell_centroid_motion,25.000000,0.000000,01_8,106,67.000000,440.000000,0.000000,25,01,CC-BY-4.0,ctc_phc_c2dh_u373,PhC-C2DH-U373,,7,54,114
ctc_phc-c2dh-u373_v1,PhC-C2DH-U373_01_t107_track1,ctc_frame,107.000000,PhC-C2DH-U373_01,ctc_tracking_centroid,170.420213,130.468085,0.000000,cell_centroid_motion,376.000000,0.000000,01_1,107,170.420213,130.468085,0.000000,376,01,CC-BY-4.0,ctc_phc_c2dh_u373,PhC-C2DH-U373,,0,0,114
ctc_phc-c2dh-u373_v1,PhC-C2DH-U373_01_t107_track2,ctc_frame,107.000000,PhC-C2DH-U373_01,ctc_tracking_centroid,213.000000,60.000000,0.000000,cell_centroid_motion,45.000000,0.000000,01_2,107,213.000000,60.000000,0.000000,45,01,CC-BY-4.0,ctc_phc_c2dh_u373,PhC-C2DH-U373,,0,0,114
ctc_phc-c2dh-u373_v1,PhC-C2DH-U373_01_t107_track3,ctc_frame,107.000000,PhC-C2DH-U373_01,ctc_tracking_centroid,248.000000,144.000000,0.000000,cell_centroid_motion,145.000000,0.000000,01_3,107,248.000000,144.000000,0.000000,145,01,CC-BY-4.0,ctc_phc_c2dh_u373,PhC-C2DH-U373,,0,0,114
ctc_phc-c2dh-u373_v1,PhC-C2DH-U373_01_t107_track4,ctc_frame,107.000000,PhC-C2DH-U373_01,ctc_tracking_centroid,282.500000,372.000000,0.000000,cell_centroid_motion,158.000000,0.000000,01_4,107,282.500000,372.000000,0.000000,158,01,CC-BY-4.0,ctc_phc_c2dh_u373,PhC-C2DH-U373,,0,0,114
ctc_phc-c2dh-u373_v1,PhC-C2DH-U373_01_t107_track5,ctc_frame,107.000000,PhC-C2DH-U373_01,ctc_tracking_centroid,65.000000,220.000000,0.000000,cell_centroid_motion,145.000000,0.000000,01_5,107,65.000000,220.000000,0.000000,145,01,CC-BY-4.0,ctc_phc_c2dh_u373,PhC-C2DH-U373,,0,0,114
ctc_phc-c2dh-u373_v1,PhC-C2DH-U373_01_t107_track6,ctc_frame,107.000000,PhC-C2DH-U373_01,ctc_tracking_centroid,548.625899,360.755396,0.000000,cell_centroid_motion,278.000000,0.000000,01_6,107,548.625899,360.755396,0.000000,278,01,CC-BY-4.0,ctc_phc_c2dh_u373,PhC-C2DH-U373,,0,0,114
ctc_phc-c2dh-u373_v1,PhC-C2DH-U373_01_t107_track8,ctc_frame,107.000000,PhC-C2DH-U373_01,ctc_tracking_centroid,66.000000,440.000000,0.000000,cell_centroid_motion,25.000000,0.000000,01_8,107,66.000000,440.000000,0.000000,25,01,CC-BY-4.0,ctc_phc_c2dh_u373,PhC-C2DH-U373,,7,54,114
ctc_phc-c2dh-u373_v1,PhC-C2DH-U373_01_t108_track1,ctc_frame,108.000000,PhC-C2DH-U373_01,ctc_tracking_centroid,173.269321,124.142857,0.000000,cell_centroid_motion,427.000000,0.000000,01_1,108,173.269321,124.142857,0.000000,427,01,CC-BY-4.0,ctc_phc_c2dh_u373,PhC-C2DH-U373,,0,0,114
ctc_phc-c2dh-u373_v1,PhC-C2DH-U373_01_t108_track2,ctc_frame,108.000000,PhC-C2DH-U373_01,ctc_tracking_centroid,214.000000,60.000000,0.000000,cell_centroid_motion,45.000000,0.000000,01_2,108,214.000000,60.000000,0.000000,45,01,CC-BY-4.0,ctc_phc_c2dh_u373,PhC-C2DH-U373,,0,0,114
ctc_phc-c2dh-u373_v1,PhC-C2DH-U373_01_t108_track3,ctc_frame,108.000000,PhC-C2DH-U373_01,ctc_tracking_centroid,248.000000,144.000000,0.000000,cell_centroid_motion,145.000000,0.000000,01_3,108,248.000000,144.000000,0.000000,145,01,CC-BY-4.0,ctc_phc_c2dh_u373,PhC-C2DH-U373,,0,0,114
ctc_phc-c2dh-u373_v1,PhC-C2DH-U373_01_t108_track4,ctc_frame,108.000000,PhC-C2DH-U373_01,ctc_tracking_centroid,297.000000,371.000000,0.000000,cell_centroid_motion,145.000000,0.000000,01_4,108,297.000000,371.000000,0.000000,145,01,CC-BY-4.0,ctc_phc_c2dh_u373,PhC-C2DH-U373,,0,0,114
ctc_phc-c2dh-u373_v1,PhC-C2DH-U373_01_t108_track5,ctc_frame,108.000000,PhC-C2DH-U373_01,ctc_tracking_centroid,65.000000,220.000000,0.000000,cell_centroid_motion,145.000000,0.000000,01_5,108,65.000000,220.000000,0.000000,145,01,CC-BY-4.0,ctc_phc_c2dh_u373,PhC-C2DH-U373,,0,0,114
ctc_phc-c2dh-u373_v1,PhC-C2DH-U373_01_t108_track6,ctc_frame,108.000000,PhC-C2DH-U373_01,ctc_tracking_centroid,553.000000,356.000000,0.000000,cell_centroid_motion,145.000000,0.000000,01_6,108,553.000000,356.000000,0.000000,145,01,CC-BY-4.0,ctc_phc_c2dh_u373,PhC-C2DH-U373,,0,0,114
ctc_phc-c2dh-u373_v1,PhC-C2DH-U373_01_t108_track8,ctc_frame,108.000000,PhC-C2DH-U373_01,ctc_tracking_centroid,66.000000,439.000000,0.000000,cell_centroid_motion,25.000000,0.000000,01_8,108,66.000000,439.000000,0.000000,25,01,CC-BY-4.0,ctc_phc_c2dh_u373,PhC-C2DH-U373,,7,54,114
ctc_phc-c2dh-u373_v1,PhC-C2DH-U373_01_t109_track1,ctc_frame,109.000000,PhC-C2DH-U373_01,ctc_tracking_centroid,171.828375,126.629291,0.000000,cell_centroid_motion,437.000000,0.000000,01_1,109,171.828375,126.629291,0.000000,437,01,CC-BY-4.0,ctc_phc_c2dh_u373,PhC-C2DH-U373,,0,0,114
ctc_phc-c2dh-u373_v1,PhC-C2DH-U373_01_t109_track2,ctc_frame,109.000000,PhC-C2DH-U373_01,ctc_tracking_centroid,219.000000,63.000000,0.000000,cell_centroid_motion,45.000000,0.000000,01_2,109,219.000000,63.000000,0.000000,45,01,CC-BY-4.0,ctc_phc_c2dh_u373,PhC-C2DH-U373,,0,0,114
ctc_phc-c2dh-u373_v1,PhC-C2DH-U373_01_t109_track3,ctc_frame,109.000000,PhC-C2DH-U373_01,ctc_tracking_centroid,248.000000,144.000000,0.000000,cell_centroid_motion,145.000000,0.000000,01_3,109,248.000000,144.000000,0.000000,145,01,CC-BY-4.0,ctc_phc_c2dh_u373,PhC-C2DH-U373,,0,0,114
ctc_phc-c2dh-u373_v1,PhC-C2DH-U373_01_t109_track4,ctc_frame,109.000000,PhC-C2DH-U373_01,ctc_tracking_centroid,299.500000,370.000000,0.000000,cell_centroid_motion,158.000000,0.000000,01_4,109,299.500000,370.000000,0.000000,158,01,CC-BY-4.0,ctc_phc_c2dh_u373,PhC-C2DH-U373,,0,0,114
ctc_phc-c2dh-u373_v1,PhC-C2DH-U373_01_t109_track5,ctc_frame,109.000000,PhC-C2DH-U373_01,ctc_tracking_centroid,65.000000,220.000000,0.000000,cell_centroid_motion,145.000000,0.000000,01_5,109,65.000000,220.000000,0.000000,145,01,CC-BY-4.0,ctc_phc_c2dh_u373,PhC-C2DH-U373,,0,0,114
ctc_phc-c2dh-u373_v1,PhC-C2DH-U373_01_t109_track6,ctc_frame,109.000000,PhC-C2DH-U373_01,ctc_tracking_centroid,554.000000,352.000000,0.000000,cell_centroid_motion,197.000000,0.000000,01_6,109,554.000000,352.000000,0.000000,197,01,CC-BY-4.0,ctc_phc_c2dh_u373,PhC-C2DH-U373,,0,0,114
ctc_phc-c2dh-u373_v1,PhC-C2DH-U373_01_t109_track8,ctc_frame,109.000000,PhC-C2DH-U373_01,ctc_tracking_centroid,67.000000,443.000000,0.000000,cell_centroid_motion,25.000000,0.000000,01_8,109,67.000000,443.000000,0.000000,25,01,CC-BY-4.0,ctc_phc_c2dh_u373,PhC-C2DH-U373,,7,54,114
ctc_phc-c2dh-u373_v1,PhC-C2DH-U373_01_t110_track1,ctc_frame,110.000000,PhC-C2DH-U373_01,ctc_tracking_centroid,165.481390,148.317618,0.000000,cell_centroid_motion,403.000000,0.000000,01_1,110,165.481390,148.317618,0.000000,403,01,CC-BY-4.0,ctc_phc_c2dh_u373,PhC-C2DH-U373,,0,0,114
ctc_phc-c2dh-u373_v1,PhC-C2DH-U373_01_t110_track2,ctc_frame,110.000000,PhC-C2DH-U373_01,ctc_tracking_centroid,220.000000,63.000000,0.000000,cell_centroid_motion,45.000000,0.000000,01_2,110,220.000000,63.000000,0.000000,45,01,CC-BY-4.0,ctc_phc_c2dh_u373,PhC-C2DH-U373,,0,0,114
ctc_phc-c2dh-u373_v1,PhC-C2DH-U373_01_t110_track3,ctc_frame,110.000000,PhC-C2DH-U373_01,ctc_tracking_centroid,248.000000,144.000000,0.000000,cell_centroid_motion,145.000000,0.000000,01_3,110,248.000000,144.000000,0.000000,145,01,CC-BY-4.0,ctc_phc_c2dh_u373,PhC-C2DH-U373,,0,0,114
ctc_phc-c2dh-u373_v1,PhC-C2DH-U373_01_t110_track4,ctc_frame,110.000000,PhC-C2DH-U373_01,ctc_tracking_centroid,289.000000,394.000000,0.000000,cell_centroid_motion,171.000000,0.000000,01_4,110,289.000000,394.000000,0.000000,171,01,CC-BY-4.0,ctc_phc_c2dh_u373,PhC-C2DH-U373,,0,0,114
ctc_phc-c2dh-u373_v1,PhC-C2DH-U373_01_t110_track5,ctc_frame,110.000000,PhC-C2DH-U373_01,ctc_tracking_centroid,62.000000,216.000000,0.000000,cell_centroid_motion,145.000000,0.000000,01_5,110,62.000000,216.000000,0.000000,145,01,CC-BY-4.0,ctc_phc_c2dh_u373,PhC-C2DH-U373,,0,0,114
ctc_phc-c2dh-u373_v1,PhC-C2DH-U373_01_t110_track6,ctc_frame,110.000000,PhC-C2DH-U373_01,ctc_tracking_centroid,555.000000,346.500000,0.000000,cell_centroid_motion,158.000000,0.000000,01_6,110,555.000000,346.500000,0.000000,158,01,CC-BY-4.0,ctc_phc_c2dh_u373,PhC-C2DH-U373,,0,0,114
ctc_phc-c2dh-u373_v1,PhC-C2DH-U373_01_t110_track8,ctc_frame,110.000000,PhC-C2DH-U373_01,ctc_tracking_centroid,68.500000,445.000000,0.000000,cell_centroid_motion,30.000000,0.000000,01_8,110,68.500000,445.000000,0.000000,30,01,CC-BY-4.0,ctc_phc_c2dh_u373,PhC-C2DH-U373,,7,54,114
ctc_phc-c2dh-u373_v1,PhC-C2DH-U373_01_t111_track1,ctc_frame,111.000000,PhC-C2DH-U373_01,ctc_tracking_centroid,160.000000,163.000000,0.000000,cell_centroid_motion,193.000000,0.000000,01_1,111,160.000000,163.000000,0.000000,193,01,CC-BY-4.0,ctc_phc_c2dh_u373,PhC-C2DH-U373,,0,0,114
ctc_phc-c2dh-u373_v1,PhC-C2DH-U373_01_t111_track2,ctc_frame,111.000000,PhC-C2DH-U373_01,ctc_tracking_centroid,220.000000,63.000000,0.000000,cell_centroid_motion,45.000000,0.000000,01_2,111,220.000000,63.000000,0.000000,45,01,CC-BY-4.0,ctc_phc_c2dh_u373,PhC-C2DH-U373,,0,0,114
ctc_phc-c2dh-u373_v1,PhC-C2DH-U373_01_t111_track3,ctc_frame,111.000000,PhC-C2DH-U373_01,ctc_tracking_centroid,248.000000,143.000000,0.000000,cell_centroid_motion,145.000000,0.000000,01_3,111,248.000000,143.000000,0.000000,145,01,CC-BY-4.0,ctc_phc_c2dh_u373,PhC-C2DH-U373,,0,0,114
ctc_phc-c2dh-u373_v1,PhC-C2DH-U373_01_t111_track4,ctc_frame,111.000000,PhC-C2DH-U373_01,ctc_tracking_centroid,275.626050,397.130252,0.000000,cell_centroid_motion,238.000000,0.000000,01_4,111,275.626050,397.130252,0.000000,238,01,CC-BY-4.0,ctc_phc_c2dh_u373,PhC-C2DH-U373,,0,0,114
ctc_phc-c2dh-u373_v1,PhC-C2DH-U373_01_t111_track5,ctc_frame,111.000000,PhC-C2DH-U373_01,ctc_tracking_centroid,62.000000,216.000000,0.000000,cell_centroid_motion,145.000000,0.000000,01_5,111,62.000000,216.000000,0.000000,145,01,CC-BY-4.0,ctc_phc_c2dh_u373,PhC-C2DH-U373,,0,0,114
ctc_phc-c2dh-u373_v1,PhC-C2DH-U373_01_t111_track6,ctc_frame,111.000000,PhC-C2DH-U373_01,ctc_tracking_centroid,555.000000,343.000000,0.000000,cell_centroid_motion,171.000000,0.000000,01_6,111,555.000000,343.000000,0.000000,171,01,CC-BY-4.0,ctc_phc_c2dh_u373,PhC-C2DH-U373,,0,0,114
ctc_phc-c2dh-u373_v1,PhC-C2DH-U373_01_t111_track8,ctc_frame,111.000000,PhC-C2DH-U373_01,ctc_tracking_centroid,66.000000,446.000000,0.000000,cell_centroid_motion,25.000000,0.000000,01_8,111,66.000000,446.000000,0.000000,25,01,CC-BY-4.0,ctc_phc_c2dh_u373,PhC-C2DH-U373,,7,54,114
ctc_phc-c2dh-u373_v1,PhC-C2DH-U373_01_t112_track1,ctc_frame,112.000000,PhC-C2DH-U373_01,ctc_tracking_centroid,159.000000,170.000000,0.000000,cell_centroid_motion,193.000000,0.000000,01_1,112,159.000000,170.000000,0.000000,193,01,CC-BY-4.0,ctc_phc_c2dh_u373,PhC-C2DH-U373,,0,0,114
ctc_phc-c2dh-u373_v1,PhC-C2DH-U373_01_t112_track2,ctc_frame,112.000000,PhC-C2DH-U373_01,ctc_tracking_centroid,230.000000,60.000000,0.000000,cell_centroid_motion,45.000000,0.000000,01_2,112,230.000000,60.000000,0.000000,45,01,CC-BY-4.0,ctc_phc_c2dh_u373,PhC-C2DH-U373,,0,0,114
ctc_phc-c2dh-u373_v1,PhC-C2DH-U373_01_t112_track3,ctc_frame,112.000000,PhC-C2DH-U373_01,ctc_tracking_centroid,248.000000,143.000000,0.000000,cell_centroid_motion,145.000000,0.000000,01_3,112,248.000000,143.000000,0.000000,145,01,CC-BY-4.0,ctc_phc_c2dh_u373,PhC-C2DH-U373,,0,0,114
ctc_phc-c2dh-u373_v1,PhC-C2DH-U373_01_t112_track4,ctc_frame,112.000000,PhC-C2DH-U373_01,ctc_tracking_centroid,266.500000,401.500000,0.000000,cell_centroid_motion,164.000000,0.000000,01_4,112,266.500000,401.500000,0.000000,164,01,CC-BY-4.0,ctc_phc_c2dh_u373,PhC-C2DH-U373,,0,0,114
ctc_phc-c2dh-u373_v1,PhC-C2DH-U373_01_t112_track5,ctc_frame,112.000000,PhC-C2DH-U373_01,ctc_tracking_centroid,61.500000,211.000000,0.000000,cell_centroid_motion,158.000000,0.000000,01_5,112,61.500000,211.000000,0.000000,158,01,CC-BY-4.0,ctc_phc_c2dh_u373,PhC-C2DH-U373,,0,0,114
ctc_phc-c2dh-u373_v1,PhC-C2DH-U373_01_t112_track6,ctc_frame,112.000000,PhC-C2DH-U373_01,ctc_tracking_centroid,555.000000,341.000000,0.000000,cell_centroid_motion,171.000000,0.000000,01_6,112,555.000000,341.000000,0.000000,171,01,CC-BY-4.0,ctc_phc_c2dh_u373,PhC-C2DH-U373,,0,0,114
ctc_phc-c2dh-u373_v1,PhC-C2DH-U373_01_t112_track8,ctc_frame,112.000000,PhC-C2DH-U373_01,ctc_tracking_centroid,57.000000,444.000000,0.000000,cell_centroid_motion,25.000000,0.000000,01_8,112,57.000000,444.000000,0.000000,25,01,CC-BY-4.0,ctc_phc_c2dh_u373,PhC-C2DH-U373,,7,54,114
ctc_phc-c2dh-u373_v1,PhC-C2DH-U373_01_t113_track1,ctc_frame,113.000000,PhC-C2DH-U373_01,ctc_tracking_centroid,163.000000,170.000000,0.000000,cell_centroid_motion,223.000000,0.000000,01_1,113,163.000000,170.000000,0.000000,223,01,CC-BY-4.0,ctc_phc_c2dh_u373,PhC-C2DH-U373,,0,0,114
ctc_phc-c2dh-u373_v1,PhC-C2DH-U373_01_t113_track2,ctc_frame,113.000000,PhC-C2DH-U373_01,ctc_tracking_centroid,230.000000,60.000000,0.000000,cell_centroid_motion,45.000000,0.000000,01_2,113,230.000000,60.000000,0.000000,45,01,CC-BY-4.0,ctc_phc_c2dh_u373,PhC-C2DH-U373,,0,0,114
ctc_phc-c2dh-u373_v1,PhC-C2DH-U373_01_t113_track3,ctc_frame,113.000000,PhC-C2DH-U373_01,ctc_tracking_centroid,245.000000,140.000000,0.000000,cell_centroid_motion,145.000000,0.000000,01_3,113,245.000000,140.000000,0.000000,145,01,CC-BY-4.0,ctc_phc_c2dh_u373,PhC-C2DH-U373,,0,0,114
ctc_phc-c2dh-u373_v1,PhC-C2DH-U373_01_t113_track4,ctc_frame,113.000000,PhC-C2DH-U373_01,ctc_tracking_centroid,265.734545,418.269091,0.000000,cell_centroid_motion,275.000000,0.000000,01_4,113,265.734545,418.269091,0.000000,275,01,CC-BY-4.0,ctc_phc_c2dh_u373,PhC-C2DH-U373,,0,0,114
ctc_phc-c2dh-u373_v1,PhC-C2DH-U373_01_t113_track5,ctc_frame,113.000000,PhC-C2DH-U373_01,ctc_tracking_centroid,60.000000,212.000000,0.000000,cell_centroid_motion,145.000000,0.000000,01_5,113,60.000000,212.000000,0.000000,145,01,CC-BY-4.0,ctc_phc_c2dh_u373,PhC-C2DH-U373,,0,0,114
ctc_phc-c2dh-u373_v1,PhC-C2DH-U373_01_t113_track6,ctc_frame,113.000000,PhC-C2DH-U373_01,ctc_tracking_centroid,553.000000,317.000000,0.000000,cell_centroid_motion,145.000000,0.000000,01_6,113,553.000000,317.000000,0.000000,145,01,CC-BY-4.0,ctc_phc_c2dh_u373,PhC-C2DH-U373,,0,0,114
ctc_phc-c2dh-u373_v1,PhC-C2DH-U373_01_t113_track8,ctc_frame,113.000000,PhC-C2DH-U373_01,ctc_tracking_centroid,54.000000,438.000000,0.000000,cell_centroid_motion,25.000000,0.000000,01_8,113,54.000000,438.000000,0.000000,25,01,CC-BY-4.0,ctc_phc_c2dh_u373,PhC-C2DH-U373,,7,54,114
ctc_phc-c2dh-u373_v1,PhC-C2DH-U373_01_t114_track1,ctc_frame,114.000000,PhC-C2DH-U373_01,ctc_tracking_centroid,163.000000,169.000000,0.000000,cell_centroid_motion,193.000000,0.000000,01_1,114,163.000000,169.000000,0.000000,193,01,CC-BY-4.0,ctc_phc_c2dh_u373,PhC-C2DH-U373,,0,0,114
ctc_phc-c2dh-u373_v1,PhC-C2DH-U373_01_t114_track2,ctc_frame,114.000000,PhC-C2DH-U373_01,ctc_tracking_centroid,230.000000,58.000000,0.000000,cell_centroid_motion,45.000000,0.000000,01_2,114,230.000000,58.000000,0.000000,45,01,CC-BY-4.0,ctc_phc_c2dh_u373,PhC-C2DH-U373,,0,0,114
ctc_phc-c2dh-u373_v1,PhC-C2DH-U373_01_t114_track3,ctc_frame,114.000000,PhC-C2DH-U373_01,ctc_tracking_centroid,240.000000,137.000000,0.000000,cell_centroid_motion,145.000000,0.000000,01_3,114,240.000000,137.000000,0.000000,145,01,CC-BY-4.0,ctc_phc_c2dh_u373,PhC-C2DH-U373,,0,0,114
ctc_phc-c2dh-u373_v1,PhC-C2DH-U373_01_t114_track4,ctc_frame,114.000000,PhC-C2DH-U373_01,ctc_tracking_centroid,287.468421,423.568421,0.000000,cell_centroid_motion,190.000000,0.000000,01_4,114,287.468421,423.568421,0.000000,190,01,CC-BY-4.0,ctc_phc_c2dh_u373,PhC-C2DH-U373,,0,0,114
ctc_phc-c2dh-u373_v1,PhC-C2DH-U373_01_t114_track5,ctc_frame,114.000000,PhC-C2DH-U373_01,ctc_tracking_centroid,60.000000,212.000000,0.000000,cell_centroid_motion,145.000000,0.000000,01_5,114,60.000000,212.000000,0.000000,145,01,CC-BY-4.0,ctc_phc_c2dh_u373,PhC-C2DH-U373,,0,0,114
ctc_phc-c2dh-u373_v1,PhC-C2DH-U373_01_t114_track6,ctc_frame,114.000000,PhC-C2DH-U373_01,ctc_tracking_centroid,553.536723,315.016949,0.000000,cell_centroid_motion,177.000000,0.000000,01_6,114,553.536723,315.016949,0.000000,177,01,CC-BY-4.0,ctc_phc_c2dh_u373,PhC-C2DH-U373,,0,0,114
ctc_phc-c2dh-u373_v1,PhC-C2DH-U373_01_t114_track8,ctc_frame,114.000000,PhC-C2DH-U373_01,ctc_tracking_centroid,51.500000,440.000000,0.000000,cell_centroid_motion,30.000000,0.000000,01_8,114,51.500000,440.000000,0.000000,30,01,CC-BY-4.0,ctc_phc_c2dh_u373,PhC-C2DH-U373,,7,54,114
ctc_phc-c2dh-u373_v1,PhC-C2DH-U373_02_t000_track1,ctc_frame,0.000000,PhC-C2DH-U373_02,ctc_tracking_centroid,62.000000,296.000000,0.000000,cell_centroid_motion,69.000000,0.000000,02_1,0,62.000000,296.000000,0.000000,69,02,CC-BY-4.0,ctc_phc_c2dh_u373,PhC-C2DH-U373,,0,0,79
ctc_phc-c2dh-u373_v1,PhC-C2DH-U373_02_t000_track3,ctc_frame,0.000000,PhC-C2DH-U373_02,ctc_tracking_centroid,199.000000,185.000000,0.000000,cell_centroid_motion,69.000000,0.000000,02_3,0,199.000000,185.000000,0.000000,69,02,CC-BY-4.0,ctc_phc_c2dh_u373,PhC-C2DH-U373,,0,0,114
ctc_phc-c2dh-u373_v1,PhC-C2DH-U373_02_t000_track4,ctc_frame,0.000000,PhC-C2DH-U373_02,ctc_tracking_centroid,586.000000,112.000000,0.000000,cell_centroid_motion,69.000000,0.000000,02_4,0,586.000000,112.000000,0.000000,69,02,CC-BY-4.0,ctc_phc_c2dh_u373,PhC-C2DH-U373,,0,0,114
ctc_phc-c2dh-u373_v1,PhC-C2DH-U373_02_t000_track5,ctc_frame,0.000000,PhC-C2DH-U373_02,ctc_tracking_centroid,641.000000,282.000000,0.000000,cell_centroid_motion,9.000000,0.000000,02_5,0,641.000000,282.000000,0.000000,9,02,CC-BY-4.0,ctc_phc_c2dh_u373,PhC-C2DH-U373,,0,0,3
ctc_phc-c2dh-u373_v1,PhC-C2DH-U373_02_t000_track11,ctc_frame,0.000000,PhC-C2DH-U373_02,ctc_tracking_centroid,627.000000,433.000000,0.000000,cell_centroid_motion,109.000000,0.000000,02_11,0,627.000000,433.000000,0.000000,109,02,CC-BY-4.0,ctc_phc_c2dh_u373,PhC-C2DH-U373,,0,0,58
ctc_phc-c2dh-u373_v1,PhC-C2DH-U373_02_t000_track14,ctc_frame,0.000000,PhC-C2DH-U373_02,ctc_tracking_centroid,69.000000,383.000000,0.000000,cell_centroid_motion,45.000000,0.000000,02_14,0,69.000000,383.000000,0.000000,45,02,CC-BY-4.0,ctc_phc_c2dh_u373,PhC-C2DH-U373,,0,0,72
ctc_phc-c2dh-u373_v1,PhC-C2DH-U373_02_t001_track1,ctc_frame,1.000000,PhC-C2DH-U373_02,ctc_tracking_centroid,62.000000,296.000000,0.000000,cell_centroid_motion,69.000000,0.000000,02_1,1,62.000000,296.000000,0.000000,69,02,CC-BY-4.0,ctc_phc_c2dh_u373,PhC-C2DH-U373,,0,0,79
ctc_phc-c2dh-u373_v1,PhC-C2DH-U373_02_t001_track3,ctc_frame,1.000000,PhC-C2DH-U373_02,ctc_tracking_centroid,199.000000,185.000000,0.000000,cell_centroid_motion,145.000000,0.000000,02_3,1,199.000000,185.000000,0.000000,145,02,CC-BY-4.0,ctc_phc_c2dh_u373,PhC-C2DH-U373,,0,0,114
ctc_phc-c2dh-u373_v1,PhC-C2DH-U373_02_t001_track4,ctc_frame,1.000000,PhC-C2DH-U373_02,ctc_tracking_centroid,585.000000,112.000000,0.000000,cell_centroid_motion,69.000000,0.000000,02_4,1,585.000000,112.000000,0.000000,69,02,CC-BY-4.0,ctc_phc_c2dh_u373,PhC-C2DH-U373,,0,0,114
ctc_phc-c2dh-u373_v1,PhC-C2DH-U373_02_t001_track5,ctc_frame,1.000000,PhC-C2DH-U373_02,ctc_tracking_centroid,641.000000,285.000000,0.000000,cell_centroid_motion,9.000000,0.000000,02_5,1,641.000000,285.000000,0.000000,9,02,CC-BY-4.0,ctc_phc_c2dh_u373,PhC-C2DH-U373,,0,0,3
ctc_phc-c2dh-u373_v1,PhC-C2DH-U373_02_t001_track11,ctc_frame,1.000000,PhC-C2DH-U373_02,ctc_tracking_centroid,627.000000,436.000000,0.000000,cell_centroid_motion,109.000000,0.000000,02_11,1,627.000000,436.000000,0.000000,109,02,CC-BY-4.0,ctc_phc_c2dh_u373,PhC-C2DH-U373,,0,0,58
ctc_phc-c2dh-u373_v1,PhC-C2DH-U373_02_t001_track14,ctc_frame,1.000000,PhC-C2DH-U373_02,ctc_tracking_centroid,66.000000,392.000000,0.000000,cell_centroid_motion,69.000000,0.000000,02_14,1,66.000000,392.000000,0.000000,69,02,CC-BY-4.0,ctc_phc_c2dh_u373,PhC-C2DH-U373,,0,0,72
ctc_phc-c2dh-u373_v1,PhC-C2DH-U373_02_t002_track1,ctc_frame,2.000000,PhC-C2DH-U373_02,ctc_tracking_centroid,62.000000,296.000000,0.000000,cell_centroid_motion,69.000000,0.000000,02_1,2,62.000000,296.000000,0.000000,69,02,CC-BY-4.0,ctc_phc_c2dh_u373,PhC-C2DH-U373,,0,0,79
ctc_phc-c2dh-u373_v1,PhC-C2DH-U373_02_t002_track3,ctc_frame,2.000000,PhC-C2DH-U373_02,ctc_tracking_centroid,199.000000,185.000000,0.000000,cell_centroid_motion,109.000000,0.000000,02_3,2,199.000000,185.000000,0.000000,109,02,CC-BY-4.0,ctc_phc_c2dh_u373,PhC-C2DH-U373,,0,0,114
ctc_phc-c2dh-u373_v1,PhC-C2DH-U373_02_t002_track4,ctc_frame,2.000000,PhC-C2DH-U373_02,ctc_tracking_centroid,585.000000,111.000000,0.000000,cell_centroid_motion,69.000000,0.000000,02_4,2,585.000000,111.000000,0.000000,69,02,CC-BY-4.0,ctc_phc_c2dh_u373,PhC-C2DH-U373,,0,0,114
ctc_phc-c2dh-u373_v1,PhC-C2DH-U373_02_t002_track5,ctc_frame,2.000000,PhC-C2DH-U373_02,ctc_tracking_centroid,640.000000,287.000000,0.000000,cell_centroid_motion,9.000000,0.000000,02_5,2,640.000000,287.000000,0.000000,9,02,CC-BY-4.0,ctc_phc_c2dh_u373,PhC-C2DH-U373,,0,0,3
ctc_phc-c2dh-u373_v1,PhC-C2DH-U373_02_t002_track11,ctc_frame,2.000000,PhC-C2DH-U373_02,ctc_tracking_centroid,626.000000,439.000000,0.000000,cell_centroid_motion,109.000000,0.000000,02_11,2,626.000000,439.000000,0.000000,109,02,CC-BY-4.0,ctc_phc_c2dh_u373,PhC-C2DH-U373,,0,0,58
ctc_phc-c2dh-u373_v1,PhC-C2DH-U373_02_t002_track14,ctc_frame,2.000000,PhC-C2DH-U373_02,ctc_tracking_centroid,68.000000,393.000000,0.000000,cell_centroid_motion,69.000000,0.000000,02_14,2,68.000000,393.000000,0.000000,69,02,CC-BY-4.0,ctc_phc_c2dh_u373,PhC-C2DH-U373,,0,0,72
ctc_phc-c2dh-u373_v1,PhC-C2DH-U373_02_t003_track1,ctc_frame,3.000000,PhC-C2DH-U373_02,ctc_tracking_centroid,68.000000,293.000000,0.000000,cell_centroid_motion,69.000000,0.000000,02_1,3,68.000000,293.000000,0.000000,69,02,CC-BY-4.0,ctc_phc_c2dh_u373,PhC-C2DH-U373,,0,0,79
ctc_phc-c2dh-u373_v1,PhC-C2DH-U373_02_t003_track3,ctc_frame,3.000000,PhC-C2DH-U373_02,ctc_tracking_centroid,199.000000,185.000000,0.000000,cell_centroid_motion,109.000000,0.000000,02_3,3,199.000000,185.000000,0.000000,109,02,CC-BY-4.0,ctc_phc_c2dh_u373,PhC-C2DH-U373,,0,0,114
ctc_phc-c2dh-u373_v1,PhC-C2DH-U373_02_t003_track4,ctc_frame,3.000000,PhC-C2DH-U373_02,ctc_tracking_centroid,582.000000,110.000000,0.000000,cell_centroid_motion,69.000000,0.000000,02_4,3,582.000000,110.000000,0.000000,69,02,CC-BY-4.0,ctc_phc_c2dh_u373,PhC-C2DH-U373,,0,0,114
ctc_phc-c2dh-u373_v1,PhC-C2DH-U373_02_t003_track5,ctc_frame,3.000000,PhC-C2DH-U373_02,ctc_tracking_centroid,642.000000,292.000000,0.000000,cell_centroid_motion,9.000000,0.000000,02_5,3,642.000000,292.000000,0.000000,9,02,CC-BY-4.0,ctc_phc_c2dh_u373,PhC-C2DH-U373,,0,0,3
ctc_phc-c2dh-u373_v1,PhC-C2DH-U373_02_t003_track11,ctc_frame,3.000000,PhC-C2DH-U373_02,ctc_tracking_centroid,626.000000,443.000000,0.000000,cell_centroid_motion,109.000000,0.000000,02_11,3,626.000000,443.000000,0.000000,109,02,CC-BY-4.0,ctc_phc_c2dh_u373,PhC-C2DH-U373,,0,0,58
ctc_phc-c2dh-u373_v1,PhC-C2DH-U373_02_t003_track14,ctc_frame,3.000000,PhC-C2DH-U373_02,ctc_tracking_centroid,72.000000,397.000000,0.000000,cell_centroid_motion,69.000000,0.000000,02_14,3,72.000000,397.000000,0.000000,69,02,CC-BY-4.0,ctc_phc_c2dh_u373,PhC-C2DH-U373,,0,0,72
ctc_phc-c2dh-u373_v1,PhC-C2DH-U373_02_t004_track1,ctc_frame,4.000000,PhC-C2DH-U373_02,ctc_tracking_centroid,68.000000,293.000000,0.000000,cell_centroid_motion,69.000000,0.000000,02_1,4,68.000000,293.000000,0.000000,69,02,CC-BY-4.0,ctc_phc_c2dh_u373,PhC-C2DH-U373,,0,0,79
ctc_phc-c2dh-u373_v1,PhC-C2DH-U373_02_t004_track3,ctc_frame,4.000000,PhC-C2DH-U373_02,ctc_tracking_centroid,201.000000,186.000000,0.000000,cell_centroid_motion,109.000000,0.000000,02_3,4,201.000000,186.000000,0.000000,109,02,CC-BY-4.0,ctc_phc_c2dh_u373,PhC-C2DH-U373,,0,0,114
ctc_phc-c2dh-u373_v1,PhC-C2DH-U373_02_t004_track4,ctc_frame,4.000000,PhC-C2DH-U373_02,ctc_tracking_centroid,582.000000,110.000000,0.000000,cell_centroid_motion,69.000000,0.000000,02_4,4,582.000000,110.000000,0.000000,69,02,CC-BY-4.0,ctc_phc_c2dh_u373,PhC-C2DH-U373,,0,0,114
ctc_phc-c2dh-u373_v1,PhC-C2DH-U373_02_t004_track11,ctc_frame,4.000000,PhC-C2DH-U373_02,ctc_tracking_centroid,625.000000,447.000000,0.000000,cell_centroid_motion,109.000000,0.000000,02_11,4,625.000000,447.000000,0.000000,109,02,CC-BY-4.0,ctc_phc_c2dh_u373,PhC-C2DH-U373,,0,0,58
ctc_phc-c2dh-u373_v1,PhC-C2DH-U373_02_t004_track14,ctc_frame,4.000000,PhC-C2DH-U373_02,ctc_tracking_centroid,72.000000,397.000000,0.000000,cell_centroid_motion,45.000000,0.000000,02_14,4,72.000000,397.000000,0.000000,45,02,CC-BY-4.0,ctc_phc_c2dh_u373,PhC-C2DH-U373,,0,0,72
ctc_phc-c2dh-u373_v1,PhC-C2DH-U373_02_t005_track1,ctc_frame,5.000000,PhC-C2DH-U373_02,ctc_tracking_centroid,67.000000,289.000000,0.000000,cell_centroid_motion,69.000000,0.000000,02_1,5,67.000000,289.000000,0.000000,69,02,CC-BY-4.0,ctc_phc_c2dh_u373,PhC-C2DH-U373,,0,0,79
ctc_phc-c2dh-u373_v1,PhC-C2DH-U373_02_t005_track3,ctc_frame,5.000000,PhC-C2DH-U373_02,ctc_tracking_centroid,201.000000,186.000000,0.000000,cell_centroid_motion,109.000000,0.000000,02_3,5,201.000000,186.000000,0.000000,109,02,CC-BY-4.0,ctc_phc_c2dh_u373,PhC-C2DH-U373,,0,0,114
ctc_phc-c2dh-u373_v1,PhC-C2DH-U373_02_t005_track4,ctc_frame,5.000000,PhC-C2DH-U373_02,ctc_tracking_centroid,579.336449,106.168224,0.000000,cell_centroid_motion,107.000000,0.000000,02_4,5,579.336449,106.168224,0.000000,107,02,CC-BY-4.0,ctc_phc_c2dh_u373,PhC-C2DH-U373,,0,0,114
ctc_phc-c2dh-u373_v1,PhC-C2DH-U373_02_t005_track11,ctc_frame,5.000000,PhC-C2DH-U373_02,ctc_tracking_centroid,625.000000,444.000000,0.000000,cell_centroid_motion,109.000000,0.000000,02_11,5,625.000000,444.000000,0.000000,109,02,CC-BY-4.0,ctc_phc_c2dh_u373,PhC-C2DH-U373,,0,0,58
ctc_phc-c2dh-u373_v1,PhC-C2DH-U373_02_t005_track14,ctc_frame,5.000000,PhC-C2DH-U373_02,ctc_tracking_centroid,73.500000,397.000000,0.000000,cell_centroid_motion,52.000000,0.000000,02_14,5,73.500000,397.000000,0.000000,52,02,CC-BY-4.0,ctc_phc_c2dh_u373,PhC-C2DH-U373,,0,0,72
ctc_phc-c2dh-u373_v1,PhC-C2DH-U373_02_t006_track1,ctc_frame,6.000000,PhC-C2DH-U373_02,ctc_tracking_centroid,66.000000,283.000000,0.000000,cell_centroid_motion,69.000000,0.000000,02_1,6,66.000000,283.000000,0.000000,69,02,CC-BY-4.0,ctc_phc_c2dh_u373,PhC-C2DH-U373,,0,0,79
ctc_phc-c2dh-u373_v1,PhC-C2DH-U373_02_t006_track3,ctc_frame,6.000000,PhC-C2DH-U373_02,ctc_tracking_centroid,201.000000,186.000000,0.000000,cell_centroid_motion,109.000000,0.000000,02_3,6,201.000000,186.000000,0.000000,109,02,CC-BY-4.0,ctc_phc_c2dh_u373,PhC-C2DH-U373,,0,0,114
ctc_phc-c2dh-u373_v1,PhC-C2DH-U373_02_t006_track4,ctc_frame,6.000000,PhC-C2DH-U373_02,ctc_tracking_centroid,571.000000,102.000000,0.000000,cell_centroid_motion,87.000000,0.000000,02_4,6,571.000000,102.000000,0.000000,87,02,CC-BY-4.0,ctc_phc_c2dh_u373,PhC-C2DH-U373,,0,0,114
ctc_phc-c2dh-u373_v1,PhC-C2DH-U373_02_t006_track11,ctc_frame,6.000000,PhC-C2DH-U373_02,ctc_tracking_centroid,623.000000,443.000000,0.000000,cell_centroid_motion,109.000000,0.000000,02_11,6,623.000000,443.000000,0.000000,109,02,CC-BY-4.0,ctc_phc_c2dh_u373,PhC-C2DH-U373,,0,0,58
ctc_phc-c2dh-u373_v1,PhC-C2DH-U373_02_t006_track14,ctc_frame,6.000000,PhC-C2DH-U373_02,ctc_tracking_centroid,80.000000,399.500000,0.000000,cell_centroid_motion,52.000000,0.000000,02_14,6,80.000000,399.500000,0.000000,52,02,CC-BY-4.0,ctc_phc_c2dh_u373,PhC-C2DH-U373,,0,0,72
ctc_phc-c2dh-u373_v1,PhC-C2DH-U373_02_t007_track1,ctc_frame,7.000000,PhC-C2DH-U373_02,ctc_tracking_centroid,66.000000,283.000000,0.000000,cell_centroid_motion,69.000000,0.000000,02_1,7,66.000000,283.000000,0.000000,69,02,CC-BY-4.0,ctc_phc_c2dh_u373,PhC-C2DH-U373,,0,0,79
ctc_phc-c2dh-u373_v1,PhC-C2DH-U373_02_t007_track3,ctc_frame,7.000000,PhC-C2DH-U373_02,ctc_tracking_centroid,194.000000,188.000000,0.000000,cell_centroid_motion,109.000000,0.000000,02_3,7,194.000000,188.000000,0.000000,109,02,CC-BY-4.0,ctc_phc_c2dh_u373,PhC-C2DH-U373,,0,0,114
ctc_phc-c2dh-u373_v1,PhC-C2DH-U373_02_t007_track4,ctc_frame,7.000000,PhC-C2DH-U373_02,ctc_tracking_centroid,568.500000,102.000000,0.000000,cell_centroid_motion,96.000000,0.000000,02_4,7,568.500000,102.000000,0.000000,96,02,CC-BY-4.0,ctc_phc_c2dh_u373,PhC-C2DH-U373,,0,0,114
ctc_phc-c2dh-u373_v1,PhC-C2DH-U373_02_t007_track11,ctc_frame,7.000000,PhC-C2DH-U373_02,ctc_tracking_centroid,623.000000,445.000000,0.000000,cell_centroid_motion,109.000000,0.000000,02_11,7,623.000000,445.000000,0.000000,109,02,CC-BY-4.0,ctc_phc_c2dh_u373,PhC-C2DH-U373,,0,0,58
ctc_phc-c2dh-u373_v1,PhC-C2DH-U373_02_t007_track14,ctc_frame,7.000000,PhC-C2DH-U373_02,ctc_tracking_centroid,80.000000,403.000000,0.000000,cell_centroid_motion,45.000000,0.000000,02_14,7,80.000000,403.000000,0.000000,45,02,CC-BY-4.0,ctc_phc_c2dh_u373,PhC-C2DH-U373,,0,0,72
ctc_phc-c2dh-u373_v1,PhC-C2DH-U373_02_t008_track1,ctc_frame,8.000000,PhC-C2DH-U373_02,ctc_tracking_centroid,65.000000,279.000000,0.000000,cell_centroid_motion,69.000000,0.000000,02_1,8,65.000000,279.000000,0.000000,69,02,CC-BY-4.0,ctc_phc_c2dh_u373,PhC-C2DH-U373,,0,0,79
ctc_phc-c2dh-u373_v1,PhC-C2DH-U373_02_t008_track3,ctc_frame,8.000000,PhC-C2DH-U373_02,ctc_tracking_centroid,192.000000,187.000000,0.000000,cell_centroid_motion,109.000000,0.000000,02_3,8,192.000000,187.000000,0.000000,109,02,CC-BY-4.0,ctc_phc_c2dh_u373,PhC-C2DH-U373,,0,0,114
ctc_phc-c2dh-u373_v1,PhC-C2DH-U373_02_t008_track4,ctc_frame,8.000000,PhC-C2DH-U373_02,ctc_tracking_centroid,565.000000,101.000000,0.000000,cell_centroid_motion,69.000000,0.000000,02_4,8,565.000000,101.000000,0.000000,69,02,CC-BY-4.0,ctc_phc_c2dh_u373,PhC-C2DH-U373,,0,0,114
ctc_phc-c2dh-u373_v1,PhC-C2DH-U373_02_t008_track11,ctc_frame,8.000000,PhC-C2DH-U373_02,ctc_tracking_centroid,621.000000,443.000000,0.000000,cell_centroid_motion,109.000000,0.000000,02_11,8,621.000000,443.000000,0.000000,109,02,CC-BY-4.0,ctc_phc_c2dh_u373,PhC-C2DH-U373,,0,0,58
ctc_phc-c2dh-u373_v1,PhC-C2DH-U373_02_t008_track14,ctc_frame,8.000000,PhC-C2DH-U373_02,ctc_tracking_centroid,80.000000,405.000000,0.000000,cell_centroid_motion,45.000000,0.000000,02_14,8,80.000000,405.000000,0.000000,45,02,CC-BY-4.0,ctc_phc_c2dh_u373,PhC-C2DH-U373,,0,0,72
ctc_phc-c2dh-u373_v1,PhC-C2DH-U373_02_t009_track1,ctc_frame,9.000000,PhC-C2DH-U373_02,ctc_tracking_centroid,65.000000,279.000000,0.000000,cell_centroid_motion,69.000000,0.000000,02_1,9,65.000000,279.000000,0.000000,69,02,CC-BY-4.0,ctc_phc_c2dh_u373,PhC-C2DH-U373,,0,0,79
ctc_phc-c2dh-u373_v1,PhC-C2DH-U373_02_t009_track3,ctc_frame,9.000000,PhC-C2DH-U373_02,ctc_tracking_centroid,193.000000,185.000000,0.000000,cell_centroid_motion,109.000000,0.000000,02_3,9,193.000000,185.000000,0.000000,109,02,CC-BY-4.0,ctc_phc_c2dh_u373,PhC-C2DH-U373,,0,0,114
ctc_phc-c2dh-u373_v1,PhC-C2DH-U373_02_t009_track4,ctc_frame,9.000000,PhC-C2DH-U373_02,ctc_tracking_centroid,564.000000,101.000000,0.000000,cell_centroid_motion,69.000000,0.000000,02_4,9,564.000000,101.000000,0.000000,69,02,CC-BY-4.0,ctc_phc_c2dh_u373,PhC-C2DH-U373,,0,0,114
ctc_phc-c2dh-u373_v1,PhC-C2DH-U373_02_t009_track11,ctc_frame,9.000000,PhC-C2DH-U373_02,ctc_tracking_centroid,621.000000,443.000000,0.000000,cell_centroid_motion,109.000000,0.000000,02_11,9,621.000000,443.000000,0.000000,109,02,CC-BY-4.0,ctc_phc_c2dh_u373,PhC-C2DH-U373,,0,0,58
ctc_phc-c2dh-u373_v1,PhC-C2DH-U373_02_t009_track14,ctc_frame,9.000000,PhC-C2DH-U373_02,ctc_tracking_centroid,82.000000,410.500000,0.000000,cell_centroid_motion,66.000000,0.000000,02_14,9,82.000000,410.500000,0.000000,66,02,CC-BY-4.0,ctc_phc_c2dh_u373,PhC-C2DH-U373,,0,0,72
ctc_phc-c2dh-u373_v1,PhC-C2DH-U373_02_t010_track1,ctc_frame,10.000000,PhC-C2DH-U373_02,ctc_tracking_centroid,62.500000,279.000000,0.000000,cell_centroid_motion,78.000000,0.000000,02_1,10,62.500000,279.000000,0.000000,78,02,CC-BY-4.0,ctc_phc_c2dh_u373,PhC-C2DH-U373,,0,0,79
ctc_phc-c2dh-u373_v1,PhC-C2DH-U373_02_t010_track3,ctc_frame,10.000000,PhC-C2DH-U373_02,ctc_tracking_centroid,193.500000,183.000000,0.000000,cell_centroid_motion,120.000000,0.000000,02_3,10,193.500000,183.000000,0.000000,120,02,CC-BY-4.0,ctc_phc_c2dh_u373,PhC-C2DH-U373,,0,0,114
ctc_phc-c2dh-u373_v1,PhC-C2DH-U373_02_t010_track4,ctc_frame,10.000000,PhC-C2DH-U373_02,ctc_tracking_centroid,564.000000,101.000000,0.000000,cell_centroid_motion,69.000000,0.000000,02_4,10,564.000000,101.000000,0.000000,69,02,CC-BY-4.0,ctc_phc_c2dh_u373,PhC-C2DH-U373,,0,0,114
ctc_phc-c2dh-u373_v1,PhC-C2DH-U373_02_t010_track11,ctc_frame,10.000000,PhC-C2DH-U373_02,ctc_tracking_centroid,620.000000,448.000000,0.000000,cell_centroid_motion,109.000000,0.000000,02_11,10,620.000000,448.000000,0.000000,109,02,CC-BY-4.0,ctc_phc_c2dh_u373,PhC-C2DH-U373,,0,0,58
ctc_phc-c2dh-u373_v1,PhC-C2DH-U373_02_t010_track14,ctc_frame,10.000000,PhC-C2DH-U373_02,ctc_tracking_centroid,82.000000,415.500000,0.000000,cell_centroid_motion,52.000000,0.000000,02_14,10,82.000000,415.500000,0.000000,52,02,CC-BY-4.0,ctc_phc_c2dh_u373,PhC-C2DH-U373,,0,0,72
ctc_phc-c2dh-u373_v1,PhC-C2DH-U373_02_t011_track1,ctc_frame,11.000000,PhC-C2DH-U373_02,ctc_tracking_centroid,58.000000,277.000000,0.000000,cell_centroid_motion,69.000000,0.000000,02_1,11,58.000000,277.000000,0.000000,69,02,CC-BY-4.0,ctc_phc_c2dh_u373,PhC-C2DH-U373,,0,0,79
ctc_phc-c2dh-u373_v1,PhC-C2DH-U373_02_t011_track3,ctc_frame,11.000000,PhC-C2DH-U373_02,ctc_tracking_centroid,194.000000,183.000000,0.000000,cell_centroid_motion,109.000000,0.000000,02_3,11,194.000000,183.000000,0.000000,109,02,CC-BY-4.0,ctc_phc_c2dh_u373,PhC-C2DH-U373,,0,0,114
ctc_phc-c2dh-u373_v1,PhC-C2DH-U373_02_t011_track4,ctc_frame,11.000000,PhC-C2DH-U373_02,ctc_tracking_centroid,562.000000,101.000000,0.000000,cell_centroid_motion,105.000000,0.000000,02_4,11,562.000000,101.000000,0.000000,105,02,CC-BY-4.0,ctc_phc_c2dh_u373,PhC-C2DH-U373,,0,0,114
ctc_phc-c2dh-u373_v1,PhC-C2DH-U373_02_t011_track11,ctc_frame,11.000000,PhC-C2DH-U373_02,ctc_tracking_centroid,616.000000,451.000000,0.000000,cell_centroid_motion,109.000000,0.000000,02_11,11,616.000000,451.000000,0.000000,109,02,CC-BY-4.0,ctc_phc_c2dh_u373,PhC-C2DH-U373,,0,0,58
ctc_phc-c2dh-u373_v1,PhC-C2DH-U373_02_t011_track14,ctc_frame,11.000000,PhC-C2DH-U373_02,ctc_tracking_centroid,82.000000,420.500000,0.000000,cell_centroid_motion,52.000000,0.000000,02_14,11,82.000000,420.500000,0.000000,52,02,CC-BY-4.0,ctc_phc_c2dh_u373,PhC-C2DH-U373,,0,0,72
ctc_phc-c2dh-u373_v1,PhC-C2DH-U373_02_t012_track1,ctc_frame,12.000000,PhC-C2DH-U373_02,ctc_tracking_centroid,56.000000,266.000000,0.000000,cell_centroid_motion,69.000000,0.000000,02_1,12,56.000000,266.000000,0.000000,69,02,CC-BY-4.0,ctc_phc_c2dh_u373,PhC-C2DH-U373,,0,0,79
ctc_phc-c2dh-u373_v1,PhC-C2DH-U373_02_t012_track3,ctc_frame,12.000000,PhC-C2DH-U373_02,ctc_tracking_centroid,197.500000,180.000000,0.000000,cell_centroid_motion,120.000000,0.000000,02_3,12,197.500000,180.000000,0.000000,120,02,CC-BY-4.0,ctc_phc_c2dh_u373,PhC-C2DH-U373,,0,0,114
ctc_phc-c2dh-u373_v1,PhC-C2DH-U373_02_t012_track4,ctc_frame,12.000000,PhC-C2DH-U373_02,ctc_tracking_centroid,553.000000,100.000000,0.000000,cell_centroid_motion,69.000000,0.000000,02_4,12,553.000000,100.000000,0.000000,69,02,CC-BY-4.0,ctc_phc_c2dh_u373,PhC-C2DH-U373,,0,0,114
ctc_phc-c2dh-u373_v1,PhC-C2DH-U373_02_t012_track11,ctc_frame,12.000000,PhC-C2DH-U373_02,ctc_tracking_centroid,613.000000,451.000000,0.000000,cell_centroid_motion,109.000000,0.000000,02_11,12,613.000000,451.000000,0.000000,109,02,CC-BY-4.0,ctc_phc_c2dh_u373,PhC-C2DH-U373,,0,0,58
ctc_phc-c2dh-u373_v1,PhC-C2DH-U373_02_t012_track14,ctc_frame,12.000000,PhC-C2DH-U373_02,ctc_tracking_centroid,81.000000,423.000000,0.000000,cell_centroid_motion,45.000000,0.000000,02_14,12,81.000000,423.000000,0.000000,45,02,CC-BY-4.0,ctc_phc_c2dh_u373,PhC-C2DH-U373,,0,0,72
ctc_phc-c2dh-u373_v1,PhC-C2DH-U373_02_t013_track1,ctc_frame,13.000000,PhC-C2DH-U373_02,ctc_tracking_centroid,60.000000,257.000000,0.000000,cell_centroid_motion,69.000000,0.000000,02_1,13,60.000000,257.000000,0.000000,69,02,CC-BY-4.0,ctc_phc_c2dh_u373,PhC-C2DH-U373,,0,0,79
ctc_phc-c2dh-u373_v1,PhC-C2DH-U373_02_t013_track3,ctc_frame,13.000000,PhC-C2DH-U373_02,ctc_tracking_centroid,198.500000,179.000000,0.000000,cell_centroid_motion,120.000000,0.000000,02_3,13,198.500000,179.000000,0.000000,120,02,CC-BY-4.0,ctc_phc_c2dh_u373,PhC-C2DH-U373,,0,0,114
ctc_phc-c2dh-u373_v1,PhC-C2DH-U373_02_t013_track4,ctc_frame,13.000000,PhC-C2DH-U373_02,ctc_tracking_centroid,552.500000,100.000000,0.000000,cell_centroid_motion,78.000000,0.000000,02_4,13,552.500000,100.000000,0.000000,78,02,CC-BY-4.0,ctc_phc_c2dh_u373,PhC-C2DH-U373,,0,0,114
ctc_phc-c2dh-u373_v1,PhC-C2DH-U373_02_t013_track11,ctc_frame,13.000000,PhC-C2DH-U373_02,ctc_tracking_centroid,613.000000,449.500000,0.000000,cell_centroid_motion,120.000000,0.000000,02_11,13,613.000000,449.500000,0.000000,120,02,CC-BY-4.0,ctc_phc_c2dh_u373,PhC-C2DH-U373,,0,0,58
ctc_phc-c2dh-u373_v1,PhC-C2DH-U373_02_t013_track14,ctc_frame,13.000000,PhC-C2DH-U373_02,ctc_tracking_centroid,81.000000,424.000000,0.000000,cell_centroid_motion,45.000000,0.000000,02_14,13,81.000000,424.000000,0.000000,45,02,CC-BY-4.0,ctc_phc_c2dh_u373,PhC-C2DH-U373,,0,0,72
ctc_phc-c2dh-u373_v1,PhC-C2DH-U373_02_t014_track1,ctc_frame,14.000000,PhC-C2DH-U373_02,ctc_tracking_centroid,61.000000,256.500000,0.000000,cell_centroid_motion,78.000000,0.000000,02_1,14,61.000000,256.500000,0.000000,78,02,CC-BY-4.0,ctc_phc_c2dh_u373,PhC-C2DH-U373,,0,0,79
ctc_phc-c2dh-u373_v1,PhC-C2DH-U373_02_t014_track3,ctc_frame,14.000000,PhC-C2DH-U373_02,ctc_tracking_centroid,199.000000,177.000000,0.000000,cell_centroid_motion,109.000000,0.000000,02_3,14,199.000000,177.000000,0.000000,109,02,CC-BY-4.0,ctc_phc_c2dh_u373,PhC-C2DH-U373,,0,0,114
ctc_phc-c2dh-u373_v1,PhC-C2DH-U373_02_t014_track4,ctc_frame,14.000000,PhC-C2DH-U373_02,ctc_tracking_centroid,552.000000,100.500000,0.000000,cell_centroid_motion,78.000000,0.000000,02_4,14,552.000000,100.500000,0.000000,78,02,CC-BY-4.0,ctc_phc_c2dh_u373,PhC-C2DH-U373,,0,0,114
ctc_phc-c2dh-u373_v1,PhC-C2DH-U373_02_t014_track6,ctc_frame,14.000000,PhC-C2DH-U373_02,ctc_tracking_centroid,644.000000,319.000000,0.000000,cell_centroid_motion,9.000000,0.000000,02_6,14,644.000000,319.000000,0.000000,9,02,CC-BY-4.0,ctc_phc_c2dh_u373,PhC-C2DH-U373,,5,14,21
ctc_phc-c2dh-u373_v1,PhC-C2DH-U373_02_t014_track11,ctc_frame,14.000000,PhC-C2DH-U373_02,ctc_tracking_centroid,612.000000,449.000000,0.000000,cell_centroid_motion,109.000000,0.000000,02_11,14,612.000000,449.000000,0.000000,109,02,CC-BY-4.0,ctc_phc_c2dh_u373,PhC-C2DH-U373,,0,0,58
ctc_phc-c2dh-u373_v1,PhC-C2DH-U373_02_t014_track14,ctc_frame,14.000000,PhC-C2DH-U373_02,ctc_tracking_centroid,88.000000,425.000000,0.000000,cell_centroid_motion,45.000000,0.000000,02_14,14,88.000000,425.000000,0.000000,45,02,CC-BY-4.0,ctc_phc_c2dh_u373,PhC-C2DH-U373,,0,0,72
ctc_phc-c2dh-u373_v1,PhC-C2DH-U373_02_t015_track1,ctc_frame,15.000000,PhC-C2DH-U373_02,ctc_tracking_centroid,62.000000,254.000000,0.000000,cell_centroid_motion,69.000000,0.000000,02_1,15,62.000000,254.000000,0.000000,69,02,CC-BY-4.0,ctc_phc_c2dh_u373,PhC-C2DH-U373,,0,0,79
ctc_phc-c2dh-u373_v1,PhC-C2DH-U373_02_t015_track3,ctc_frame,15.000000,PhC-C2DH-U373_02,ctc_tracking_centroid,198.500000,175.000000,0.000000,cell_centroid_motion,120.000000,0.000000,02_3,15,198.500000,175.000000,0.000000,120,02,CC-BY-4.0,ctc_phc_c2dh_u373,PhC-C2DH-U373,,0,0,114
ctc_phc-c2dh-u373_v1,PhC-C2DH-U373_02_t015_track4,ctc_frame,15.000000,PhC-C2DH-U373_02,ctc_tracking_centroid,552.000000,101.000000,0.000000,cell_centroid_motion,69.000000,0.000000,02_4,15,552.000000,101.000000,0.000000,69,02,CC-BY-4.0,ctc_phc_c2dh_u373,PhC-C2DH-U373,,0,0,114
ctc_phc-c2dh-u373_v1,PhC-C2DH-U373_02_t015_track6,ctc_frame,15.000000,PhC-C2DH-U373_02,ctc_tracking_centroid,643.000000,324.000000,0.000000,cell_centroid_motion,9.000000,0.000000,02_6,15,643.000000,324.000000,0.000000,9,02,CC-BY-4.0,ctc_phc_c2dh_u373,PhC-C2DH-U373,,5,14,21
ctc_phc-c2dh-u373_v1,PhC-C2DH-U373_02_t015_track11,ctc_frame,15.000000,PhC-C2DH-U373_02,ctc_tracking_centroid,611.000000,449.000000,0.000000,cell_centroid_motion,109.000000,0.000000,02_11,15,611.000000,449.000000,0.000000,109,02,CC-BY-4.0,ctc_phc_c2dh_u373,PhC-C2DH-U373,,0,0,58
ctc_phc-c2dh-u373_v1,PhC-C2DH-U373_02_t015_track14,ctc_frame,15.000000,PhC-C2DH-U373_02,ctc_tracking_centroid,89.000000,425.000000,0.000000,cell_centroid_motion,45.000000,0.000000,02_14,15,89.000000,425.000000,0.000000,45,02,CC-BY-4.0,ctc_phc_c2dh_u373,PhC-C2DH-U373,,0,0,72
ctc_phc-c2dh-u373_v1,PhC-C2DH-U373_02_t016_track1,ctc_frame,16.000000,PhC-C2DH-U373_02,ctc_tracking_centroid,63.000000,249.000000,0.000000,cell_centroid_motion,69.000000,0.000000,02_1,16,63.000000,249.000000,0.000000,69,02,CC-BY-4.0,ctc_phc_c2dh_u373,PhC-C2DH-U373,,0,0,79
ctc_phc-c2dh-u373_v1,PhC-C2DH-U373_02_t016_track3,ctc_frame,16.000000,PhC-C2DH-U373_02,ctc_tracking_centroid,197.000000,172.000000,0.000000,cell_centroid_motion,109.000000,0.000000,02_3,16,197.000000,172.000000,0.000000,109,02,CC-BY-4.0,ctc_phc_c2dh_u373,PhC-C2DH-U373,,0,0,114
ctc_phc-c2dh-u373_v1,PhC-C2DH-U373_02_t016_track4,ctc_frame,16.000000,PhC-C2DH-U373_02,ctc_tracking_centroid,552.000000,101.000000,0.000000,cell_centroid_motion,69.000000,0.000000,02_4,16,552.000000,101.000000,0.000000,69,02,CC-BY-4.0,ctc_phc_c2dh_u373,PhC-C2DH-U373,,0,0,114
ctc_phc-c2dh-u373_v1,PhC-C2DH-U373_02_t016_track6,ctc_frame,16.000000,PhC-C2DH-U373_02,ctc_tracking_centroid,642.000000,326.000000,0.000000,cell_centroid_motion,9.000000,0.000000,02_6,16,642.000000,326.000000,0.000000,9,02,CC-BY-4.0,ctc_phc_c2dh_u373,PhC-C2DH-U373,,5,14,21
ctc_phc-c2dh-u373_v1,PhC-C2DH-U373_02_t016_track11,ctc_frame,16.000000,PhC-C2DH-U373_02,ctc_tracking_centroid,611.000000,449.000000,0.000000,cell_centroid_motion,109.000000,0.000000,02_11,16,611.000000,449.000000,0.000000,109,02,CC-BY-4.0,ctc_phc_c2dh_u373,PhC-C2DH-U373,,0,0,58
ctc_phc-c2dh-u373_v1,PhC-C2DH-U373_02_t016_track14,ctc_frame,16.000000,PhC-C2DH-U373_02,ctc_tracking_centroid,100.000000,425.000000,0.000000,cell_centroid_motion,45.000000,0.000000,02_14,16,100.000000,425.000000,0.000000,45,02,CC-BY-4.0,ctc_phc_c2dh_u373,PhC-C2DH-U373,,0,0,72
ctc_phc-c2dh-u373_v1,PhC-C2DH-U373_02_t017_track1,ctc_frame,17.000000,PhC-C2DH-U373_02,ctc_tracking_centroid,67.000000,247.000000,0.000000,cell_centroid_motion,69.000000,0.000000,02_1,17,67.000000,247.000000,0.000000,69,02,CC-BY-4.0,ctc_phc_c2dh_u373,PhC-C2DH-U373,,0,0,79
ctc_phc-c2dh-u373_v1,PhC-C2DH-U373_02_t017_track3,ctc_frame,17.000000,PhC-C2DH-U373_02,ctc_tracking_centroid,196.000000,172.000000,0.000000,cell_centroid_motion,131.000000,0.000000,02_3,17,196.000000,172.000000,0.000000,131,02,CC-BY-4.0,ctc_phc_c2dh_u373,PhC-C2DH-U373,,0,0,114
ctc_phc-c2dh-u373_v1,PhC-C2DH-U373_02_t017_track4,ctc_frame,17.000000,PhC-C2DH-U373_02,ctc_tracking_centroid,552.000000,101.000000,0.000000,cell_centroid_motion,69.000000,0.000000,02_4,17,552.000000,101.000000,0.000000,69,02,CC-BY-4.0,ctc_phc_c2dh_u373,PhC-C2DH-U373,,0,0,114
ctc_phc-c2dh-u373_v1,PhC-C2DH-U373_02_t017_track6,ctc_frame,17.000000,PhC-C2DH-U373_02,ctc_tracking_centroid,641.000000,326.000000,0.000000,cell_centroid_motion,9.000000,0.000000,02_6,17,641.000000,326.000000,0.000000,9,02,CC-BY-4.0,ctc_phc_c2dh_u373,PhC-C2DH-U373,,5,14,21
ctc_phc-c2dh-u373_v1,PhC-C2DH-U373_02_t017_track11,ctc_frame,17.000000,PhC-C2DH-U373_02,ctc_tracking_centroid,602.000000,450.000000,0.000000,cell_centroid_motion,109.000000,0.000000,02_11,17,602.000000,450.000000,0.000000,109,02,CC-BY-4.0,ctc_phc_c2dh_u373,PhC-C2DH-U373,,0,0,58
ctc_phc-c2dh-u373_v1,PhC-C2DH-U373_02_t017_track14,ctc_frame,17.000000,PhC-C2DH-U373_02,ctc_tracking_centroid,111.000000,419.000000,0.000000,cell_centroid_motion,45.000000,0.000000,02_14,17,111.000000,419.000000,0.000000,45,02,CC-BY-4.0,ctc_phc_c2dh_u373,PhC-C2DH-U373,,0,0,72
ctc_phc-c2dh-u373_v1,PhC-C2DH-U373_02_t018_track1,ctc_frame,18.000000,PhC-C2DH-U373_02,ctc_tracking_centroid,68.000000,247.000000,0.000000,cell_centroid_motion,69.000000,0.000000,02_1,18,68.000000,247.000000,0.000000,69,02,CC-BY-4.0,ctc_phc_c2dh_u373,PhC-C2DH-U373,,0,0,79
ctc_phc-c2dh-u373_v1,PhC-C2DH-U373_02_t018_track3,ctc_frame,18.000000,PhC-C2DH-U373_02,ctc_tracking_centroid,192.000000,177.000000,0.000000,cell_centroid_motion,109.000000,0.000000,02_3,18,192.000000,177.000000,0.000000,109,02,CC-BY-4.0,ctc_phc_c2dh_u373,PhC-C2DH-U373,,0,0,114
ctc_phc-c2dh-u373_v1,PhC-C2DH-U373_02_t018_track4,ctc_frame,18.000000,PhC-C2DH-U373_02,ctc_tracking_centroid,550.000000,101.000000,0.000000,cell_centroid_motion,105.000000,0.000000,02_4,18,550.000000,101.000000,0.000000,105,02,CC-BY-4.0,ctc_phc_c2dh_u373,PhC-C2DH-U373,,0,0,114
ctc_phc-c2dh-u373_v1,PhC-C2DH-U373_02_t018_track6,ctc_frame,18.000000,PhC-C2DH-U373_02,ctc_tracking_centroid,635.000000,326.000000,0.000000,cell_centroid_motion,9.000000,0.000000,02_6,18,635.000000,326.000000,0.000000,9,02,CC-BY-4.0,ctc_phc_c2dh_u373,PhC-C2DH-U373,,5,14,21
ctc_phc-c2dh-u373_v1,PhC-C2DH-U373_02_t018_track11,ctc_frame,18.000000,PhC-C2DH-U373_02,ctc_tracking_centroid,602.000000,450.000000,0.000000,cell_centroid_motion,109.000000,0.000000,02_11,18,602.000000,450.000000,0.000000,109,02,CC-BY-4.0,ctc_phc_c2dh_u373,PhC-C2DH-U373,,0,0,58
ctc_phc-c2dh-u373_v1,PhC-C2DH-U373_02_t018_track14,ctc_frame,18.000000,PhC-C2DH-U373_02,ctc_tracking_centroid,113.000000,417.000000,0.000000,cell_centroid_motion,45.000000,0.000000,02_14,18,113.000000,417.000000,0.000000,45,02,CC-BY-4.0,ctc_phc_c2dh_u373,PhC-C2DH-U373,,0,0,72
ctc_phc-c2dh-u373_v1,PhC-C2DH-U373_02_t019_track1,ctc_frame,19.000000,PhC-C2DH-U373_02,ctc_tracking_centroid,85.000000,251.500000,0.000000,cell_centroid_motion,78.000000,0.000000,02_1,19,85.000000,251.500000,0.000000,78,02,CC-BY-4.0,ctc_phc_c2dh_u373,PhC-C2DH-U373,,0,0,79
ctc_phc-c2dh-u373_v1,PhC-C2DH-U373_02_t019_track3,ctc_frame,19.000000,PhC-C2DH-U373_02,ctc_tracking_centroid,191.500000,177.000000,0.000000,cell_centroid_motion,120.000000,0.000000,02_3,19,191.500000,177.000000,0.000000,120,02,CC-BY-4.0,ctc_phc_c2dh_u373,PhC-C2DH-U373,,0,0,114
ctc_phc-c2dh-u373_v1,PhC-C2DH-U373_02_t019_track4,ctc_frame,19.000000,PhC-C2DH-U373_02,ctc_tracking_centroid,546.000000,100.000000,0.000000,cell_centroid_motion,69.000000,0.000000,02_4,19,546.000000,100.000000,0.000000,69,02,CC-BY-4.0,ctc_phc_c2dh_u373,PhC-C2DH-U373,,0,0,114
ctc_phc-c2dh-u373_v1,PhC-C2DH-U373_02_t019_track6,ctc_frame,19.000000,PhC-C2DH-U373_02,ctc_tracking_centroid,633.000000,324.000000,0.000000,cell_centroid_motion,9.000000,0.000000,02_6,19,633.000000,324.000000,0.000000,9,02,CC-BY-4.0,ctc_phc_c2dh_u373,PhC-C2DH-U373,,5,14,21
ctc_phc-c2dh-u373_v1,PhC-C2DH-U373_02_t019_track11,ctc_frame,19.000000,PhC-C2DH-U373_02,ctc_tracking_centroid,602.000000,454.000000,0.000000,cell_centroid_motion,109.000000,0.000000,02_11,19,602.000000,454.000000,0.000000,109,02,CC-BY-4.0,ctc_phc_c2dh_u373,PhC-C2DH-U373,,0,0,58
ctc_phc-c2dh-u373_v1,PhC-C2DH-U373_02_t019_track14,ctc_frame,19.000000,PhC-C2DH-U373_02,ctc_tracking_centroid,115.000000,418.000000,0.000000,cell_centroid_motion,45.000000,0.000000,02_14,19,115.000000,418.000000,0.000000,45,02,CC-BY-4.0,ctc_phc_c2dh_u373,PhC-C2DH-U373,,0,0,72
ctc_phc-c2dh-u373_v1,PhC-C2DH-U373_02_t020_track1,ctc_frame,20.000000,PhC-C2DH-U373_02,ctc_tracking_centroid,66.000000,246.000000,0.000000,cell_centroid_motion,69.000000,0.000000,02_1,20,66.000000,246.000000,0.000000,69,02,CC-BY-4.0,ctc_phc_c2dh_u373,PhC-C2DH-U373,,0,0,79
ctc_phc-c2dh-u373_v1,PhC-C2DH-U373_02_t020_track3,ctc_frame,20.000000,PhC-C2DH-U373_02,ctc_tracking_centroid,186.000000,180.000000,0.000000,cell_centroid_motion,109.000000,0.000000,02_3,20,186.000000,180.000000,0.000000,109,02,CC-BY-4.0,ctc_phc_c2dh_u373,PhC-C2DH-U373,,0,0,114
ctc_phc-c2dh-u373_v1,PhC-C2DH-U373_02_t020_track4,ctc_frame,20.000000,PhC-C2DH-U373_02,ctc_tracking_centroid,544.500000,99.000000,0.000000,cell_centroid_motion,78.000000,0.000000,02_4,20,544.500000,99.000000,0.000000,78,02,CC-BY-4.0,ctc_phc_c2dh_u373,PhC-C2DH-U373,,0,0,114
ctc_phc-c2dh-u373_v1,PhC-C2DH-U373_02_t020_track6,ctc_frame,20.000000,PhC-C2DH-U373_02,ctc_tracking_centroid,637.000000,324.000000,0.000000,cell_centroid_motion,9.000000,0.000000,02_6,20,637.000000,324.000000,0.000000,9,02,CC-BY-4.0,ctc_phc_c2dh_u373,PhC-C2DH-U373,,5,14,21
ctc_phc-c2dh-u373_v1,PhC-C2DH-U373_02_t020_track11,ctc_frame,20.000000,PhC-C2DH-U373_02,ctc_tracking_centroid,602.000000,454.000000,0.000000,cell_centroid_motion,109.000000,0.000000,02_11,20,602.000000,454.000000,0.000000,109,02,CC-BY-4.0,ctc_phc_c2dh_u373,PhC-C2DH-U373,,0,0,58
ctc_phc-c2dh-u373_v1,PhC-C2DH-U373_02_t020_track14,ctc_frame,20.000000,PhC-C2DH-U373_02,ctc_tracking_centroid,115.000000,420.000000,0.000000,cell_centroid_motion,45.000000,0.000000,02_14,20,115.000000,420.000000,0.000000,45,02,CC-BY-4.0,ctc_phc_c2dh_u373,PhC-C2DH-U373,,0,0,72
ctc_phc-c2dh-u373_v1,PhC-C2DH-U373_02_t021_track1,ctc_frame,21.000000,PhC-C2DH-U373_02,ctc_tracking_centroid,66.000000,245.000000,0.000000,cell_centroid_motion,69.000000,0.000000,02_1,21,66.000000,245.000000,0.000000,69,02,CC-BY-4.0,ctc_phc_c2dh_u373,PhC-C2DH-U373,,0,0,79
ctc_phc-c2dh-u373_v1,PhC-C2DH-U373_02_t021_track3,ctc_frame,21.000000,PhC-C2DH-U373_02,ctc_tracking_centroid,186.000000,180.500000,0.000000,cell_centroid_motion,120.000000,0.000000,02_3,21,186.000000,180.500000,0.000000,120,02,CC-BY-4.0,ctc_phc_c2dh_u373,PhC-C2DH-U373,,0,0,114
ctc_phc-c2dh-u373_v1,PhC-C2DH-U373_02_t021_track4,ctc_frame,21.000000,PhC-C2DH-U373_02,ctc_tracking_centroid,544.000000,96.000000,0.000000,cell_centroid_motion,87.000000,0.000000,02_4,21,544.000000,96.000000,0.000000,87,02,CC-BY-4.0,ctc_phc_c2dh_u373,PhC-C2DH-U373,,0,0,114
ctc_phc-c2dh-u373_v1,PhC-C2DH-U373_02_t021_track6,ctc_frame,21.000000,PhC-C2DH-U373_02,ctc_tracking_centroid,644.000000,321.000000,0.000000,cell_centroid_motion,9.000000,0.000000,02_6,21,644.000000,321.000000,0.000000,9,02,CC-BY-4.0,ctc_phc_c2dh_u373,PhC-C2DH-U373,,5,14,21
ctc_phc-c2dh-u373_v1,PhC-C2DH-U373_02_t021_track11,ctc_frame,21.000000,PhC-C2DH-U373_02,ctc_tracking_centroid,600.000000,454.000000,0.000000,cell_centroid_motion,131.000000,0.000000,02_11,21,600.000000,454.000000,0.000000,131,02,CC-BY-4.0,ctc_phc_c2dh_u373,PhC-C2DH-U373,,0,0,58
ctc_phc-c2dh-u373_v1,PhC-C2DH-U373_02_t021_track14,ctc_frame,21.000000,PhC-C2DH-U373_02,ctc_tracking_centroid,115.000000,422.500000,0.000000,cell_centroid_motion,52.000000,0.000000,02_14,21,115.000000,422.500000,0.000000,52,02,CC-BY-4.0,ctc_phc_c2dh_u373,PhC-C2DH-U373,,0,0,72
ctc_phc-c2dh-u373_v1,PhC-C2DH-U373_02_t022_track1,ctc_frame,22.000000,PhC-C2DH-U373_02,ctc_tracking_centroid,75.000000,244.000000,0.000000,cell_centroid_motion,69.000000,0.000000,02_1,22,75.000000,244.000000,0.000000,69,02,CC-BY-4.0,ctc_phc_c2dh_u373,PhC-C2DH-U373,,0,0,79
ctc_phc-c2dh-u373_v1,PhC-C2DH-U373_02_t022_track3,ctc_frame,22.000000,PhC-C2DH-U373_02,ctc_tracking_centroid,187.500000,182.000000,0.000000,cell_centroid_motion,120.000000,0.000000,02_3,22,187.500000,182.000000,0.000000,120,02,CC-BY-4.0,ctc_phc_c2dh_u373,PhC-C2DH-U373,,0,0,114
ctc_phc-c2dh-u373_v1,PhC-C2DH-U373_02_t022_track4,ctc_frame,22.000000,PhC-C2DH-U373_02,ctc_tracking_centroid,550.000000,86.500000,0.000000,cell_centroid_motion,78.000000,0.000000,02_4,22,550.000000,86.500000,0.000000,78,02,CC-BY-4.0,ctc_phc_c2dh_u373,PhC-C2DH-U373,,0,0,114
ctc_phc-c2dh-u373_v1,PhC-C2DH-U373_02_t022_track11,ctc_frame,22.000000,PhC-C2DH-U373_02,ctc_tracking_centroid,602.000000,461.000000,0.000000,cell_centroid_motion,45.000000,0.000000,02_11,22,602.000000,461.000000,0.000000,45,02,CC-BY-4.0,ctc_phc_c2dh_u373,PhC-C2DH-U373,,0,0,58
ctc_phc-c2dh-u373_v1,PhC-C2DH-U373_02_t022_track14,ctc_frame,22.000000,PhC-C2DH-U373_02,ctc_tracking_centroid,115.000000,425.000000,0.000000,cell_centroid_motion,45.000000,0.000000,02_14,22,115.000000,425.000000,0.000000,45,02,CC-BY-4.0,ctc_phc_c2dh_u373,PhC-C2DH-U373,,0,0,72
ctc_phc-c2dh-u373_v1,PhC-C2DH-U373_02_t023_track1,ctc_frame,23.000000,PhC-C2DH-U373_02,ctc_tracking_centroid,79.000000,241.000000,0.000000,cell_centroid_motion,69.000000,0.000000,02_1,23,79.000000,241.000000,0.000000,69,02,CC-BY-4.0,ctc_phc_c2dh_u373,PhC-C2DH-U373,,0,0,79
ctc_phc-c2dh-u373_v1,PhC-C2DH-U373_02_t023_track3,ctc_frame,23.000000,PhC-C2DH-U373_02,ctc_tracking_centroid,188.500000,182.000000,0.000000,cell_centroid_motion,120.000000,0.000000,02_3,23,188.500000,182.000000,0.000000,120,02,CC-BY-4.0,ctc_phc_c2dh_u373,PhC-C2DH-U373,,0,0,114
ctc_phc-c2dh-u373_v1,PhC-C2DH-U373_02_t023_track4,ctc_frame,23.000000,PhC-C2DH-U373_02,ctc_tracking_centroid,550.000000,93.500000,0.000000,cell_centroid_motion,96.000000,0.000000,02_4,23,550.000000,93.500000,0.000000,96,02,CC-BY-4.0,ctc_phc_c2dh_u373,PhC-C2DH-U373,,0,0,114
ctc_phc-c2dh-u373_v1,PhC-C2DH-U373_02_t023_track11,ctc_frame,23.000000,PhC-C2DH-U373_02,ctc_tracking_centroid,567.500000,461.000000,0.000000,cell_centroid_motion,30.000000,0.000000,02_11,23,567.500000,461.000000,0.000000,30,02,CC-BY-4.0,ctc_phc_c2dh_u373,PhC-C2DH-U373,,0,0,58
ctc_phc-c2dh-u373_v1,PhC-C2DH-U373_02_t023_track14,ctc_frame,23.000000,PhC-C2DH-U373_02,ctc_tracking_centroid,115.000000,425.000000,0.000000,cell_centroid_motion,45.000000,0.000000,02_14,23,115.000000,425.000000,0.000000,45,02,CC-BY-4.0,ctc_phc_c2dh_u373,PhC-C2DH-U373,,0,0,72
ctc_phc-c2dh-u373_v1,PhC-C2DH-U373_02_t024_track1,ctc_frame,24.000000,PhC-C2DH-U373_02,ctc_tracking_centroid,82.000000,248.000000,0.000000,cell_centroid_motion,69.000000,0.000000,02_1,24,82.000000,248.000000,0.000000,69,02,CC-BY-4.0,ctc_phc_c2dh_u373,PhC-C2DH-U373,,0,0,79
ctc_phc-c2dh-u373_v1,PhC-C2DH-U373_02_t024_track3,ctc_frame,24.000000,PhC-C2DH-U373_02,ctc_tracking_centroid,189.604651,182.395349,0.000000,cell_centroid_motion,129.000000,0.000000,02_3,24,189.604651,182.395349,0.000000,129,02,CC-BY-4.0,ctc_phc_c2dh_u373,PhC-C2DH-U373,,0,0,114
ctc_phc-c2dh-u373_v1,PhC-C2DH-U373_02_t024_track4,ctc_frame,24.000000,PhC-C2DH-U373_02,ctc_tracking_centroid,550.000000,96.000000,0.000000,cell_centroid_motion,69.000000,0.000000,02_4,24,550.000000,96.000000,0.000000,69,02,CC-BY-4.0,ctc_phc_c2dh_u373,PhC-C2DH-U373,,0,0,114
ctc_phc-c2dh-u373_v1,PhC-C2DH-U373_02_t024_track7,ctc_frame,24.000000,PhC-C2DH-U373_02,ctc_tracking_centroid,644.000000,325.000000,0.000000,cell_centroid_motion,9.000000,0.000000,02_7,24,644.000000,325.000000,0.000000,9,02,CC-BY-4.0,ctc_phc_c2dh_u373,PhC-C2DH-U373,,6,24,30
ctc_phc-c2dh-u373_v1,PhC-C2DH-U373_02_t024_track11,ctc_frame,24.000000,PhC-C2DH-U373_02,ctc_tracking_centroid,573.500000,462.000000,0.000000,cell_centroid_motion,30.000000,0.000000,02_11,24,573.500000,462.000000,0.000000,30,02,CC-BY-4.0,ctc_phc_c2dh_u373,PhC-C2DH-U373,,0,0,58
ctc_phc-c2dh-u373_v1,PhC-C2DH-U373_02_t024_track14,ctc_frame,24.000000,PhC-C2DH-U373_02,ctc_tracking_centroid,115.000000,425.000000,0.000000,cell_centroid_motion,45.000000,0.000000,02_14,24,115.000000,425.000000,0.000000,45,02,CC-BY-4.0,ctc_phc_c2dh_u373,PhC-C2DH-U373,,0,0,72
ctc_phc-c2dh-u373_v1,PhC-C2DH-U373_02_t025_track1,ctc_frame,25.000000,PhC-C2DH-U373_02,ctc_tracking_centroid,87.000000,248.000000,0.000000,cell_centroid_motion,69.000000,0.000000,02_1,25,87.000000,248.000000,0.000000,69,02,CC-BY-4.0,ctc_phc_c2dh_u373,PhC-C2DH-U373,,0,0,79
ctc_phc-c2dh-u373_v1,PhC-C2DH-U373_02_t025_track3,ctc_frame,25.000000,PhC-C2DH-U373_02,ctc_tracking_centroid,190.000000,184.000000,0.000000,cell_centroid_motion,109.000000,0.000000,02_3,25,190.000000,184.000000,0.000000,109,02,CC-BY-4.0,ctc_phc_c2dh_u373,PhC-C2DH-U373,,0,0,114
ctc_phc-c2dh-u373_v1,PhC-C2DH-U373_02_t025_track4,ctc_frame,25.000000,PhC-C2DH-U373_02,ctc_tracking_centroid,551.000000,109.000000,0.000000,cell_centroid_motion,87.000000,0.000000,02_4,25,551.000000,109.000000,0.000000,87,02,CC-BY-4.0,ctc_phc_c2dh_u373,PhC-C2DH-U373,,0,0,114
ctc_phc-c2dh-u373_v1,PhC-C2DH-U373_02_t025_track7,ctc_frame,25.000000,PhC-C2DH-U373_02,ctc_tracking_centroid,643.000000,325.000000,0.000000,cell_centroid_motion,9.000000,0.000000,02_7,25,643.000000,325.000000,0.000000,9,02,CC-BY-4.0,ctc_phc_c2dh_u373,PhC-C2DH-U373,,6,24,30
ctc_phc-c2dh-u373_v1,PhC-C2DH-U373_02_t025_track11,ctc_frame,25.000000,PhC-C2DH-U373_02,ctc_tracking_centroid,572.000000,460.000000,0.000000,cell_centroid_motion,25.000000,0.000000,02_11,25,572.000000,460.000000,0.000000,25,02,CC-BY-4.0,ctc_phc_c2dh_u373,PhC-C2DH-U373,,0,0,58
ctc_phc-c2dh-u373_v1,PhC-C2DH-U373_02_t025_track14,ctc_frame,25.000000,PhC-C2DH-U373_02,ctc_tracking_centroid,115.000000,425.000000,0.000000,cell_centroid_motion,45.000000,0.000000,02_14,25,115.000000,425.000000,0.000000,45,02,CC-BY-4.0,ctc_phc_c2dh_u373,PhC-C2DH-U373,,0,0,72
ctc_phc-c2dh-u373_v1,PhC-C2DH-U373_02_t026_track1,ctc_frame,26.000000,PhC-C2DH-U373_02,ctc_tracking_centroid,86.000000,248.000000,0.000000,cell_centroid_motion,69.000000,0.000000,02_1,26,86.000000,248.000000,0.000000,69,02,CC-BY-4.0,ctc_phc_c2dh_u373,PhC-C2DH-U373,,0,0,79
ctc_phc-c2dh-u373_v1,PhC-C2DH-U373_02_t026_track3,ctc_frame,26.000000,PhC-C2DH-U373_02,ctc_tracking_centroid,191.000000,185.000000,0.000000,cell_centroid_motion,109.000000,0.000000,02_3,26,191.000000,185.000000,0.000000,109,02,CC-BY-4.0,ctc_phc_c2dh_u373,PhC-C2DH-U373,,0,0,114
ctc_phc-c2dh-u373_v1,PhC-C2DH-U373_02_t026_track4,ctc_frame,26.000000,PhC-C2DH-U373_02,ctc_tracking_centroid,551.000000,128.000000,0.000000,cell_centroid_motion,69.000000,0.000000,02_4,26,551.000000,128.000000,0.000000,69,02,CC-BY-4.0,ctc_phc_c2dh_u373,PhC-C2DH-U373,,0,0,114
ctc_phc-c2dh-u373_v1,PhC-C2DH-U373_02_t026_track7,ctc_frame,26.000000,PhC-C2DH-U373_02,ctc_tracking_centroid,640.000000,324.000000,0.000000,cell_centroid_motion,9.000000,0.000000,02_7,26,640.000000,324.000000,0.000000,9,02,CC-BY-4.0,ctc_phc_c2dh_u373,PhC-C2DH-U373,,6,24,30
ctc_phc-c2dh-u373_v1,PhC-C2DH-U373_02_t026_track11,ctc_frame,26.000000,PhC-C2DH-U373_02,ctc_tracking_centroid,571.500000,460.000000,0.000000,cell_centroid_motion,30.000000,0.000000,02_11,26,571.500000,460.000000,0.000000,30,02,CC-BY-4.0,ctc_phc_c2dh_u373,PhC-C2DH-U373,,0,0,58
ctc_phc-c2dh-u373_v1,PhC-C2DH-U373_02_t026_track14,ctc_frame,26.000000,PhC-C2DH-U373_02,ctc_tracking_centroid,115.396552,425.603448,0.000000,cell_centroid_motion,58.000000,0.000000,02_14,26,115.396552,425.603448,0.000000,58,02,CC-BY-4.0,ctc_phc_c2dh_u373,PhC-C2DH-U373,,0,0,72
ctc_phc-c2dh-u373_v1,PhC-C2DH-U373_02_t027_track1,ctc_frame,27.000000,PhC-C2DH-U373_02,ctc_tracking_centroid,86.500000,244.000000,0.000000,cell_centroid_motion,78.000000,0.000000,02_1,27,86.500000,244.000000,0.000000,78,02,CC-BY-4.0,ctc_phc_c2dh_u373,PhC-C2DH-U373,,0,0,79
ctc_phc-c2dh-u373_v1,PhC-C2DH-U373_02_t027_track3,ctc_frame,27.000000,PhC-C2DH-U373_02,ctc_tracking_centroid,191.000000,185.000000,0.000000,cell_centroid_motion,109.000000,0.000000,02_3,27,191.000000,185.000000,0.000000,109,02,CC-BY-4.0,ctc_phc_c2dh_u373,PhC-C2DH-U373,,0,0,114
ctc_phc-c2dh-u373_v1,PhC-C2DH-U373_02_t027_track4,ctc_frame,27.000000,PhC-C2DH-U373_02,ctc_tracking_centroid,551.000000,136.000000,0.000000,cell_centroid_motion,69.000000,0.000000,02_4,27,551.000000,136.000000,0.000000,69,02,CC-BY-4.0,ctc_phc_c2dh_u373,PhC-C2DH-U373,,0,0,114
ctc_phc-c2dh-u373_v1,PhC-C2DH-U373_02_t027_track7,ctc_frame,27.000000,PhC-C2DH-U373_02,ctc_tracking_centroid,640.000000,324.000000,0.000000,cell_centroid_motion,9.000000,0.000000,02_7,27,640.000000,324.000000,0.000000,9,02,CC-BY-4.0,ctc_phc_c2dh_u373,PhC-C2DH-U373,,6,24,30
ctc_phc-c2dh-u373_v1,PhC-C2DH-U373_02_t027_track11,ctc_frame,27.000000,PhC-C2DH-U373_02,ctc_tracking_centroid,571.000000,460.000000,0.000000,cell_centroid_motion,25.000000,0.000000,02_11,27,571.000000,460.000000,0.000000,25,02,CC-BY-4.0,ctc_phc_c2dh_u373,PhC-C2DH-U373,,0,0,58
ctc_phc-c2dh-u373_v1,PhC-C2DH-U373_02_t027_track14,ctc_frame,27.000000,PhC-C2DH-U373_02,ctc_tracking_centroid,116.623529,431.588235,0.000000,cell_centroid_motion,85.000000,0.000000,02_14,27,116.623529,431.588235,0.000000,85,02,CC-BY-4.0,ctc_phc_c2dh_u373,PhC-C2DH-U373,,0,0,72
ctc_phc-c2dh-u373_v1,PhC-C2DH-U373_02_t028_track1,ctc_frame,28.000000,PhC-C2DH-U373_02,ctc_tracking_centroid,89.000000,244.000000,0.000000,cell_centroid_motion,69.000000,0.000000,02_1,28,89.000000,244.000000,0.000000,69,02,CC-BY-4.0,ctc_phc_c2dh_u373,PhC-C2DH-U373,,0,0,79
ctc_phc-c2dh-u373_v1,PhC-C2DH-U373_02_t028_track3,ctc_frame,28.000000,PhC-C2DH-U373_02,ctc_tracking_centroid,191.000000,185.000000,0.000000,cell_centroid_motion,109.000000,0.000000,02_3,28,191.000000,185.000000,0.000000,109,02,CC-BY-4.0,ctc_phc_c2dh_u373,PhC-C2DH-U373,,0,0,114
ctc_phc-c2dh-u373_v1,PhC-C2DH-U373_02_t028_track4,ctc_frame,28.000000,PhC-C2DH-U373_02,ctc_tracking_centroid,549.000000,142.000000,0.000000,cell_centroid_motion,69.000000,0.000000,02_4,28,549.000000,142.000000,0.000000,69,02,CC-BY-4.0,ctc_phc_c2dh_u373,PhC-C2DH-U373,,0,0,114
ctc_phc-c2dh-u373_v1,PhC-C2DH-U373_02_t028_track7,ctc_frame,28.000000,PhC-C2DH-U373_02,ctc_tracking_centroid,641.000000,323.000000,0.000000,cell_centroid_motion,9.000000,0.000000,02_7,28,641.000000,323.000000,0.000000,9,02,CC-BY-4.0,ctc_phc_c2dh_u373,PhC-C2DH-U373,,6,24,30
ctc_phc-c2dh-u373_v1,PhC-C2DH-U373_02_t028_track11,ctc_frame,28.000000,PhC-C2DH-U373_02,ctc_tracking_centroid,571.000000,460.000000,0.000000,cell_centroid_motion,25.000000,0.000000,02_11,28,571.000000,460.000000,0.000000,25,02,CC-BY-4.0,ctc_phc_c2dh_u373,PhC-C2DH-U373,,0,0,58
ctc_phc-c2dh-u373_v1,PhC-C2DH-U373_02_t028_track14,ctc_frame,28.000000,PhC-C2DH-U373_02,ctc_tracking_centroid,115.000000,435.500000,0.000000,cell_centroid_motion,66.000000,0.000000,02_14,28,115.000000,435.500000,0.000000,66,02,CC-BY-4.0,ctc_phc_c2dh_u373,PhC-C2DH-U373,,0,0,72
ctc_phc-c2dh-u373_v1,PhC-C2DH-U373_02_t029_track1,ctc_frame,29.000000,PhC-C2DH-U373_02,ctc_tracking_centroid,92.000000,244.000000,0.000000,cell_centroid_motion,69.000000,0.000000,02_1,29,92.000000,244.000000,0.000000,69,02,CC-BY-4.0,ctc_phc_c2dh_u373,PhC-C2DH-U373,,0,0,79
ctc_phc-c2dh-u373_v1,PhC-C2DH-U373_02_t029_track3,ctc_frame,29.000000,PhC-C2DH-U373_02,ctc_tracking_centroid,190.500000,185.000000,0.000000,cell_centroid_motion,120.000000,0.000000,02_3,29,190.500000,185.000000,0.000000,120,02,CC-BY-4.0,ctc_phc_c2dh_u373,PhC-C2DH-U373,,0,0,114
ctc_phc-c2dh-u373_v1,PhC-C2DH-U373_02_t029_track4,ctc_frame,29.000000,PhC-C2DH-U373_02,ctc_tracking_centroid,550.000000,141.000000,0.000000,cell_centroid_motion,69.000000,0.000000,02_4,29,550.000000,141.000000,0.000000,69,02,CC-BY-4.0,ctc_phc_c2dh_u373,PhC-C2DH-U373,,0,0,114
ctc_phc-c2dh-u373_v1,PhC-C2DH-U373_02_t029_track7,ctc_frame,29.000000,PhC-C2DH-U373_02,ctc_tracking_centroid,640.000000,323.000000,0.000000,cell_centroid_motion,9.000000,0.000000,02_7,29,640.000000,323.000000,0.000000,9,02,CC-BY-4.0,ctc_phc_c2dh_u373,PhC-C2DH-U373,,6,24,30
ctc_phc-c2dh-u373_v1,PhC-C2DH-U373_02_t029_track11,ctc_frame,29.000000,PhC-C2DH-U373_02,ctc_tracking_centroid,570.000000,460.000000,0.000000,cell_centroid_motion,25.000000,0.000000,02_11,29,570.000000,460.000000,0.000000,25,02,CC-BY-4.0,ctc_phc_c2dh_u373,PhC-C2DH-U373,,0,0,58
ctc_phc-c2dh-u373_v1,PhC-C2DH-U373_02_t029_track14,ctc_frame,29.000000,PhC-C2DH-U373_02,ctc_tracking_centroid,114.053333,444.520000,0.000000,cell_centroid_motion,75.000000,0.000000,02_14,29,114.053333,444.520000,0.000000,75,02,CC-BY-4.0,ctc_phc_c2dh_u373,PhC-C2DH-U373,,0,0,72
ctc_phc-c2dh-u373_v1,PhC-C2DH-U373_02_t030_track1,ctc_frame,30.000000,PhC-C2DH-U373_02,ctc_tracking_centroid,92.000000,244.000000,0.000000,cell_centroid_motion,69.000000,0.000000,02_1,30,92.000000,244.000000,0.000000,69,02,CC-BY-4.0,ctc_phc_c2dh_u373,PhC-C2DH-U373,,0,0,79
ctc_phc-c2dh-u373_v1,PhC-C2DH-U373_02_t030_track3,ctc_frame,30.000000,PhC-C2DH-U373_02,ctc_tracking_centroid,190.000000,185.000000,0.000000,cell_centroid_motion,109.000000,0.000000,02_3,30,190.000000,185.000000,0.000000,109,02,CC-BY-4.0,ctc_phc_c2dh_u373,PhC-C2DH-U373,,0,0,114
ctc_phc-c2dh-u373_v1,PhC-C2DH-U373_02_t030_track4,ctc_frame,30.000000,PhC-C2DH-U373_02,ctc_tracking_centroid,548.000000,147.000000,0.000000,cell_centroid_motion,69.000000,0.000000,02_4,30,548.000000,147.000000,0.000000,69,02,CC-BY-4.0,ctc_phc_c2dh_u373,PhC-C2DH-U373,,0,0,114
ctc_phc-c2dh-u373_v1,PhC-C2DH-U373_02_t030_track7,ctc_frame,30.000000,PhC-C2DH-U373_02,ctc_tracking_centroid,643.000000,323.000000,0.000000,cell_centroid_motion,9.000000,0.000000,02_7,30,643.000000,323.000000,0.000000,9,02,CC-BY-4.0,ctc_phc_c2dh_u373,PhC-C2DH-U373,,6,24,30
ctc_phc-c2dh-u373_v1,PhC-C2DH-U373_02_t030_track11,ctc_frame,30.000000,PhC-C2DH-U373_02,ctc_tracking_centroid,567.000000,459.000000,0.000000,cell_centroid_motion,25.000000,0.000000,02_11,30,567.000000,459.000000,0.000000,25,02,CC-BY-4.0,ctc_phc_c2dh_u373,PhC-C2DH-U373,,0,0,58
ctc_phc-c2dh-u373_v1,PhC-C2DH-U373_02_t030_track14,ctc_frame,30.000000,PhC-C2DH-U373_02,ctc_tracking_centroid,112.396552,451.603448,0.000000,cell_centroid_motion,58.000000,0.000000,02_14,30,112.396552,451.603448,0.000000,58,02,CC-BY-4.0,ctc_phc_c2dh_u373,PhC-C2DH-U373,,0,0,72
ctc_phc-c2dh-u373_v1,PhC-C2DH-U373_02_t030_track18,ctc_frame,30.000000,PhC-C2DH-U373_02,ctc_tracking_centroid,42.000000,390.000000,0.000000,cell_centroid_motion,193.000000,0.000000,02_18,30,42.000000,390.000000,0.000000,193,02,CC-BY-4.0,ctc_phc_c2dh_u373,PhC-C2DH-U373,,0,30,105
ctc_phc-c2dh-u373_v1,PhC-C2DH-U373_02_t031_track1,ctc_frame,31.000000,PhC-C2DH-U373_02,ctc_tracking_centroid,92.000000,244.000000,0.000000,cell_centroid_motion,69.000000,0.000000,02_1,31,92.000000,244.000000,0.000000,69,02,CC-BY-4.0,ctc_phc_c2dh_u373,PhC-C2DH-U373,,0,0,79
ctc_phc-c2dh-u373_v1,PhC-C2DH-U373_02_t031_track3,ctc_frame,31.000000,PhC-C2DH-U373_02,ctc_tracking_centroid,190.000000,185.000000,0.000000,cell_centroid_motion,109.000000,0.000000,02_3,31,190.000000,185.000000,0.000000,109,02,CC-BY-4.0,ctc_phc_c2dh_u373,PhC-C2DH-U373,,0,0,114
ctc_phc-c2dh-u373_v1,PhC-C2DH-U373_02_t031_track4,ctc_frame,31.000000,PhC-C2DH-U373_02,ctc_tracking_centroid,551.000000,152.000000,0.000000,cell_centroid_motion,69.000000,0.000000,02_4,31,551.000000,152.000000,0.000000,69,02,CC-BY-4.0,ctc_phc_c2dh_u373,PhC-C2DH-U373,,0,0,114
ctc_phc-c2dh-u373_v1,PhC-C2DH-U373_02_t031_track11,ctc_frame,31.000000,PhC-C2DH-U373_02,ctc_tracking_centroid,567.000000,459.000000,0.000000,cell_centroid_motion,25.000000,0.000000,02_11,31,567.000000,459.000000,0.000000,25,02,CC-BY-4.0,ctc_phc_c2dh_u373,PhC-C2DH-U373,,0,0,58
ctc_phc-c2dh-u373_v1,PhC-C2DH-U373_02_t031_track14,ctc_frame,31.000000,PhC-C2DH-U373_02,ctc_tracking_centroid,111.447917,460.416667,0.000000,cell_centroid_motion,96.000000,0.000000,02_14,31,111.447917,460.416667,0.000000,96,02,CC-BY-4.0,ctc_phc_c2dh_u373,PhC-C2DH-U373,,0,0,72
ctc_phc-c2dh-u373_v1,PhC-C2DH-U373_02_t031_track18,ctc_frame,31.000000,PhC-C2DH-U373_02,ctc_tracking_centroid,58.000000,396.000000,0.000000,cell_centroid_motion,25.000000,0.000000,02_18,31,58.000000,396.000000,0.000000,25,02,CC-BY-4.0,ctc_phc_c2dh_u373,PhC-C2DH-U373,,0,30,105
ctc_phc-c2dh-u373_v1,PhC-C2DH-U373_02_t032_track1,ctc_frame,32.000000,PhC-C2DH-U373_02,ctc_tracking_centroid,92.000000,244.000000,0.000000,cell_centroid_motion,69.000000,0.000000,02_1,32,92.000000,244.000000,0.000000,69,02,CC-BY-4.0,ctc_phc_c2dh_u373,PhC-C2DH-U373,,0,0,79
ctc_phc-c2dh-u373_v1,PhC-C2DH-U373_02_t032_track3,ctc_frame,32.000000,PhC-C2DH-U373_02,ctc_tracking_centroid,190.000000,185.000000,0.000000,cell_centroid_motion,109.000000,0.000000,02_3,32,190.000000,185.000000,0.000000,109,02,CC-BY-4.0,ctc_phc_c2dh_u373,PhC-C2DH-U373,,0,0,114
ctc_phc-c2dh-u373_v1,PhC-C2DH-U373_02_t032_track4,ctc_frame,32.000000,PhC-C2DH-U373_02,ctc_tracking_centroid,551.000000,152.000000,0.000000,cell_centroid_motion,69.000000,0.000000,02_4,32,551.000000,152.000000,0.000000,69,02,CC-BY-4.0,ctc_phc_c2dh_u373,PhC-C2DH-U373,,0,0,114
ctc_phc-c2dh-u373_v1,PhC-C2DH-U373_02_t032_track11,ctc_frame,32.000000,PhC-C2DH-U373_02,ctc_tracking_centroid,566.000000,459.000000,0.000000,cell_centroid_motion,25.000000,0.000000,02_11,32,566.000000,459.000000,0.000000,25,02,CC-BY-4.0,ctc_phc_c2dh_u373,PhC-C2DH-U373,,0,0,58
ctc_phc-c2dh-u373_v1,PhC-C2DH-U373_02_t032_track14,ctc_frame,32.000000,PhC-C2DH-U373_02,ctc_tracking_centroid,109.000000,464.000000,0.000000,cell_centroid_motion,45.000000,0.000000,02_14,32,109.000000,464.000000,0.000000,45,02,CC-BY-4.0,ctc_phc_c2dh_u373,PhC-C2DH-U373,,0,0,72
ctc_phc-c2dh-u373_v1,PhC-C2DH-U373_02_t032_track18,ctc_frame,32.000000,PhC-C2DH-U373_02,ctc_tracking_centroid,62.000000,412.000000,0.000000,cell_centroid_motion,25.000000,0.000000,02_18,32,62.000000,412.000000,0.000000,25,02,CC-BY-4.0,ctc_phc_c2dh_u373,PhC-C2DH-U373,,0,30,105
ctc_phc-c2dh-u373_v1,PhC-C2DH-U373_02_t033_track1,ctc_frame,33.000000,PhC-C2DH-U373_02,ctc_tracking_centroid,92.000000,244.000000,0.000000,cell_centroid_motion,69.000000,0.000000,02_1,33,92.000000,244.000000,0.000000,69,02,CC-BY-4.0,ctc_phc_c2dh_u373,PhC-C2DH-U373,,0,0,79
ctc_phc-c2dh-u373_v1,PhC-C2DH-U373_02_t033_track3,ctc_frame,33.000000,PhC-C2DH-U373_02,ctc_tracking_centroid,190.000000,185.000000,0.000000,cell_centroid_motion,109.000000,0.000000,02_3,33,190.000000,185.000000,0.000000,109,02,CC-BY-4.0,ctc_phc_c2dh_u373,PhC-C2DH-U373,,0,0,114
ctc_phc-c2dh-u373_v1,PhC-C2DH-U373_02_t033_track4,ctc_frame,33.000000,PhC-C2DH-U373_02,ctc_tracking_centroid,543.000000,154.000000,0.000000,cell_centroid_motion,69.000000,0.000000,02_4,33,543.000000,154.000000,0.000000,69,02,CC-BY-4.0,ctc_phc_c2dh_u373,PhC-C2DH-U373,,0,0,114
ctc_phc-c2dh-u373_v1,PhC-C2DH-U373_02_t033_track9,ctc_frame,33.000000,PhC-C2DH-U373_02,ctc_tracking_centroid,643.000000,302.000000,0.000000,cell_centroid_motion,9.000000,0.000000,02_9,33,643.000000,302.000000,0.000000,9,02,CC-BY-4.0,ctc_phc_c2dh_u373,PhC-C2DH-U373,,7,33,114
ctc_phc-c2dh-u373_v1,PhC-C2DH-U373_02_t033_track11,ctc_frame,33.000000,PhC-C2DH-U373_02,ctc_tracking_centroid,558.000000,459.000000,0.000000,cell_centroid_motion,25.000000,0.000000,02_11,33,558.000000,459.000000,0.000000,25,02,CC-BY-4.0,ctc_phc_c2dh_u373,PhC-C2DH-U373,,0,0,58
ctc_phc-c2dh-u373_v1,PhC-C2DH-U373_02_t033_track14,ctc_frame,33.000000,PhC-C2DH-U373_02,ctc_tracking_centroid,132.000000,459.000000,0.000000,cell_centroid_motion,45.000000,0.000000,02_14,33,132.000000,459.000000,0.000000,45,02,CC-BY-4.0,ctc_phc_c2dh_u373,PhC-C2DH-U373,,0,0,72
ctc_phc-c2dh-u373_v1,PhC-C2DH-U373_02_t033_track18,ctc_frame,33.000000,PhC-C2DH-U373_02,ctc_tracking_centroid,60.000000,417.000000,0.000000,cell_centroid_motion,25.000000,0.000000,02_18,33,60.000000,417.000000,0.000000,25,02,CC-BY-4.0,ctc_phc_c2dh_u373,PhC-C2DH-U373,,0,30,105
ctc_phc-c2dh-u373_v1,PhC-C2DH-U373_02_t034_track1,ctc_frame,34.000000,PhC-C2DH-U373_02,ctc_tracking_centroid,92.500000,244.000000,0.000000,cell_centroid_motion,78.000000,0.000000,02_1,34,92.500000,244.000000,0.000000,78,02,CC-BY-4.0,ctc_phc_c2dh_u373,PhC-C2DH-U373,,0,0,79
ctc_phc-c2dh-u373_v1,PhC-C2DH-U373_02_t034_track3,ctc_frame,34.000000,PhC-C2DH-U373_02,ctc_tracking_centroid,190.000000,185.000000,0.000000,cell_centroid_motion,109.000000,0.000000,02_3,34,190.000000,185.000000,0.000000,109,02,CC-BY-4.0,ctc_phc_c2dh_u373,PhC-C2DH-U373,,0,0,114
ctc_phc-c2dh-u373_v1,PhC-C2DH-U373_02_t034_track4,ctc_frame,34.000000,PhC-C2DH-U373_02,ctc_tracking_centroid,543.000000,154.000000,0.000000,cell_centroid_motion,69.000000,0.000000,02_4,34,543.000000,154.000000,0.000000,69,02,CC-BY-4.0,ctc_phc_c2dh_u373,PhC-C2DH-U373,,0,0,114
ctc_phc-c2dh-u373_v1,PhC-C2DH-U373_02_t034_track9,ctc_frame,34.000000,PhC-C2DH-U373_02,ctc_tracking_centroid,643.000000,303.000000,0.000000,cell_centroid_motion,9.000000,0.000000,02_9,34,643.000000,303.000000,0.000000,9,02,CC-BY-4.0,ctc_phc_c2dh_u373,PhC-C2DH-U373,,7,33,114
ctc_phc-c2dh-u373_v1,PhC-C2DH-U373_02_t034_track11,ctc_frame,34.000000,PhC-C2DH-U373_02,ctc_tracking_centroid,550.000000,460.000000,0.000000,cell_centroid_motion,25.000000,0.000000,02_11,34,550.000000,460.000000,0.000000,25,02,CC-BY-4.0,ctc_phc_c2dh_u373,PhC-C2DH-U373,,0,0,58
ctc_phc-c2dh-u373_v1,PhC-C2DH-U373_02_t034_track14,ctc_frame,34.000000,PhC-C2DH-U373_02,ctc_tracking_centroid,113.000000,463.000000,0.000000,cell_centroid_motion,45.000000,0.000000,02_14,34,113.000000,463.000000,0.000000,45,02,CC-BY-4.0,ctc_phc_c2dh_u373,PhC-C2DH-U373,,0,0,72
ctc_phc-c2dh-u373_v1,PhC-C2DH-U373_02_t034_track18,ctc_frame,34.000000,PhC-C2DH-U373_02,ctc_tracking_centroid,62.000000,422.000000,0.000000,cell_centroid_motion,25.000000,0.000000,02_18,34,62.000000,422.000000,0.000000,25,02,CC-BY-4.0,ctc_phc_c2dh_u373,PhC-C2DH-U373,,0,30,105
ctc_phc-c2dh-u373_v1,PhC-C2DH-U373_02_t035_track1,ctc_frame,35.000000,PhC-C2DH-U373_02,ctc_tracking_centroid,96.000000,247.500000,0.000000,cell_centroid_motion,78.000000,0.000000,02_1,35,96.000000,247.500000,0.000000,78,02,CC-BY-4.0,ctc_phc_c2dh_u373,PhC-C2DH-U373,,0,0,79
ctc_phc-c2dh-u373_v1,PhC-C2DH-U373_02_t035_track3,ctc_frame,35.000000,PhC-C2DH-U373_02,ctc_tracking_centroid,189.500000,185.000000,0.000000,cell_centroid_motion,120.000000,0.000000,02_3,35,189.500000,185.000000,0.000000,120,02,CC-BY-4.0,ctc_phc_c2dh_u373,PhC-C2DH-U373,,0,0,114
ctc_phc-c2dh-u373_v1,PhC-C2DH-U373_02_t035_track4,ctc_frame,35.000000,PhC-C2DH-U373_02,ctc_tracking_centroid,541.000000,154.000000,0.000000,cell_centroid_motion,69.000000,0.000000,02_4,35,541.000000,154.000000,0.000000,69,02,CC-BY-4.0,ctc_phc_c2dh_u373,PhC-C2DH-U373,,0,0,114
ctc_phc-c2dh-u373_v1,PhC-C2DH-U373_02_t035_track9,ctc_frame,35.000000,PhC-C2DH-U373_02,ctc_tracking_centroid,642.000000,293.000000,0.000000,cell_centroid_motion,9.000000,0.000000,02_9,35,642.000000,293.000000,0.000000,9,02,CC-BY-4.0,ctc_phc_c2dh_u373,PhC-C2DH-U373,,7,33,114
ctc_phc-c2dh-u373_v1,PhC-C2DH-U373_02_t035_track11,ctc_frame,35.000000,PhC-C2DH-U373_02,ctc_tracking_centroid,548.000000,460.000000,0.000000,cell_centroid_motion,25.000000,0.000000,02_11,35,548.000000,460.000000,0.000000,25,02,CC-BY-4.0,ctc_phc_c2dh_u373,PhC-C2DH-U373,,0,0,58
ctc_phc-c2dh-u373_v1,PhC-C2DH-U373_02_t035_track14,ctc_frame,35.000000,PhC-C2DH-U373_02,ctc_tracking_centroid,101.000000,460.000000,0.000000,cell_centroid_motion,45.000000,0.000000,02_14,35,101.000000,460.000000,0.000000,45,02,CC-BY-4.0,ctc_phc_c2dh_u373,PhC-C2DH-U373,,0,0,72
ctc_phc-c2dh-u373_v1,PhC-C2DH-U373_02_t035_track18,ctc_frame,35.000000,PhC-C2DH-U373_02,ctc_tracking_centroid,66.000000,426.000000,0.000000,cell_centroid_motion,25.000000,0.000000,02_18,35,66.000000,426.000000,0.000000,25,02,CC-BY-4.0,ctc_phc_c2dh_u373,PhC-C2DH-U373,,0,30,105
ctc_phc-c2dh-u373_v1,PhC-C2DH-U373_02_t036_track1,ctc_frame,36.000000,PhC-C2DH-U373_02,ctc_tracking_centroid,96.000000,248.000000,0.000000,cell_centroid_motion,69.000000,0.000000,02_1,36,96.000000,248.000000,0.000000,69,02,CC-BY-4.0,ctc_phc_c2dh_u373,PhC-C2DH-U373,,0,0,79
ctc_phc-c2dh-u373_v1,PhC-C2DH-U373_02_t036_track3,ctc_frame,36.000000,PhC-C2DH-U373_02,ctc_tracking_centroid,185.082192,186.102740,0.000000,cell_centroid_motion,146.000000,0.000000,02_3,36,185.082192,186.102740,0.000000,146,02,CC-BY-4.0,ctc_phc_c2dh_u373,PhC-C2DH-U373,,0,0,114
ctc_phc-c2dh-u373_v1,PhC-C2DH-U373_02_t036_track4,ctc_frame,36.000000,PhC-C2DH-U373_02,ctc_tracking_centroid,541.000000,154.000000,0.000000,cell_centroid_motion,69.000000,0.000000,02_4,36,541.000000,154.000000,0.000000,69,02,CC-BY-4.0,ctc_phc_c2dh_u373,PhC-C2DH-U373,,0,0,114
ctc_phc-c2dh-u373_v1,PhC-C2DH-U373_02_t036_track9,ctc_frame,36.000000,PhC-C2DH-U373_02,ctc_tracking_centroid,638.000000,293.000000,0.000000,cell_centroid_motion,9.000000,0.000000,02_9,36,638.000000,293.000000,0.000000,9,02,CC-BY-4.0,ctc_phc_c2dh_u373,PhC-C2DH-U373,,7,33,114
ctc_phc-c2dh-u373_v1,PhC-C2DH-U373_02_t036_track11,ctc_frame,36.000000,PhC-C2DH-U373_02,ctc_tracking_centroid,546.000000,460.000000,0.000000,cell_centroid_motion,25.000000,0.000000,02_11,36,546.000000,460.000000,0.000000,25,02,CC-BY-4.0,ctc_phc_c2dh_u373,PhC-C2DH-U373,,0,0,58
ctc_phc-c2dh-u373_v1,PhC-C2DH-U373_02_t036_track14,ctc_frame,36.000000,PhC-C2DH-U373_02,ctc_tracking_centroid,98.000000,463.000000,0.000000,cell_centroid_motion,45.000000,0.000000,02_14,36,98.000000,463.000000,0.000000,45,02,CC-BY-4.0,ctc_phc_c2dh_u373,PhC-C2DH-U373,,0,0,72
ctc_phc-c2dh-u373_v1,PhC-C2DH-U373_02_t036_track18,ctc_frame,36.000000,PhC-C2DH-U373_02,ctc_tracking_centroid,70.000000,446.000000,0.000000,cell_centroid_motion,25.000000,0.000000,02_18,36,70.000000,446.000000,0.000000,25,02,CC-BY-4.0,ctc_phc_c2dh_u373,PhC-C2DH-U373,,0,30,105
ctc_phc-c2dh-u373_v1,PhC-C2DH-U373_02_t037_track1,ctc_frame,37.000000,PhC-C2DH-U373_02,ctc_tracking_centroid,96.000000,248.000000,0.000000,cell_centroid_motion,69.000000,0.000000,02_1,37,96.000000,248.000000,0.000000,69,02,CC-BY-4.0,ctc_phc_c2dh_u373,PhC-C2DH-U373,,0,0,79
ctc_phc-c2dh-u373_v1,PhC-C2DH-U373_02_t037_track3,ctc_frame,37.000000,PhC-C2DH-U373_02,ctc_tracking_centroid,184.000000,187.500000,0.000000,cell_centroid_motion,120.000000,0.000000,02_3,37,184.000000,187.500000,0.000000,120,02,CC-BY-4.0,ctc_phc_c2dh_u373,PhC-C2DH-U373,,0,0,114
ctc_phc-c2dh-u373_v1,PhC-C2DH-U373_02_t037_track4,ctc_frame,37.000000,PhC-C2DH-U373_02,ctc_tracking_centroid,543.000000,156.000000,0.000000,cell_centroid_motion,69.000000,0.000000,02_4,37,543.000000,156.000000,0.000000,69,02,CC-BY-4.0,ctc_phc_c2dh_u373,PhC-C2DH-U373,,0,0,114
ctc_phc-c2dh-u373_v1,PhC-C2DH-U373_02_t037_track9,ctc_frame,37.000000,PhC-C2DH-U373_02,ctc_tracking_centroid,640.000000,295.000000,0.000000,cell_centroid_motion,9.000000,0.000000,02_9,37,640.000000,295.000000,0.000000,9,02,CC-BY-4.0,ctc_phc_c2dh_u373,PhC-C2DH-U373,,7,33,114
ctc_phc-c2dh-u373_v1,PhC-C2DH-U373_02_t037_track11,ctc_frame,37.000000,PhC-C2DH-U373_02,ctc_tracking_centroid,542.000000,460.000000,0.000000,cell_centroid_motion,25.000000,0.000000,02_11,37,542.000000,460.000000,0.000000,25,02,CC-BY-4.0,ctc_phc_c2dh_u373,PhC-C2DH-U373,,0,0,58
ctc_phc-c2dh-u373_v1,PhC-C2DH-U373_02_t037_track14,ctc_frame,37.000000,PhC-C2DH-U373_02,ctc_tracking_centroid,91.000000,462.000000,0.000000,cell_centroid_motion,45.000000,0.000000,02_14,37,91.000000,462.000000,0.000000,45,02,CC-BY-4.0,ctc_phc_c2dh_u373,PhC-C2DH-U373,,0,0,72
ctc_phc-c2dh-u373_v1,PhC-C2DH-U373_02_t037_track18,ctc_frame,37.000000,PhC-C2DH-U373_02,ctc_tracking_centroid,61.000000,447.000000,0.000000,cell_centroid_motion,25.000000,0.000000,02_18,37,61.000000,447.000000,0.000000,25,02,CC-BY-4.0,ctc_phc_c2dh_u373,PhC-C2DH-U373,,0,30,105
ctc_phc-c2dh-u373_v1,PhC-C2DH-U373_02_t038_track1,ctc_frame,38.000000,PhC-C2DH-U373_02,ctc_tracking_centroid,96.000000,248.000000,0.000000,cell_centroid_motion,69.000000,0.000000,02_1,38,96.000000,248.000000,0.000000,69,02,CC-BY-4.0,ctc_phc_c2dh_u373,PhC-C2DH-U373,,0,0,79
ctc_phc-c2dh-u373_v1,PhC-C2DH-U373_02_t038_track3,ctc_frame,38.000000,PhC-C2DH-U373_02,ctc_tracking_centroid,184.000000,191.000000,0.000000,cell_centroid_motion,109.000000,0.000000,02_3,38,184.000000,191.000000,0.000000,109,02,CC-BY-4.0,ctc_phc_c2dh_u373,PhC-C2DH-U373,,0,0,114
ctc_phc-c2dh-u373_v1,PhC-C2DH-U373_02_t038_track4,ctc_frame,38.000000,PhC-C2DH-U373_02,ctc_tracking_centroid,543.000000,155.500000,0.000000,cell_centroid_motion,78.000000,0.000000,02_4,38,543.000000,155.500000,0.000000,78,02,CC-BY-4.0,ctc_phc_c2dh_u373,PhC-C2DH-U373,,0,0,114
ctc_phc-c2dh-u373_v1,PhC-C2DH-U373_02_t038_track9,ctc_frame,38.000000,PhC-C2DH-U373_02,ctc_tracking_centroid,640.000000,297.000000,0.000000,cell_centroid_motion,9.000000,0.000000,02_9,38,640.000000,297.000000,0.000000,9,02,CC-BY-4.0,ctc_phc_c2dh_u373,PhC-C2DH-U373,,7,33,114
ctc_phc-c2dh-u373_v1,PhC-C2DH-U373_02_t038_track11,ctc_frame,38.000000,PhC-C2DH-U373_02,ctc_tracking_centroid,540.000000,460.000000,0.000000,cell_centroid_motion,25.000000,0.000000,02_11,38,540.000000,460.000000,0.000000,25,02,CC-BY-4.0,ctc_phc_c2dh_u373,PhC-C2DH-U373,,0,0,58
ctc_phc-c2dh-u373_v1,PhC-C2DH-U373_02_t038_track14,ctc_frame,38.000000,PhC-C2DH-U373_02,ctc_tracking_centroid,86.000000,462.000000,0.000000,cell_centroid_motion,45.000000,0.000000,02_14,38,86.000000,462.000000,0.000000,45,02,CC-BY-4.0,ctc_phc_c2dh_u373,PhC-C2DH-U373,,0,0,72
ctc_phc-c2dh-u373_v1,PhC-C2DH-U373_02_t038_track18,ctc_frame,38.000000,PhC-C2DH-U373_02,ctc_tracking_centroid,61.000000,448.000000,0.000000,cell_centroid_motion,25.000000,0.000000,02_18,38,61.000000,448.000000,0.000000,25,02,CC-BY-4.0,ctc_phc_c2dh_u373,PhC-C2DH-U373,,0,30,105
ctc_phc-c2dh-u373_v1,PhC-C2DH-U373_02_t039_track1,ctc_frame,39.000000,PhC-C2DH-U373_02,ctc_tracking_centroid,96.000000,249.500000,0.000000,cell_centroid_motion,78.000000,0.000000,02_1,39,96.000000,249.500000,0.000000,78,02,CC-BY-4.0,ctc_phc_c2dh_u373,PhC-C2DH-U373,,0,0,79
ctc_phc-c2dh-u373_v1,PhC-C2DH-U373_02_t039_track3,ctc_frame,39.000000,PhC-C2DH-U373_02,ctc_tracking_centroid,184.000000,191.000000,0.000000,cell_centroid_motion,109.000000,0.000000,02_3,39,184.000000,191.000000,0.000000,109,02,CC-BY-4.0,ctc_phc_c2dh_u373,PhC-C2DH-U373,,0,0,114
ctc_phc-c2dh-u373_v1,PhC-C2DH-U373_02_t039_track4,ctc_frame,39.000000,PhC-C2DH-U373_02,ctc_tracking_centroid,541.000000,152.000000,0.000000,cell_centroid_motion,87.000000,0.000000,02_4,39,541.000000,152.000000,0.000000,87,02,CC-BY-4.0,ctc_phc_c2dh_u373,PhC-C2DH-U373,,0,0,114
ctc_phc-c2dh-u373_v1,PhC-C2DH-U373_02_t039_track9,ctc_frame,39.000000,PhC-C2DH-U373_02,ctc_tracking_centroid,639.000000,297.000000,0.000000,cell_centroid_motion,9.000000,0.000000,02_9,39,639.000000,297.000000,0.000000,9,02,CC-BY-4.0,ctc_phc_c2dh_u373,PhC-C2DH-U373,,7,33,114
ctc_phc-c2dh-u373_v1,PhC-C2DH-U373_02_t039_track11,ctc_frame,39.000000,PhC-C2DH-U373_02,ctc_tracking_centroid,535.000000,458.000000,0.000000,cell_centroid_motion,25.000000,0.000000,02_11,39,535.000000,458.000000,0.000000,25,02,CC-BY-4.0,ctc_phc_c2dh_u373,PhC-C2DH-U373,,0,0,58
ctc_phc-c2dh-u373_v1,PhC-C2DH-U373_02_t039_track14,ctc_frame,39.000000,PhC-C2DH-U373_02,ctc_tracking_centroid,84.000000,462.000000,0.000000,cell_centroid_motion,45.000000,0.000000,02_14,39,84.000000,462.000000,0.000000,45,02,CC-BY-4.0,ctc_phc_c2dh_u373,PhC-C2DH-U373,,0,0,72
ctc_phc-c2dh-u373_v1,PhC-C2DH-U373_02_t039_track18,ctc_frame,39.000000,PhC-C2DH-U373_02,ctc_tracking_centroid,61.000000,448.000000,0.000000,cell_centroid_motion,25.000000,0.000000,02_18,39,61.000000,448.000000,0.000000,25,02,CC-BY-4.0,ctc_phc_c2dh_u373,PhC-C2DH-U373,,0,30,105
ctc_phc-c2dh-u373_v1,PhC-C2DH-U373_02_t040_track1,ctc_frame,40.000000,PhC-C2DH-U373_02,ctc_tracking_centroid,99.000000,261.500000,0.000000,cell_centroid_motion,78.000000,0.000000,02_1,40,99.000000,261.500000,0.000000,78,02,CC-BY-4.0,ctc_phc_c2dh_u373,PhC-C2DH-U373,,0,0,79
ctc_phc-c2dh-u373_v1,PhC-C2DH-U373_02_t040_track3,ctc_frame,40.000000,PhC-C2DH-U373_02,ctc_tracking_centroid,187.000000,194.000000,0.000000,cell_centroid_motion,109.000000,0.000000,02_3,40,187.000000,194.000000,0.000000,109,02,CC-BY-4.0,ctc_phc_c2dh_u373,PhC-C2DH-U373,,0,0,114
ctc_phc-c2dh-u373_v1,PhC-C2DH-U373_02_t040_track4,ctc_frame,40.000000,PhC-C2DH-U373_02,ctc_tracking_centroid,540.000000,150.000000,0.000000,cell_centroid_motion,69.000000,0.000000,02_4,40,540.000000,150.000000,0.000000,69,02,CC-BY-4.0,ctc_phc_c2dh_u373,PhC-C2DH-U373,,0,0,114
ctc_phc-c2dh-u373_v1,PhC-C2DH-U373_02_t040_track9,ctc_frame,40.000000,PhC-C2DH-U373_02,ctc_tracking_centroid,639.000000,297.000000,0.000000,cell_centroid_motion,9.000000,0.000000,02_9,40,639.000000,297.000000,0.000000,9,02,CC-BY-4.0,ctc_phc_c2dh_u373,PhC-C2DH-U373,,7,33,114
ctc_phc-c2dh-u373_v1,PhC-C2DH-U373_02_t040_track11,ctc_frame,40.000000,PhC-C2DH-U373_02,ctc_tracking_centroid,532.000000,456.000000,0.000000,cell_centroid_motion,35.000000,0.000000,02_11,40,532.000000,456.000000,0.000000,35,02,CC-BY-4.0,ctc_phc_c2dh_u373,PhC-C2DH-U373,,0,0,58
ctc_phc-c2dh-u373_v1,PhC-C2DH-U373_02_t040_track14,ctc_frame,40.000000,PhC-C2DH-U373_02,ctc_tracking_centroid,81.000000,463.000000,0.000000,cell_centroid_motion,45.000000,0.000000,02_14,40,81.000000,463.000000,0.000000,45,02,CC-BY-4.0,ctc_phc_c2dh_u373,PhC-C2DH-U373,,0,0,72
ctc_phc-c2dh-u373_v1,PhC-C2DH-U373_02_t040_track18,ctc_frame,40.000000,PhC-C2DH-U373_02,ctc_tracking_centroid,62.000000,449.000000,0.000000,cell_centroid_motion,25.000000,0.000000,02_18,40,62.000000,449.000000,0.000000,25,02,CC-BY-4.0,ctc_phc_c2dh_u373,PhC-C2DH-U373,,0,30,105
ctc_phc-c2dh-u373_v1,PhC-C2DH-U373_02_t041_track1,ctc_frame,41.000000,PhC-C2DH-U373_02,ctc_tracking_centroid,99.000000,264.500000,0.000000,cell_centroid_motion,78.000000,0.000000,02_1,41,99.000000,264.500000,0.000000,78,02,CC-BY-4.0,ctc_phc_c2dh_u373,PhC-C2DH-U373,,0,0,79
ctc_phc-c2dh-u373_v1,PhC-C2DH-U373_02_t041_track3,ctc_frame,41.000000,PhC-C2DH-U373_02,ctc_tracking_centroid,187.000000,194.000000,0.000000,cell_centroid_motion,109.000000,0.000000,02_3,41,187.000000,194.000000,0.000000,109,02,CC-BY-4.0,ctc_phc_c2dh_u373,PhC-C2DH-U373,,0,0,114
ctc_phc-c2dh-u373_v1,PhC-C2DH-U373_02_t041_track4,ctc_frame,41.000000,PhC-C2DH-U373_02,ctc_tracking_centroid,539.000000,151.000000,0.000000,cell_centroid_motion,69.000000,0.000000,02_4,41,539.000000,151.000000,0.000000,69,02,CC-BY-4.0,ctc_phc_c2dh_u373,PhC-C2DH-U373,,0,0,114
ctc_phc-c2dh-u373_v1,PhC-C2DH-U373_02_t041_track9,ctc_frame,41.000000,PhC-C2DH-U373_02,ctc_tracking_centroid,639.000000,297.000000,0.000000,cell_centroid_motion,9.000000,0.000000,02_9,41,639.000000,297.000000,0.000000,9,02,CC-BY-4.0,ctc_phc_c2dh_u373,PhC-C2DH-U373,,7,33,114
ctc_phc-c2dh-u373_v1,PhC-C2DH-U373_02_t041_track11,ctc_frame,41.000000,PhC-C2DH-U373_02,ctc_tracking_centroid,534.000000,448.000000,0.000000,cell_centroid_motion,25.000000,0.000000,02_11,41,534.000000,448.000000,0.000000,25,02,CC-BY-4.0,ctc_phc_c2dh_u373,PhC-C2DH-U373,,0,0,58
ctc_phc-c2dh-u373_v1,PhC-C2DH-U373_02_t041_track14,ctc_frame,41.000000,PhC-C2DH-U373_02,ctc_tracking_centroid,74.000000,463.000000,0.000000,cell_centroid_motion,25.000000,0.000000,02_14,41,74.000000,463.000000,0.000000,25,02,CC-BY-4.0,ctc_phc_c2dh_u373,PhC-C2DH-U373,,0,0,72
ctc_phc-c2dh-u373_v1,PhC-C2DH-U373_02_t041_track18,ctc_frame,41.000000,PhC-C2DH-U373_02,ctc_tracking_centroid,62.000000,449.000000,0.000000,cell_centroid_motion,25.000000,0.000000,02_18,41,62.000000,449.000000,0.000000,25,02,CC-BY-4.0,ctc_phc_c2dh_u373,PhC-C2DH-U373,,0,30,105
ctc_phc-c2dh-u373_v1,PhC-C2DH-U373_02_t042_track1,ctc_frame,42.000000,PhC-C2DH-U373_02,ctc_tracking_centroid,99.500000,269.000000,0.000000,cell_centroid_motion,78.000000,0.000000,02_1,42,99.500000,269.000000,0.000000,78,02,CC-BY-4.0,ctc_phc_c2dh_u373,PhC-C2DH-U373,,0,0,79
ctc_phc-c2dh-u373_v1,PhC-C2DH-U373_02_t042_track3,ctc_frame,42.000000,PhC-C2DH-U373_02,ctc_tracking_centroid,187.000000,194.000000,0.000000,cell_centroid_motion,109.000000,0.000000,02_3,42,187.000000,194.000000,0.000000,109,02,CC-BY-4.0,ctc_phc_c2dh_u373,PhC-C2DH-U373,,0,0,114
ctc_phc-c2dh-u373_v1,PhC-C2DH-U373_02_t042_track4,ctc_frame,42.000000,PhC-C2DH-U373_02,ctc_tracking_centroid,539.000000,151.500000,0.000000,cell_centroid_motion,78.000000,0.000000,02_4,42,539.000000,151.500000,0.000000,78,02,CC-BY-4.0,ctc_phc_c2dh_u373,PhC-C2DH-U373,,0,0,114
ctc_phc-c2dh-u373_v1,PhC-C2DH-U373_02_t042_track9,ctc_frame,42.000000,PhC-C2DH-U373_02,ctc_tracking_centroid,639.000000,297.000000,0.000000,cell_centroid_motion,9.000000,0.000000,02_9,42,639.000000,297.000000,0.000000,9,02,CC-BY-4.0,ctc_phc_c2dh_u373,PhC-C2DH-U373,,7,33,114
ctc_phc-c2dh-u373_v1,PhC-C2DH-U373_02_t042_track11,ctc_frame,42.000000,PhC-C2DH-U373_02,ctc_tracking_centroid,541.000000,460.000000,0.000000,cell_centroid_motion,25.000000,0.000000,02_11,42,541.000000,460.000000,0.000000,25,02,CC-BY-4.0,ctc_phc_c2dh_u373,PhC-C2DH-U373,,0,0,58
ctc_phc-c2dh-u373_v1,PhC-C2DH-U373_02_t042_track14,ctc_frame,42.000000,PhC-C2DH-U373_02,ctc_tracking_centroid,78.000000,464.500000,0.000000,cell_centroid_motion,30.000000,0.000000,02_14,42,78.000000,464.500000,0.000000,30,02,CC-BY-4.0,ctc_phc_c2dh_u373,PhC-C2DH-U373,,0,0,72
ctc_phc-c2dh-u373_v1,PhC-C2DH-U373_02_t042_track18,ctc_frame,42.000000,PhC-C2DH-U373_02,ctc_tracking_centroid,62.000000,447.000000,0.000000,cell_centroid_motion,25.000000,0.000000,02_18,42,62.000000,447.000000,0.000000,25,02,CC-BY-4.0,ctc_phc_c2dh_u373,PhC-C2DH-U373,,0,30,105
ctc_phc-c2dh-u373_v1,PhC-C2DH-U373_02_t043_track1,ctc_frame,43.000000,PhC-C2DH-U373_02,ctc_tracking_centroid,100.000000,269.000000,0.000000,cell_centroid_motion,69.000000,0.000000,02_1,43,100.000000,269.000000,0.000000,69,02,CC-BY-4.0,ctc_phc_c2dh_u373,PhC-C2DH-U373,,0,0,79
ctc_phc-c2dh-u373_v1,PhC-C2DH-U373_02_t043_track3,ctc_frame,43.000000,PhC-C2DH-U373_02,ctc_tracking_centroid,187.000000,194.000000,0.000000,cell_centroid_motion,109.000000,0.000000,02_3,43,187.000000,194.000000,0.000000,109,02,CC-BY-4.0,ctc_phc_c2dh_u373,PhC-C2DH-U373,,0,0,114
ctc_phc-c2dh-u373_v1,PhC-C2DH-U373_02_t043_track4,ctc_frame,43.000000,PhC-C2DH-U373_02,ctc_tracking_centroid,537.000000,158.000000,0.000000,cell_centroid_motion,69.000000,0.000000,02_4,43,537.000000,158.000000,0.000000,69,02,CC-BY-4.0,ctc_phc_c2dh_u373,PhC-C2DH-U373,,0,0,114
ctc_phc-c2dh-u373_v1,PhC-C2DH-U373_02_t043_track9,ctc_frame,43.000000,PhC-C2DH-U373_02,ctc_tracking_centroid,639.000000,297.000000,0.000000,cell_centroid_motion,9.000000,0.000000,02_9,43,639.000000,297.000000,0.000000,9,02,CC-BY-4.0,ctc_phc_c2dh_u373,PhC-C2DH-U373,,7,33,114
ctc_phc-c2dh-u373_v1,PhC-C2DH-U373_02_t043_track11,ctc_frame,43.000000,PhC-C2DH-U373_02,ctc_tracking_centroid,541.000000,461.000000,0.000000,cell_centroid_motion,25.000000,0.000000,02_11,43,541.000000,461.000000,0.000000,25,02,CC-BY-4.0,ctc_phc_c2dh_u373,PhC-C2DH-U373,,0,0,58
ctc_phc-c2dh-u373_v1,PhC-C2DH-U373_02_t043_track14,ctc_frame,43.000000,PhC-C2DH-U373_02,ctc_tracking_centroid,74.000000,463.000000,0.000000,cell_centroid_motion,25.000000,0.000000,02_14,43,74.000000,463.000000,0.000000,25,02,CC-BY-4.0,ctc_phc_c2dh_u373,PhC-C2DH-U373,,0,0,72
ctc_phc-c2dh-u373_v1,PhC-C2DH-U373_02_t043_track18,ctc_frame,43.000000,PhC-C2DH-U373_02,ctc_tracking_centroid,62.000000,444.000000,0.000000,cell_centroid_motion,25.000000,0.000000,02_18,43,62.000000,444.000000,0.000000,25,02,CC-BY-4.0,ctc_phc_c2dh_u373,PhC-C2DH-U373,,0,30,105
ctc_phc-c2dh-u373_v1,PhC-C2DH-U373_02_t044_track1,ctc_frame,44.000000,PhC-C2DH-U373_02,ctc_tracking_centroid,100.000000,269.000000,0.000000,cell_centroid_motion,69.000000,0.000000,02_1,44,100.000000,269.000000,0.000000,69,02,CC-BY-4.0,ctc_phc_c2dh_u373,PhC-C2DH-U373,,0,0,79
ctc_phc-c2dh-u373_v1,PhC-C2DH-U373_02_t044_track3,ctc_frame,44.000000,PhC-C2DH-U373_02,ctc_tracking_centroid,186.000000,192.000000,0.000000,cell_centroid_motion,109.000000,0.000000,02_3,44,186.000000,192.000000,0.000000,109,02,CC-BY-4.0,ctc_phc_c2dh_u373,PhC-C2DH-U373,,0,0,114
ctc_phc-c2dh-u373_v1,PhC-C2DH-U373_02_t044_track4,ctc_frame,44.000000,PhC-C2DH-U373_02,ctc_tracking_centroid,537.000000,158.000000,0.000000,cell_centroid_motion,69.000000,0.000000,02_4,44,537.000000,158.000000,0.000000,69,02,CC-BY-4.0,ctc_phc_c2dh_u373,PhC-C2DH-U373,,0,0,114
ctc_phc-c2dh-u373_v1,PhC-C2DH-U373_02_t044_track9,ctc_frame,44.000000,PhC-C2DH-U373_02,ctc_tracking_centroid,639.000000,297.000000,0.000000,cell_centroid_motion,9.000000,0.000000,02_9,44,639.000000,297.000000,0.000000,9,02,CC-BY-4.0,ctc_phc_c2dh_u373,PhC-C2DH-U373,,7,33,114
ctc_phc-c2dh-u373_v1,PhC-C2DH-U373_02_t044_track11,ctc_frame,44.000000,PhC-C2DH-U373_02,ctc_tracking_centroid,540.000000,460.000000,0.000000,cell_centroid_motion,25.000000,0.000000,02_11,44,540.000000,460.000000,0.000000,25,02,CC-BY-4.0,ctc_phc_c2dh_u373,PhC-C2DH-U373,,0,0,58
ctc_phc-c2dh-u373_v1,PhC-C2DH-U373_02_t044_track14,ctc_frame,44.000000,PhC-C2DH-U373_02,ctc_tracking_centroid,70.000000,463.000000,0.000000,cell_centroid_motion,25.000000,0.000000,02_14,44,70.000000,463.000000,0.000000,25,02,CC-BY-4.0,ctc_phc_c2dh_u373,PhC-C2DH-U373,,0,0,72
ctc_phc-c2dh-u373_v1,PhC-C2DH-U373_02_t044_track18,ctc_frame,44.000000,PhC-C2DH-U373_02,ctc_tracking_centroid,60.000000,446.000000,0.000000,cell_centroid_motion,25.000000,0.000000,02_18,44,60.000000,446.000000,0.000000,25,02,CC-BY-4.0,ctc_phc_c2dh_u373,PhC-C2DH-U373,,0,30,105
ctc_phc-c2dh-u373_v1,PhC-C2DH-U373_02_t045_track1,ctc_frame,45.000000,PhC-C2DH-U373_02,ctc_tracking_centroid,109.000000,270.000000,0.000000,cell_centroid_motion,69.000000,0.000000,02_1,45,109.000000,270.000000,0.000000,69,02,CC-BY-4.0,ctc_phc_c2dh_u373,PhC-C2DH-U373,,0,0,79
ctc_phc-c2dh-u373_v1,PhC-C2DH-U373_02_t045_track3,ctc_frame,45.000000,PhC-C2DH-U373_02,ctc_tracking_centroid,184.000000,189.000000,0.000000,cell_centroid_motion,109.000000,0.000000,02_3,45,184.000000,189.000000,0.000000,109,02,CC-BY-4.0,ctc_phc_c2dh_u373,PhC-C2DH-U373,,0,0,114
ctc_phc-c2dh-u373_v1,PhC-C2DH-U373_02_t045_track4,ctc_frame,45.000000,PhC-C2DH-U373_02,ctc_tracking_centroid,537.000000,158.000000,0.000000,cell_centroid_motion,69.000000,0.000000,02_4,45,537.000000,158.000000,0.000000,69,02,CC-BY-4.0,ctc_phc_c2dh_u373,PhC-C2DH-U373,,0,0,114
ctc_phc-c2dh-u373_v1,PhC-C2DH-U373_02_t045_track9,ctc_frame,45.000000,PhC-C2DH-U373_02,ctc_tracking_centroid,639.000000,297.000000,0.000000,cell_centroid_motion,9.000000,0.000000,02_9,45,639.000000,297.000000,0.000000,9,02,CC-BY-4.0,ctc_phc_c2dh_u373,PhC-C2DH-U373,,7,33,114
ctc_phc-c2dh-u373_v1,PhC-C2DH-U373_02_t045_track11,ctc_frame,45.000000,PhC-C2DH-U373_02,ctc_tracking_centroid,540.000000,460.000000,0.000000,cell_centroid_motion,25.000000,0.000000,02_11,45,540.000000,460.000000,0.000000,25,02,CC-BY-4.0,ctc_phc_c2dh_u373,PhC-C2DH-U373,,0,0,58
ctc_phc-c2dh-u373_v1,PhC-C2DH-U373_02_t045_track14,ctc_frame,45.000000,PhC-C2DH-U373_02,ctc_tracking_centroid,68.000000,464.000000,0.000000,cell_centroid_motion,25.000000,0.000000,02_14,45,68.000000,464.000000,0.000000,25,02,CC-BY-4.0,ctc_phc_c2dh_u373,PhC-C2DH-U373,,0,0,72
ctc_phc-c2dh-u373_v1,PhC-C2DH-U373_02_t045_track18,ctc_frame,45.000000,PhC-C2DH-U373_02,ctc_tracking_centroid,56.000000,446.000000,0.000000,cell_centroid_motion,25.000000,0.000000,02_18,45,56.000000,446.000000,0.000000,25,02,CC-BY-4.0,ctc_phc_c2dh_u373,PhC-C2DH-U373,,0,30,105
ctc_phc-c2dh-u373_v1,PhC-C2DH-U373_02_t046_track1,ctc_frame,46.000000,PhC-C2DH-U373_02,ctc_tracking_centroid,109.500000,268.000000,0.000000,cell_centroid_motion,78.000000,0.000000,02_1,46,109.500000,268.000000,0.000000,78,02,CC-BY-4.0,ctc_phc_c2dh_u373,PhC-C2DH-U373,,0,0,79
ctc_phc-c2dh-u373_v1,PhC-C2DH-U373_02_t046_track3,ctc_frame,46.000000,PhC-C2DH-U373_02,ctc_tracking_centroid,184.000000,189.000000,0.000000,cell_centroid_motion,109.000000,0.000000,02_3,46,184.000000,189.000000,0.000000,109,02,CC-BY-4.0,ctc_phc_c2dh_u373,PhC-C2DH-U373,,0,0,114
ctc_phc-c2dh-u373_v1,PhC-C2DH-U373_02_t046_track4,ctc_frame,46.000000,PhC-C2DH-U373_02,ctc_tracking_centroid,536.000000,158.000000,0.000000,cell_centroid_motion,69.000000,0.000000,02_4,46,536.000000,158.000000,0.000000,69,02,CC-BY-4.0,ctc_phc_c2dh_u373,PhC-C2DH-U373,,0,0,114
ctc_phc-c2dh-u373_v1,PhC-C2DH-U373_02_t046_track9,ctc_frame,46.000000,PhC-C2DH-U373_02,ctc_tracking_centroid,638.000000,298.500000,0.000000,cell_centroid_motion,12.000000,0.000000,02_9,46,638.000000,298.500000,0.000000,12,02,CC-BY-4.0,ctc_phc_c2dh_u373,PhC-C2DH-U373,,7,33,114
ctc_phc-c2dh-u373_v1,PhC-C2DH-U373_02_t046_track11,ctc_frame,46.000000,PhC-C2DH-U373_02,ctc_tracking_centroid,542.000000,447.000000,0.000000,cell_centroid_motion,25.000000,0.000000,02_11,46,542.000000,447.000000,0.000000,25,02,CC-BY-4.0,ctc_phc_c2dh_u373,PhC-C2DH-U373,,0,0,58
ctc_phc-c2dh-u373_v1,PhC-C2DH-U373_02_t046_track14,ctc_frame,46.000000,PhC-C2DH-U373_02,ctc_tracking_centroid,66.000000,464.000000,0.000000,cell_centroid_motion,25.000000,0.000000,02_14,46,66.000000,464.000000,0.000000,25,02,CC-BY-4.0,ctc_phc_c2dh_u373,PhC-C2DH-U373,,0,0,72
ctc_phc-c2dh-u373_v1,PhC-C2DH-U373_02_t046_track18,ctc_frame,46.000000,PhC-C2DH-U373_02,ctc_tracking_centroid,59.000000,448.000000,0.000000,cell_centroid_motion,25.000000,0.000000,02_18,46,59.000000,448.000000,0.000000,25,02,CC-BY-4.0,ctc_phc_c2dh_u373,PhC-C2DH-U373,,0,30,105
ctc_phc-c2dh-u373_v1,PhC-C2DH-U373_02_t047_track1,ctc_frame,47.000000,PhC-C2DH-U373_02,ctc_tracking_centroid,110.000000,268.000000,0.000000,cell_centroid_motion,69.000000,0.000000,02_1,47,110.000000,268.000000,0.000000,69,02,CC-BY-4.0,ctc_phc_c2dh_u373,PhC-C2DH-U373,,0,0,79
ctc_phc-c2dh-u373_v1,PhC-C2DH-U373_02_t047_track3,ctc_frame,47.000000,PhC-C2DH-U373_02,ctc_tracking_centroid,183.000000,189.000000,0.000000,cell_centroid_motion,109.000000,0.000000,02_3,47,183.000000,189.000000,0.000000,109,02,CC-BY-4.0,ctc_phc_c2dh_u373,PhC-C2DH-U373,,0,0,114
ctc_phc-c2dh-u373_v1,PhC-C2DH-U373_02_t047_track4,ctc_frame,47.000000,PhC-C2DH-U373_02,ctc_tracking_centroid,536.000000,158.000000,0.000000,cell_centroid_motion,69.000000,0.000000,02_4,47,536.000000,158.000000,0.000000,69,02,CC-BY-4.0,ctc_phc_c2dh_u373,PhC-C2DH-U373,,0,0,114
ctc_phc-c2dh-u373_v1,PhC-C2DH-U373_02_t047_track9,ctc_frame,47.000000,PhC-C2DH-U373_02,ctc_tracking_centroid,636.000000,301.000000,0.000000,cell_centroid_motion,9.000000,0.000000,02_9,47,636.000000,301.000000,0.000000,9,02,CC-BY-4.0,ctc_phc_c2dh_u373,PhC-C2DH-U373,,7,33,114
ctc_phc-c2dh-u373_v1,PhC-C2DH-U373_02_t047_track11,ctc_frame,47.000000,PhC-C2DH-U373_02,ctc_tracking_centroid,540.500000,455.000000,0.000000,cell_centroid_motion,30.000000,0.000000,02_11,47,540.500000,455.000000,0.000000,30,02,CC-BY-4.0,ctc_phc_c2dh_u373,PhC-C2DH-U373,,0,0,58
ctc_phc-c2dh-u373_v1,PhC-C2DH-U373_02_t047_track14,ctc_frame,47.000000,PhC-C2DH-U373_02,ctc_tracking_centroid,63.000000,466.000000,0.000000,cell_centroid_motion,25.000000,0.000000,02_14,47,63.000000,466.000000,0.000000,25,02,CC-BY-4.0,ctc_phc_c2dh_u373,PhC-C2DH-U373,,0,0,72
ctc_phc-c2dh-u373_v1,PhC-C2DH-U373_02_t047_track18,ctc_frame,47.000000,PhC-C2DH-U373_02,ctc_tracking_centroid,59.000000,448.000000,0.000000,cell_centroid_motion,25.000000,0.000000,02_18,47,59.000000,448.000000,0.000000,25,02,CC-BY-4.0,ctc_phc_c2dh_u373,PhC-C2DH-U373,,0,30,105
ctc_phc-c2dh-u373_v1,PhC-C2DH-U373_02_t048_track1,ctc_frame,48.000000,PhC-C2DH-U373_02,ctc_tracking_centroid,111.000000,278.000000,0.000000,cell_centroid_motion,69.000000,0.000000,02_1,48,111.000000,278.000000,0.000000,69,02,CC-BY-4.0,ctc_phc_c2dh_u373,PhC-C2DH-U373,,0,0,79
ctc_phc-c2dh-u373_v1,PhC-C2DH-U373_02_t048_track3,ctc_frame,48.000000,PhC-C2DH-U373_02,ctc_tracking_centroid,183.000000,189.000000,0.000000,cell_centroid_motion,109.000000,0.000000,02_3,48,183.000000,189.000000,0.000000,109,02,CC-BY-4.0,ctc_phc_c2dh_u373,PhC-C2DH-U373,,0,0,114
ctc_phc-c2dh-u373_v1,PhC-C2DH-U373_02_t048_track4,ctc_frame,48.000000,PhC-C2DH-U373_02,ctc_tracking_centroid,536.000000,158.000000,0.000000,cell_centroid_motion,69.000000,0.000000,02_4,48,536.000000,158.000000,0.000000,69,02,CC-BY-4.0,ctc_phc_c2dh_u373,PhC-C2DH-U373,,0,0,114
ctc_phc-c2dh-u373_v1,PhC-C2DH-U373_02_t048_track9,ctc_frame,48.000000,PhC-C2DH-U373_02,ctc_tracking_centroid,636.000000,300.000000,0.000000,cell_centroid_motion,9.000000,0.000000,02_9,48,636.000000,300.000000,0.000000,9,02,CC-BY-4.0,ctc_phc_c2dh_u373,PhC-C2DH-U373,,7,33,114
ctc_phc-c2dh-u373_v1,PhC-C2DH-U373_02_t048_track11,ctc_frame,48.000000,PhC-C2DH-U373_02,ctc_tracking_centroid,540.000000,445.000000,0.000000,cell_centroid_motion,25.000000,0.000000,02_11,48,540.000000,445.000000,0.000000,25,02,CC-BY-4.0,ctc_phc_c2dh_u373,PhC-C2DH-U373,,0,0,58
ctc_phc-c2dh-u373_v1,PhC-C2DH-U373_02_t048_track14,ctc_frame,48.000000,PhC-C2DH-U373_02,ctc_tracking_centroid,62.000000,466.000000,0.000000,cell_centroid_motion,9.000000,0.000000,02_14,48,62.000000,466.000000,0.000000,9,02,CC-BY-4.0,ctc_phc_c2dh_u373,PhC-C2DH-U373,,0,0,72
ctc_phc-c2dh-u373_v1,PhC-C2DH-U373_02_t048_track18,ctc_frame,48.000000,PhC-C2DH-U373_02,ctc_tracking_centroid,59.000000,451.000000,0.000000,cell_centroid_motion,25.000000,0.000000,02_18,48,59.000000,451.000000,0.000000,25,02,CC-BY-4.0,ctc_phc_c2dh_u373,PhC-C2DH-U373,,0,30,105
ctc_phc-c2dh-u373_v1,PhC-C2DH-U373_02_t049_track1,ctc_frame,49.000000,PhC-C2DH-U373_02,ctc_tracking_centroid,106.000000,287.000000,0.000000,cell_centroid_motion,69.000000,0.000000,02_1,49,106.000000,287.000000,0.000000,69,02,CC-BY-4.0,ctc_phc_c2dh_u373,PhC-C2DH-U373,,0,0,79
ctc_phc-c2dh-u373_v1,PhC-C2DH-U373_02_t049_track3,ctc_frame,49.000000,PhC-C2DH-U373_02,ctc_tracking_centroid,183.000000,189.000000,0.000000,cell_centroid_motion,109.000000,0.000000,02_3,49,183.000000,189.000000,0.000000,109,02,CC-BY-4.0,ctc_phc_c2dh_u373,PhC-C2DH-U373,,0,0,114
ctc_phc-c2dh-u373_v1,PhC-C2DH-U373_02_t049_track4,ctc_frame,49.000000,PhC-C2DH-U373_02,ctc_tracking_centroid,536.500000,158.000000,0.000000,cell_centroid_motion,78.000000,0.000000,02_4,49,536.500000,158.000000,0.000000,78,02,CC-BY-4.0,ctc_phc_c2dh_u373,PhC-C2DH-U373,,0,0,114
ctc_phc-c2dh-u373_v1,PhC-C2DH-U373_02_t049_track9,ctc_frame,49.000000,PhC-C2DH-U373_02,ctc_tracking_centroid,639.000000,297.000000,0.000000,cell_centroid_motion,9.000000,0.000000,02_9,49,639.000000,297.000000,0.000000,9,02,CC-BY-4.0,ctc_phc_c2dh_u373,PhC-C2DH-U373,,7,33,114
ctc_phc-c2dh-u373_v1,PhC-C2DH-U373_02_t049_track11,ctc_frame,49.000000,PhC-C2DH-U373_02,ctc_tracking_centroid,538.000000,456.000000,0.000000,cell_centroid_motion,25.000000,0.000000,02_11,49,538.000000,456.000000,0.000000,25,02,CC-BY-4.0,ctc_phc_c2dh_u373,PhC-C2DH-U373,,0,0,58
ctc_phc-c2dh-u373_v1,PhC-C2DH-U373_02_t049_track14,ctc_frame,49.000000,PhC-C2DH-U373_02,ctc_tracking_centroid,58.000000,465.000000,0.000000,cell_centroid_motion,9.000000,0.000000,02_14,49,58.000000,465.000000,0.000000,9,02,CC-BY-4.0,ctc_phc_c2dh_u373,PhC-C2DH-U373,,0,0,72
ctc_phc-c2dh-u373_v1,PhC-C2DH-U373_02_t049_track18,ctc_frame,49.000000,PhC-C2DH-U373_02,ctc_tracking_centroid,59.000000,449.000000,0.000000,cell_centroid_motion,25.000000,0.000000,02_18,49,59.000000,449.000000,0.000000,25,02,CC-BY-4.0,ctc_phc_c2dh_u373,PhC-C2DH-U373,,0,30,105
ctc_phc-c2dh-u373_v1,PhC-C2DH-U373_02_t050_track1,ctc_frame,50.000000,PhC-C2DH-U373_02,ctc_tracking_centroid,103.000000,289.000000,0.000000,cell_centroid_motion,69.000000,0.000000,02_1,50,103.000000,289.000000,0.000000,69,02,CC-BY-4.0,ctc_phc_c2dh_u373,PhC-C2DH-U373,,0,0,79
ctc_phc-c2dh-u373_v1,PhC-C2DH-U373_02_t050_track3,ctc_frame,50.000000,PhC-C2DH-U373_02,ctc_tracking_centroid,183.000000,189.000000,0.000000,cell_centroid_motion,109.000000,0.000000,02_3,50,183.000000,189.000000,0.000000,109,02,CC-BY-4.0,ctc_phc_c2dh_u373,PhC-C2DH-U373,,0,0,114
ctc_phc-c2dh-u373_v1,PhC-C2DH-U373_02_t050_track4,ctc_frame,50.000000,PhC-C2DH-U373_02,ctc_tracking_centroid,541.000000,163.000000,0.000000,cell_centroid_motion,69.000000,0.000000,02_4,50,541.000000,163.000000,0.000000,69,02,CC-BY-4.0,ctc_phc_c2dh_u373,PhC-C2DH-U373,,0,0,114
ctc_phc-c2dh-u373_v1,PhC-C2DH-U373_02_t050_track9,ctc_frame,50.000000,PhC-C2DH-U373_02,ctc_tracking_centroid,634.000000,289.000000,0.000000,cell_centroid_motion,9.000000,0.000000,02_9,50,634.000000,289.000000,0.000000,9,02,CC-BY-4.0,ctc_phc_c2dh_u373,PhC-C2DH-U373,,7,33,114
ctc_phc-c2dh-u373_v1,PhC-C2DH-U373_02_t050_track11,ctc_frame,50.000000,PhC-C2DH-U373_02,ctc_tracking_centroid,542.500000,447.000000,0.000000,cell_centroid_motion,30.000000,0.000000,02_11,50,542.500000,447.000000,0.000000,30,02,CC-BY-4.0,ctc_phc_c2dh_u373,PhC-C2DH-U373,,0,0,58
ctc_phc-c2dh-u373_v1,PhC-C2DH-U373_02_t050_track14,ctc_frame,50.000000,PhC-C2DH-U373_02,ctc_tracking_centroid,55.000000,463.000000,0.000000,cell_centroid_motion,9.000000,0.000000,02_14,50,55.000000,463.000000,0.000000,9,02,CC-BY-4.0,ctc_phc_c2dh_u373,PhC-C2DH-U373,,0,0,72
ctc_phc-c2dh-u373_v1,PhC-C2DH-U373_02_t050_track18,ctc_frame,50.000000,PhC-C2DH-U373_02,ctc_tracking_centroid,58.000000,444.000000,0.000000,cell_centroid_motion,25.000000,0.000000,02_18,50,58.000000,444.000000,0.000000,25,02,CC-BY-4.0,ctc_phc_c2dh_u373,PhC-C2DH-U373,,0,30,105
ctc_phc-c2dh-u373_v1,PhC-C2DH-U373_02_t051_track1,ctc_frame,51.000000,PhC-C2DH-U373_02,ctc_tracking_centroid,101.000000,292.000000,0.000000,cell_centroid_motion,69.000000,0.000000,02_1,51,101.000000,292.000000,0.000000,69,02,CC-BY-4.0,ctc_phc_c2dh_u373,PhC-C2DH-U373,,0,0,79
ctc_phc-c2dh-u373_v1,PhC-C2DH-U373_02_t051_track3,ctc_frame,51.000000,PhC-C2DH-U373_02,ctc_tracking_centroid,183.000000,189.000000,0.000000,cell_centroid_motion,109.000000,0.000000,02_3,51,183.000000,189.000000,0.000000,109,02,CC-BY-4.0,ctc_phc_c2dh_u373,PhC-C2DH-U373,,0,0,114
ctc_phc-c2dh-u373_v1,PhC-C2DH-U373_02_t051_track4,ctc_frame,51.000000,PhC-C2DH-U373_02,ctc_tracking_centroid,541.000000,163.000000,0.000000,cell_centroid_motion,69.000000,0.000000,02_4,51,541.000000,163.000000,0.000000,69,02,CC-BY-4.0,ctc_phc_c2dh_u373,PhC-C2DH-U373,,0,0,114
ctc_phc-c2dh-u373_v1,PhC-C2DH-U373_02_t051_track9,ctc_frame,51.000000,PhC-C2DH-U373_02,ctc_tracking_centroid,635.000000,286.000000,0.000000,cell_centroid_motion,9.000000,0.000000,02_9,51,635.000000,286.000000,0.000000,9,02,CC-BY-4.0,ctc_phc_c2dh_u373,PhC-C2DH-U373,,7,33,114
ctc_phc-c2dh-u373_v1,PhC-C2DH-U373_02_t051_track11,ctc_frame,51.000000,PhC-C2DH-U373_02,ctc_tracking_centroid,516.000000,463.000000,0.000000,cell_centroid_motion,9.000000,0.000000,02_11,51,516.000000,463.000000,0.000000,9,02,CC-BY-4.0,ctc_phc_c2dh_u373,PhC-C2DH-U373,,0,0,58
ctc_phc-c2dh-u373_v1,PhC-C2DH-U373_02_t051_track14,ctc_frame,51.000000,PhC-C2DH-U373_02,ctc_tracking_centroid,58.000000,426.000000,0.000000,cell_centroid_motion,25.000000,0.000000,02_14,51,58.000000,426.000000,0.000000,25,02,CC-BY-4.0,ctc_phc_c2dh_u373,PhC-C2DH-U373,,0,0,72
ctc_phc-c2dh-u373_v1,PhC-C2DH-U373_02_t051_track18,ctc_frame,51.000000,PhC-C2DH-U373_02,ctc_tracking_centroid,58.000000,441.000000,0.000000,cell_centroid_motion,25.000000,0.000000,02_18,51,58.000000,441.000000,0.000000,25,02,CC-BY-4.0,ctc_phc_c2dh_u373,PhC-C2DH-U373,,0,30,105
ctc_phc-c2dh-u373_v1,PhC-C2DH-U373_02_t052_track1,ctc_frame,52.000000,PhC-C2DH-U373_02,ctc_tracking_centroid,99.000000,293.000000,0.000000,cell_centroid_motion,69.000000,0.000000,02_1,52,99.000000,293.000000,0.000000,69,02,CC-BY-4.0,ctc_phc_c2dh_u373,PhC-C2DH-U373,,0,0,79
ctc_phc-c2dh-u373_v1,PhC-C2DH-U373_02_t052_track3,ctc_frame,52.000000,PhC-C2DH-U373_02,ctc_tracking_centroid,183.000000,189.000000,0.000000,cell_centroid_motion,109.000000,0.000000,02_3,52,183.000000,189.000000,0.000000,109,02,CC-BY-4.0,ctc_phc_c2dh_u373,PhC-C2DH-U373,,0,0,114
ctc_phc-c2dh-u373_v1,PhC-C2DH-U373_02_t052_track4,ctc_frame,52.000000,PhC-C2DH-U373_02,ctc_tracking_centroid,542.000000,163.000000,0.000000,cell_centroid_motion,87.000000,0.000000,02_4,52,542.000000,163.000000,0.000000,87,02,CC-BY-4.0,ctc_phc_c2dh_u373,PhC-C2DH-U373,,0,0,114
ctc_phc-c2dh-u373_v1,PhC-C2DH-U373_02_t052_track9,ctc_frame,52.000000,PhC-C2DH-U373_02,ctc_tracking_centroid,635.000000,286.000000,0.000000,cell_centroid_motion,9.000000,0.000000,02_9,52,635.000000,286.000000,0.000000,9,02,CC-BY-4.0,ctc_phc_c2dh_u373,PhC-C2DH-U373,,7,33,114
ctc_phc-c2dh-u373_v1,PhC-C2DH-U373_02_t052_track11,ctc_frame,52.000000,PhC-C2DH-U373_02,ctc_tracking_centroid,520.000000,462.000000,0.000000,cell_centroid_motion,9.000000,0.000000,02_11,52,520.000000,462.000000,0.000000,9,02,CC-BY-4.0,ctc_phc_c2dh_u373,PhC-C2DH-U373,,0,0,58
ctc_phc-c2dh-u373_v1,PhC-C2DH-U373_02_t052_track14,ctc_frame,52.000000,PhC-C2DH-U373_02,ctc_tracking_centroid,58.000000,421.000000,0.000000,cell_centroid_motion,25.000000,0.000000,02_14,52,58.000000,421.000000,0.000000,25,02,CC-BY-4.0,ctc_phc_c2dh_u373,PhC-C2DH-U373,,0,0,72
ctc_phc-c2dh-u373_v1,PhC-C2DH-U373_02_t052_track18,ctc_frame,52.000000,PhC-C2DH-U373_02,ctc_tracking_centroid,57.000000,438.000000,0.000000,cell_centroid_motion,25.000000,0.000000,02_18,52,57.000000,438.000000,0.000000,25,02,CC-BY-4.0,ctc_phc_c2dh_u373,PhC-C2DH-U373,,0,30,105
ctc_phc-c2dh-u373_v1,PhC-C2DH-U373_02_t053_track1,ctc_frame,53.000000,PhC-C2DH-U373_02,ctc_tracking_centroid,92.000000,294.000000,0.000000,cell_centroid_motion,69.000000,0.000000,02_1,53,92.000000,294.000000,0.000000,69,02,CC-BY-4.0,ctc_phc_c2dh_u373,PhC-C2DH-U373,,0,0,79
ctc_phc-c2dh-u373_v1,PhC-C2DH-U373_02_t053_track3,ctc_frame,53.000000,PhC-C2DH-U373_02,ctc_tracking_centroid,177.000000,185.000000,0.000000,cell_centroid_motion,109.000000,0.000000,02_3,53,177.000000,185.000000,0.000000,109,02,CC-BY-4.0,ctc_phc_c2dh_u373,PhC-C2DH-U373,,0,0,114
ctc_phc-c2dh-u373_v1,PhC-C2DH-U373_02_t053_track4,ctc_frame,53.000000,PhC-C2DH-U373_02,ctc_tracking_centroid,544.000000,163.000000,0.000000,cell_centroid_motion,69.000000,0.000000,02_4,53,544.000000,163.000000,0.000000,69,02,CC-BY-4.0,ctc_phc_c2dh_u373,PhC-C2DH-U373,,0,0,114
ctc_phc-c2dh-u373_v1,PhC-C2DH-U373_02_t053_track9,ctc_frame,53.000000,PhC-C2DH-U373_02,ctc_tracking_centroid,635.000000,286.000000,0.000000,cell_centroid_motion,25.000000,0.000000,02_9,53,635.000000,286.000000,0.000000,25,02,CC-BY-4.0,ctc_phc_c2dh_u373,PhC-C2DH-U373,,7,33,114
ctc_phc-c2dh-u373_v1,PhC-C2DH-U373_02_t053_track11,ctc_frame,53.000000,PhC-C2DH-U373_02,ctc_tracking_centroid,519.000000,462.000000,0.000000,cell_centroid_motion,9.000000,0.000000,02_11,53,519.000000,462.000000,0.000000,9,02,CC-BY-4.0,ctc_phc_c2dh_u373,PhC-C2DH-U373,,0,0,58
ctc_phc-c2dh-u373_v1,PhC-C2DH-U373_02_t053_track14,ctc_frame,53.000000,PhC-C2DH-U373_02,ctc_tracking_centroid,53.000000,417.000000,0.000000,cell_centroid_motion,25.000000,0.000000,02_14,53,53.000000,417.000000,0.000000,25,02,CC-BY-4.0,ctc_phc_c2dh_u373,PhC-C2DH-U373,,0,0,72
ctc_phc-c2dh-u373_v1,PhC-C2DH-U373_02_t053_track18,ctc_frame,53.000000,PhC-C2DH-U373_02,ctc_tracking_centroid,58.000000,438.000000,0.000000,cell_centroid_motion,25.000000,0.000000,02_18,53,58.000000,438.000000,0.000000,25,02,CC-BY-4.0,ctc_phc_c2dh_u373,PhC-C2DH-U373,,0,30,105
ctc_phc-c2dh-u373_v1,PhC-C2DH-U373_02_t054_track1,ctc_frame,54.000000,PhC-C2DH-U373_02,ctc_tracking_centroid,87.000000,296.000000,0.000000,cell_centroid_motion,69.000000,0.000000,02_1,54,87.000000,296.000000,0.000000,69,02,CC-BY-4.0,ctc_phc_c2dh_u373,PhC-C2DH-U373,,0,0,79
ctc_phc-c2dh-u373_v1,PhC-C2DH-U373_02_t054_track3,ctc_frame,54.000000,PhC-C2DH-U373_02,ctc_tracking_centroid,177.000000,185.000000,0.000000,cell_centroid_motion,109.000000,0.000000,02_3,54,177.000000,185.000000,0.000000,109,02,CC-BY-4.0,ctc_phc_c2dh_u373,PhC-C2DH-U373,,0,0,114
ctc_phc-c2dh-u373_v1,PhC-C2DH-U373_02_t054_track4,ctc_frame,54.000000,PhC-C2DH-U373_02,ctc_tracking_centroid,541.000000,161.000000,0.000000,cell_centroid_motion,69.000000,0.000000,02_4,54,541.000000,161.000000,0.000000,69,02,CC-BY-4.0,ctc_phc_c2dh_u373,PhC-C2DH-U373,,0,0,114
ctc_phc-c2dh-u373_v1,PhC-C2DH-U373_02_t054_track9,ctc_frame,54.000000,PhC-C2DH-U373_02,ctc_tracking_centroid,635.000000,286.000000,0.000000,cell_centroid_motion,25.000000,0.000000,02_9,54,635.000000,286.000000,0.000000,25,02,CC-BY-4.0,ctc_phc_c2dh_u373,PhC-C2DH-U373,,7,33,114
ctc_phc-c2dh-u373_v1,PhC-C2DH-U373_02_t054_track11,ctc_frame,54.000000,PhC-C2DH-U373_02,ctc_tracking_centroid,516.000000,459.000000,0.000000,cell_centroid_motion,9.000000,0.000000,02_11,54,516.000000,459.000000,0.000000,9,02,CC-BY-4.0,ctc_phc_c2dh_u373,PhC-C2DH-U373,,0,0,58
ctc_phc-c2dh-u373_v1,PhC-C2DH-U373_02_t054_track14,ctc_frame,54.000000,PhC-C2DH-U373_02,ctc_tracking_centroid,61.000000,424.000000,0.000000,cell_centroid_motion,25.000000,0.000000,02_14,54,61.000000,424.000000,0.000000,25,02,CC-BY-4.0,ctc_phc_c2dh_u373,PhC-C2DH-U373,,0,0,72
ctc_phc-c2dh-u373_v1,PhC-C2DH-U373_02_t054_track18,ctc_frame,54.000000,PhC-C2DH-U373_02,ctc_tracking_centroid,58.000000,436.000000,0.000000,cell_centroid_motion,25.000000,0.000000,02_18,54,58.000000,436.000000,0.000000,25,02,CC-BY-4.0,ctc_phc_c2dh_u373,PhC-C2DH-U373,,0,30,105
ctc_phc-c2dh-u373_v1,PhC-C2DH-U373_02_t055_track1,ctc_frame,55.000000,PhC-C2DH-U373_02,ctc_tracking_centroid,86.000000,299.000000,0.000000,cell_centroid_motion,69.000000,0.000000,02_1,55,86.000000,299.000000,0.000000,69,02,CC-BY-4.0,ctc_phc_c2dh_u373,PhC-C2DH-U373,,0,0,79
ctc_phc-c2dh-u373_v1,PhC-C2DH-U373_02_t055_track3,ctc_frame,55.000000,PhC-C2DH-U373_02,ctc_tracking_centroid,177.000000,184.000000,0.000000,cell_centroid_motion,109.000000,0.000000,02_3,55,177.000000,184.000000,0.000000,109,02,CC-BY-4.0,ctc_phc_c2dh_u373,PhC-C2DH-U373,,0,0,114
ctc_phc-c2dh-u373_v1,PhC-C2DH-U373_02_t055_track4,ctc_frame,55.000000,PhC-C2DH-U373_02,ctc_tracking_centroid,542.000000,161.000000,0.000000,cell_centroid_motion,87.000000,0.000000,02_4,55,542.000000,161.000000,0.000000,87,02,CC-BY-4.0,ctc_phc_c2dh_u373,PhC-C2DH-U373,,0,0,114
ctc_phc-c2dh-u373_v1,PhC-C2DH-U373_02_t055_track9,ctc_frame,55.000000,PhC-C2DH-U373_02,ctc_tracking_centroid,635.000000,286.000000,0.000000,cell_centroid_motion,25.000000,0.000000,02_9,55,635.000000,286.000000,0.000000,25,02,CC-BY-4.0,ctc_phc_c2dh_u373,PhC-C2DH-U373,,7,33,114
ctc_phc-c2dh-u373_v1,PhC-C2DH-U373_02_t055_track11,ctc_frame,55.000000,PhC-C2DH-U373_02,ctc_tracking_centroid,513.500000,459.000000,0.000000,cell_centroid_motion,12.000000,0.000000,02_11,55,513.500000,459.000000,0.000000,12,02,CC-BY-4.0,ctc_phc_c2dh_u373,PhC-C2DH-U373,,0,0,58
ctc_phc-c2dh-u373_v1,PhC-C2DH-U373_02_t055_track14,ctc_frame,55.000000,PhC-C2DH-U373_02,ctc_tracking_centroid,65.000000,426.000000,0.000000,cell_centroid_motion,25.000000,0.000000,02_14,55,65.000000,426.000000,0.000000,25,02,CC-BY-4.0,ctc_phc_c2dh_u373,PhC-C2DH-U373,,0,0,72
ctc_phc-c2dh-u373_v1,PhC-C2DH-U373_02_t055_track18,ctc_frame,55.000000,PhC-C2DH-U373_02,ctc_tracking_centroid,58.000000,439.000000,0.000000,cell_centroid_motion,25.000000,0.000000,02_18,55,58.000000,439.000000,0.000000,25,02,CC-BY-4.0,ctc_phc_c2dh_u373,PhC-C2DH-U373,,0,30,105
ctc_phc-c2dh-u373_v1,PhC-C2DH-U373_02_t056_track1,ctc_frame,56.000000,PhC-C2DH-U373_02,ctc_tracking_centroid,86.000000,299.000000,0.000000,cell_centroid_motion,69.000000,0.000000,02_1,56,86.000000,299.000000,0.000000,69,02,CC-BY-4.0,ctc_phc_c2dh_u373,PhC-C2DH-U373,,0,0,79
ctc_phc-c2dh-u373_v1,PhC-C2DH-U373_02_t056_track3,ctc_frame,56.000000,PhC-C2DH-U373_02,ctc_tracking_centroid,176.000000,182.000000,0.000000,cell_centroid_motion,69.000000,0.000000,02_3,56,176.000000,182.000000,0.000000,69,02,CC-BY-4.0,ctc_phc_c2dh_u373,PhC-C2DH-U373,,0,0,114
ctc_phc-c2dh-u373_v1,PhC-C2DH-U373_02_t056_track4,ctc_frame,56.000000,PhC-C2DH-U373_02,ctc_tracking_centroid,545.403670,162.110092,0.000000,cell_centroid_motion,109.000000,0.000000,02_4,56,545.403670,162.110092,0.000000,109,02,CC-BY-4.0,ctc_phc_c2dh_u373,PhC-C2DH-U373,,0,0,114
ctc_phc-c2dh-u373_v1,PhC-C2DH-U373_02_t056_track9,ctc_frame,56.000000,PhC-C2DH-U373_02,ctc_tracking_centroid,640.000000,290.000000,0.000000,cell_centroid_motion,9.000000,0.000000,02_9,56,640.000000,290.000000,0.000000,9,02,CC-BY-4.0,ctc_phc_c2dh_u373,PhC-C2DH-U373,,7,33,114
ctc_phc-c2dh-u373_v1,PhC-C2DH-U373_02_t056_track11,ctc_frame,56.000000,PhC-C2DH-U373_02,ctc_tracking_centroid,510.000000,458.000000,0.000000,cell_centroid_motion,9.000000,0.000000,02_11,56,510.000000,458.000000,0.000000,9,02,CC-BY-4.0,ctc_phc_c2dh_u373,PhC-C2DH-U373,,0,0,58
ctc_phc-c2dh-u373_v1,PhC-C2DH-U373_02_t056_track14,ctc_frame,56.000000,PhC-C2DH-U373_02,ctc_tracking_centroid,65.000000,425.000000,0.000000,cell_centroid_motion,25.000000,0.000000,02_14,56,65.000000,425.000000,0.000000,25,02,CC-BY-4.0,ctc_phc_c2dh_u373,PhC-C2DH-U373,,0,0,72
ctc_phc-c2dh-u373_v1,PhC-C2DH-U373_02_t056_track18,ctc_frame,56.000000,PhC-C2DH-U373_02,ctc_tracking_centroid,58.000000,439.000000,0.000000,cell_centroid_motion,25.000000,0.000000,02_18,56,58.000000,439.000000,0.000000,25,02,CC-BY-4.0,ctc_phc_c2dh_u373,PhC-C2DH-U373,,0,30,105
ctc_phc-c2dh-u373_v1,PhC-C2DH-U373_02_t057_track1,ctc_frame,57.000000,PhC-C2DH-U373_02,ctc_tracking_centroid,84.500000,299.000000,0.000000,cell_centroid_motion,78.000000,0.000000,02_1,57,84.500000,299.000000,0.000000,78,02,CC-BY-4.0,ctc_phc_c2dh_u373,PhC-C2DH-U373,,0,0,79
ctc_phc-c2dh-u373_v1,PhC-C2DH-U373_02_t057_track3,ctc_frame,57.000000,PhC-C2DH-U373_02,ctc_tracking_centroid,176.000000,182.000000,0.000000,cell_centroid_motion,69.000000,0.000000,02_3,57,176.000000,182.000000,0.000000,69,02,CC-BY-4.0,ctc_phc_c2dh_u373,PhC-C2DH-U373,,0,0,114
ctc_phc-c2dh-u373_v1,PhC-C2DH-U373_02_t057_track4,ctc_frame,57.000000,PhC-C2DH-U373_02,ctc_tracking_centroid,547.000000,163.000000,0.000000,cell_centroid_motion,69.000000,0.000000,02_4,57,547.000000,163.000000,0.000000,69,02,CC-BY-4.0,ctc_phc_c2dh_u373,PhC-C2DH-U373,,0,0,114
ctc_phc-c2dh-u373_v1,PhC-C2DH-U373_02_t057_track9,ctc_frame,57.000000,PhC-C2DH-U373_02,ctc_tracking_centroid,640.000000,317.000000,0.000000,cell_centroid_motion,9.000000,0.000000,02_9,57,640.000000,317.000000,0.000000,9,02,CC-BY-4.0,ctc_phc_c2dh_u373,PhC-C2DH-U373,,7,33,114
ctc_phc-c2dh-u373_v1,PhC-C2DH-U373_02_t057_track11,ctc_frame,57.000000,PhC-C2DH-U373_02,ctc_tracking_centroid,510.000000,458.000000,0.000000,cell_centroid_motion,9.000000,0.000000,02_11,57,510.000000,458.000000,0.000000,9,02,CC-BY-4.0,ctc_phc_c2dh_u373,PhC-C2DH-U373,,0,0,58
ctc_phc-c2dh-u373_v1,PhC-C2DH-U373_02_t057_track14,ctc_frame,57.000000,PhC-C2DH-U373_02,ctc_tracking_centroid,65.000000,424.000000,0.000000,cell_centroid_motion,25.000000,0.000000,02_14,57,65.000000,424.000000,0.000000,25,02,CC-BY-4.0,ctc_phc_c2dh_u373,PhC-C2DH-U373,,0,0,72
ctc_phc-c2dh-u373_v1,PhC-C2DH-U373_02_t057_track18,ctc_frame,57.000000,PhC-C2DH-U373_02,ctc_tracking_centroid,55.000000,432.000000,0.000000,cell_centroid_motion,25.000000,0.000000,02_18,57,55.000000,432.000000,0.000000,25,02,CC-BY-4.0,ctc_phc_c2dh_u373,PhC-C2DH-U373,,0,30,105
ctc_phc-c2dh-u373_v1,PhC-C2DH-U373_02_t058_track1,ctc_frame,58.000000,PhC-C2DH-U373_02,ctc_tracking_centroid,81.000000,299.000000,0.000000,cell_centroid_motion,69.000000,0.000000,02_1,58,81.000000,299.000000,0.000000,69,02,CC-BY-4.0,ctc_phc_c2dh_u373,PhC-C2DH-U373,,0,0,79
ctc_phc-c2dh-u373_v1,PhC-C2DH-U373_02_t058_track3,ctc_frame,58.000000,PhC-C2DH-U373_02,ctc_tracking_centroid,176.000000,182.000000,0.000000,cell_centroid_motion,69.000000,0.000000,02_3,58,176.000000,182.000000,0.000000,69,02,CC-BY-4.0,ctc_phc_c2dh_u373,PhC-C2DH-U373,,0,0,114
ctc_phc-c2dh-u373_v1,PhC-C2DH-U373_02_t058_track4,ctc_frame,58.000000,PhC-C2DH-U373_02,ctc_tracking_centroid,547.000000,166.000000,0.000000,cell_centroid_motion,87.000000,0.000000,02_4,58,547.000000,166.000000,0.000000,87,02,CC-BY-4.0,ctc_phc_c2dh_u373,PhC-C2DH-U373,,0,0,114
ctc_phc-c2dh-u373_v1,PhC-C2DH-U373_02_t058_track9,ctc_frame,58.000000,PhC-C2DH-U373_02,ctc_tracking_centroid,639.000000,316.000000,0.000000,cell_centroid_motion,9.000000,0.000000,02_9,58,639.000000,316.000000,0.000000,9,02,CC-BY-4.0,ctc_phc_c2dh_u373,PhC-C2DH-U373,,7,33,114
ctc_phc-c2dh-u373_v1,PhC-C2DH-U373_02_t058_track11,ctc_frame,58.000000,PhC-C2DH-U373_02,ctc_tracking_centroid,510.000000,458.000000,0.000000,cell_centroid_motion,9.000000,0.000000,02_11,58,510.000000,458.000000,0.000000,9,02,CC-BY-4.0,ctc_phc_c2dh_u373,PhC-C2DH-U373,,0,0,58
ctc_phc-c2dh-u373_v1,PhC-C2DH-U373_02_t058_track14,ctc_frame,58.000000,PhC-C2DH-U373_02,ctc_tracking_centroid,65.000000,421.000000,0.000000,cell_centroid_motion,25.000000,0.000000,02_14,58,65.000000,421.000000,0.000000,25,02,CC-BY-4.0,ctc_phc_c2dh_u373,PhC-C2DH-U373,,0,0,72
ctc_phc-c2dh-u373_v1,PhC-C2DH-U373_02_t058_track18,ctc_frame,58.000000,PhC-C2DH-U373_02,ctc_tracking_centroid,56.000000,433.000000,0.000000,cell_centroid_motion,25.000000,0.000000,02_18,58,56.000000,433.000000,0.000000,25,02,CC-BY-4.0,ctc_phc_c2dh_u373,PhC-C2DH-U373,,0,30,105
ctc_phc-c2dh-u373_v1,PhC-C2DH-U373_02_t059_track1,ctc_frame,59.000000,PhC-C2DH-U373_02,ctc_tracking_centroid,81.000000,299.000000,0.000000,cell_centroid_motion,69.000000,0.000000,02_1,59,81.000000,299.000000,0.000000,69,02,CC-BY-4.0,ctc_phc_c2dh_u373,PhC-C2DH-U373,,0,0,79
ctc_phc-c2dh-u373_v1,PhC-C2DH-U373_02_t059_track3,ctc_frame,59.000000,PhC-C2DH-U373_02,ctc_tracking_centroid,177.500000,182.000000,0.000000,cell_centroid_motion,96.000000,0.000000,02_3,59,177.500000,182.000000,0.000000,96,02,CC-BY-4.0,ctc_phc_c2dh_u373,PhC-C2DH-U373,,0,0,114
ctc_phc-c2dh-u373_v1,PhC-C2DH-U373_02_t059_track4,ctc_frame,59.000000,PhC-C2DH-U373_02,ctc_tracking_centroid,547.500000,170.000000,0.000000,cell_centroid_motion,78.000000,0.000000,02_4,59,547.500000,170.000000,0.000000,78,02,CC-BY-4.0,ctc_phc_c2dh_u373,PhC-C2DH-U373,,0,0,114
ctc_phc-c2dh-u373_v1,PhC-C2DH-U373_02_t059_track9,ctc_frame,59.000000,PhC-C2DH-U373_02,ctc_tracking_centroid,640.000000,318.000000,0.000000,cell_centroid_motion,9.000000,0.000000,02_9,59,640.000000,318.000000,0.000000,9,02,CC-BY-4.0,ctc_phc_c2dh_u373,PhC-C2DH-U373,,7,33,114
ctc_phc-c2dh-u373_v1,PhC-C2DH-U373_02_t059_track14,ctc_frame,59.000000,PhC-C2DH-U373_02,ctc_tracking_centroid,68.000000,421.000000,0.000000,cell_centroid_motion,25.000000,0.000000,02_14,59,68.000000,421.000000,0.000000,25,02,CC-BY-4.0,ctc_phc_c2dh_u373,PhC-C2DH-U373,,0,0,72
ctc_phc-c2dh-u373_v1,PhC-C2DH-U373_02_t059_track18,ctc_frame,59.000000,PhC-C2DH-U373_02,ctc_tracking_centroid,56.000000,430.000000,0.000000,cell_centroid_motion,25.000000,0.000000,02_18,59,56.000000,430.000000,0.000000,25,02,CC-BY-4.0,ctc_phc_c2dh_u373,PhC-C2DH-U373,,0,30,105
ctc_phc-c2dh-u373_v1,PhC-C2DH-U373_02_t060_track1,ctc_frame,60.000000,PhC-C2DH-U373_02,ctc_tracking_centroid,81.000000,299.000000,0.000000,cell_centroid_motion,69.000000,0.000000,02_1,60,81.000000,299.000000,0.000000,69,02,CC-BY-4.0,ctc_phc_c2dh_u373,PhC-C2DH-U373,,0,0,79
ctc_phc-c2dh-u373_v1,PhC-C2DH-U373_02_t060_track3,ctc_frame,60.000000,PhC-C2DH-U373_02,ctc_tracking_centroid,179.000000,182.000000,0.000000,cell_centroid_motion,69.000000,0.000000,02_3,60,179.000000,182.000000,0.000000,69,02,CC-BY-4.0,ctc_phc_c2dh_u373,PhC-C2DH-U373,,0,0,114
ctc_phc-c2dh-u373_v1,PhC-C2DH-U373_02_t060_track4,ctc_frame,60.000000,PhC-C2DH-U373_02,ctc_tracking_centroid,552.148936,171.340426,0.000000,cell_centroid_motion,94.000000,0.000000,02_4,60,552.148936,171.340426,0.000000,94,02,CC-BY-4.0,ctc_phc_c2dh_u373,PhC-C2DH-U373,,0,0,114
ctc_phc-c2dh-u373_v1,PhC-C2DH-U373_02_t060_track9,ctc_frame,60.000000,PhC-C2DH-U373_02,ctc_tracking_centroid,644.000000,314.000000,0.000000,cell_centroid_motion,249.000000,0.000000,02_9,60,644.000000,314.000000,0.000000,249,02,CC-BY-4.0,ctc_phc_c2dh_u373,PhC-C2DH-U373,,7,33,114
ctc_phc-c2dh-u373_v1,PhC-C2DH-U373_02_t060_track14,ctc_frame,60.000000,PhC-C2DH-U373_02,ctc_tracking_centroid,71.000000,416.000000,0.000000,cell_centroid_motion,25.000000,0.000000,02_14,60,71.000000,416.000000,0.000000,25,02,CC-BY-4.0,ctc_phc_c2dh_u373,PhC-C2DH-U373,,0,0,72
ctc_phc-c2dh-u373_v1,PhC-C2DH-U373_02_t060_track18,ctc_frame,60.000000,PhC-C2DH-U373_02,ctc_tracking_centroid,56.000000,426.000000,0.000000,cell_centroid_motion,25.000000,0.000000,02_18,60,56.000000,426.000000,0.000000,25,02,CC-BY-4.0,ctc_phc_c2dh_u373,PhC-C2DH-U373,,0,30,105
ctc_phc-c2dh-u373_v1,PhC-C2DH-U373_02_t061_track1,ctc_frame,61.000000,PhC-C2DH-U373_02,ctc_tracking_centroid,65.000000,298.000000,0.000000,cell_centroid_motion,69.000000,0.000000,02_1,61,65.000000,298.000000,0.000000,69,02,CC-BY-4.0,ctc_phc_c2dh_u373,PhC-C2DH-U373,,0,0,79
ctc_phc-c2dh-u373_v1,PhC-C2DH-U373_02_t061_track3,ctc_frame,61.000000,PhC-C2DH-U373_02,ctc_tracking_centroid,179.000000,182.000000,0.000000,cell_centroid_motion,69.000000,0.000000,02_3,61,179.000000,182.000000,0.000000,69,02,CC-BY-4.0,ctc_phc_c2dh_u373,PhC-C2DH-U373,,0,0,114
ctc_phc-c2dh-u373_v1,PhC-C2DH-U373_02_t061_track4,ctc_frame,61.000000,PhC-C2DH-U373_02,ctc_tracking_centroid,556.664336,173.874126,0.000000,cell_centroid_motion,143.000000,0.000000,02_4,61,556.664336,173.874126,0.000000,143,02,CC-BY-4.0,ctc_phc_c2dh_u373,PhC-C2DH-U373,,0,0,114
ctc_phc-c2dh-u373_v1,PhC-C2DH-U373_02_t061_track9,ctc_frame,61.000000,PhC-C2DH-U373_02,ctc_tracking_centroid,644.000000,314.000000,0.000000,cell_centroid_motion,249.000000,0.000000,02_9,61,644.000000,314.000000,0.000000,249,02,CC-BY-4.0,ctc_phc_c2dh_u373,PhC-C2DH-U373,,7,33,114
ctc_phc-c2dh-u373_v1,PhC-C2DH-U373_02_t061_track14,ctc_frame,61.000000,PhC-C2DH-U373_02,ctc_tracking_centroid,69.000000,415.000000,0.000000,cell_centroid_motion,25.000000,0.000000,02_14,61,69.000000,415.000000,0.000000,25,02,CC-BY-4.0,ctc_phc_c2dh_u373,PhC-C2DH-U373,,0,0,72
ctc_phc-c2dh-u373_v1,PhC-C2DH-U373_02_t061_track18,ctc_frame,61.000000,PhC-C2DH-U373_02,ctc_tracking_centroid,56.000000,420.000000,0.000000,cell_centroid_motion,25.000000,0.000000,02_18,61,56.000000,420.000000,0.000000,25,02,CC-BY-4.0,ctc_phc_c2dh_u373,PhC-C2DH-U373,,0,30,105
ctc_phc-c2dh-u373_v1,PhC-C2DH-U373_02_t062_track1,ctc_frame,62.000000,PhC-C2DH-U373_02,ctc_tracking_centroid,60.549451,293.978022,0.000000,cell_centroid_motion,91.000000,0.000000,02_1,62,60.549451,293.978022,0.000000,91,02,CC-BY-4.0,ctc_phc_c2dh_u373,PhC-C2DH-U373,,0,0,79
ctc_phc-c2dh-u373_v1,PhC-C2DH-U373_02_t062_track3,ctc_frame,62.000000,PhC-C2DH-U373_02,ctc_tracking_centroid,179.500000,182.500000,0.000000,cell_centroid_motion,82.000000,0.000000,02_3,62,179.500000,182.500000,0.000000,82,02,CC-BY-4.0,ctc_phc_c2dh_u373,PhC-C2DH-U373,,0,0,114
ctc_phc-c2dh-u373_v1,PhC-C2DH-U373_02_t062_track4,ctc_frame,62.000000,PhC-C2DH-U373_02,ctc_tracking_centroid,563.000000,177.000000,0.000000,cell_centroid_motion,123.000000,0.000000,02_4,62,563.000000,177.000000,0.000000,123,02,CC-BY-4.0,ctc_phc_c2dh_u373,PhC-C2DH-U373,,0,0,114
ctc_phc-c2dh-u373_v1,PhC-C2DH-U373_02_t062_track9,ctc_frame,62.000000,PhC-C2DH-U373_02,ctc_tracking_centroid,659.000000,306.000000,0.000000,cell_centroid_motion,193.000000,0.000000,02_9,62,659.000000,306.000000,0.000000,193,02,CC-BY-4.0,ctc_phc_c2dh_u373,PhC-C2DH-U373,,7,33,114
ctc_phc-c2dh-u373_v1,PhC-C2DH-U373_02_t062_track14,ctc_frame,62.000000,PhC-C2DH-U373_02,ctc_tracking_centroid,70.000000,419.000000,0.000000,cell_centroid_motion,25.000000,0.000000,02_14,62,70.000000,419.000000,0.000000,25,02,CC-BY-4.0,ctc_phc_c2dh_u373,PhC-C2DH-U373,,0,0,72
ctc_phc-c2dh-u373_v1,PhC-C2DH-U373_02_t062_track18,ctc_frame,62.000000,PhC-C2DH-U373_02,ctc_tracking_centroid,56.000000,419.000000,0.000000,cell_centroid_motion,25.000000,0.000000,02_18,62,56.000000,419.000000,0.000000,25,02,CC-BY-4.0,ctc_phc_c2dh_u373,PhC-C2DH-U373,,0,30,105
ctc_phc-c2dh-u373_v1,PhC-C2DH-U373_02_t063_track1,ctc_frame,63.000000,PhC-C2DH-U373_02,ctc_tracking_centroid,61.000000,295.000000,0.000000,cell_centroid_motion,69.000000,0.000000,02_1,63,61.000000,295.000000,0.000000,69,02,CC-BY-4.0,ctc_phc_c2dh_u373,PhC-C2DH-U373,,0,0,79
ctc_phc-c2dh-u373_v1,PhC-C2DH-U373_02_t063_track3,ctc_frame,63.000000,PhC-C2DH-U373_02,ctc_tracking_centroid,180.000000,183.000000,0.000000,cell_centroid_motion,69.000000,0.000000,02_3,63,180.000000,183.000000,0.000000,69,02,CC-BY-4.0,ctc_phc_c2dh_u373,PhC-C2DH-U373,,0,0,114
ctc_phc-c2dh-u373_v1,PhC-C2DH-U373_02_t063_track4,ctc_frame,63.000000,PhC-C2DH-U373_02,ctc_tracking_centroid,569.000000,179.000000,0.000000,cell_centroid_motion,119.000000,0.000000,02_4,63,569.000000,179.000000,0.000000,119,02,CC-BY-4.0,ctc_phc_c2dh_u373,PhC-C2DH-U373,,0,0,114
ctc_phc-c2dh-u373_v1,PhC-C2DH-U373_02_t063_track9,ctc_frame,63.000000,PhC-C2DH-U373_02,ctc_tracking_centroid,643.000000,270.000000,0.000000,cell_centroid_motion,9.000000,0.000000,02_9,63,643.000000,270.000000,0.000000,9,02,CC-BY-4.0,ctc_phc_c2dh_u373,PhC-C2DH-U373,,7,33,114
ctc_phc-c2dh-u373_v1,PhC-C2DH-U373_02_t063_track14,ctc_frame,63.000000,PhC-C2DH-U373_02,ctc_tracking_centroid,70.000000,424.000000,0.000000,cell_centroid_motion,25.000000,0.000000,02_14,63,70.000000,424.000000,0.000000,25,02,CC-BY-4.0,ctc_phc_c2dh_u373,PhC-C2DH-U373,,0,0,72
ctc_phc-c2dh-u373_v1,PhC-C2DH-U373_02_t063_track18,ctc_frame,63.000000,PhC-C2DH-U373_02,ctc_tracking_centroid,58.000000,422.000000,0.000000,cell_centroid_motion,25.000000,0.000000,02_18,63,58.000000,422.000000,0.000000,25,02,CC-BY-4.0,ctc_phc_c2dh_u373,PhC-C2DH-U373,,0,30,105
ctc_phc-c2dh-u373_v1,PhC-C2DH-U373_02_t064_track1,ctc_frame,64.000000,PhC-C2DH-U373_02,ctc_tracking_centroid,62.000000,264.000000,0.000000,cell_centroid_motion,69.000000,0.000000,02_1,64,62.000000,264.000000,0.000000,69,02,CC-BY-4.0,ctc_phc_c2dh_u373,PhC-C2DH-U373,,0,0,79
ctc_phc-c2dh-u373_v1,PhC-C2DH-U373_02_t064_track3,ctc_frame,64.000000,PhC-C2DH-U373_02,ctc_tracking_centroid,181.000000,183.000000,0.000000,cell_centroid_motion,69.000000,0.000000,02_3,64,181.000000,183.000000,0.000000,69,02,CC-BY-4.0,ctc_phc_c2dh_u373,PhC-C2DH-U373,,0,0,114
ctc_phc-c2dh-u373_v1,PhC-C2DH-U373_02_t064_track4,ctc_frame,64.000000,PhC-C2DH-U373_02,ctc_tracking_centroid,571.000000,180.000000,0.000000,cell_centroid_motion,69.000000,0.000000,02_4,64,571.000000,180.000000,0.000000,69,02,CC-BY-4.0,ctc_phc_c2dh_u373,PhC-C2DH-U373,,0,0,114
ctc_phc-c2dh-u373_v1,PhC-C2DH-U373_02_t064_track9,ctc_frame,64.000000,PhC-C2DH-U373_02,ctc_tracking_centroid,640.000000,271.000000,0.000000,cell_centroid_motion,9.000000,0.000000,02_9,64,640.000000,271.000000,0.000000,9,02,CC-BY-4.0,ctc_phc_c2dh_u373,PhC-C2DH-U373,,7,33,114
ctc_phc-c2dh-u373_v1,PhC-C2DH-U373_02_t064_track14,ctc_frame,64.000000,PhC-C2DH-U373_02,ctc_tracking_centroid,61.000000,413.000000,0.000000,cell_centroid_motion,25.000000,0.000000,02_14,64,61.000000,413.000000,0.000000,25,02,CC-BY-4.0,ctc_phc_c2dh_u373,PhC-C2DH-U373,,0,0,72
ctc_phc-c2dh-u373_v1,PhC-C2DH-U373_02_t064_track18,ctc_frame,64.000000,PhC-C2DH-U373_02,ctc_tracking_centroid,57.000000,428.000000,0.000000,cell_centroid_motion,25.000000,0.000000,02_18,64,57.000000,428.000000,0.000000,25,02,CC-BY-4.0,ctc_phc_c2dh_u373,PhC-C2DH-U373,,0,30,105
ctc_phc-c2dh-u373_v1,PhC-C2DH-U373_02_t065_track1,ctc_frame,65.000000,PhC-C2DH-U373_02,ctc_tracking_centroid,61.000000,263.000000,0.000000,cell_centroid_motion,69.000000,0.000000,02_1,65,61.000000,263.000000,0.000000,69,02,CC-BY-4.0,ctc_phc_c2dh_u373,PhC-C2DH-U373,,0,0,79
ctc_phc-c2dh-u373_v1,PhC-C2DH-U373_02_t065_track3,ctc_frame,65.000000,PhC-C2DH-U373_02,ctc_tracking_centroid,182.000000,183.000000,0.000000,cell_centroid_motion,69.000000,0.000000,02_3,65,182.000000,183.000000,0.000000,69,02,CC-BY-4.0,ctc_phc_c2dh_u373,PhC-C2DH-U373,,0,0,114
ctc_phc-c2dh-u373_v1,PhC-C2DH-U373_02_t065_track4,ctc_frame,65.000000,PhC-C2DH-U373_02,ctc_tracking_centroid,571.376471,179.376471,0.000000,cell_centroid_motion,85.000000,0.000000,02_4,65,571.376471,179.376471,0.000000,85,02,CC-BY-4.0,ctc_phc_c2dh_u373,PhC-C2DH-U373,,0,0,114
ctc_phc-c2dh-u373_v1,PhC-C2DH-U373_02_t065_track9,ctc_frame,65.000000,PhC-C2DH-U373_02,ctc_tracking_centroid,641.000000,267.000000,0.000000,cell_centroid_motion,9.000000,0.000000,02_9,65,641.000000,267.000000,0.000000,9,02,CC-BY-4.0,ctc_phc_c2dh_u373,PhC-C2DH-U373,,7,33,114
ctc_phc-c2dh-u373_v1,PhC-C2DH-U373_02_t065_track14,ctc_frame,65.000000,PhC-C2DH-U373_02,ctc_tracking_centroid,52.000000,406.000000,0.000000,cell_centroid_motion,25.000000,0.000000,02_14,65,52.000000,406.000000,0.000000,25,02,CC-BY-4.0,ctc_phc_c2dh_u373,PhC-C2DH-U373,,0,0,72
ctc_phc-c2dh-u373_v1,PhC-C2DH-U373_02_t065_track18,ctc_frame,65.000000,PhC-C2DH-U373_02,ctc_tracking_centroid,57.000000,430.000000,0.000000,cell_centroid_motion,25.000000,0.000000,02_18,65,57.000000,430.000000,0.000000,25,02,CC-BY-4.0,ctc_phc_c2dh_u373,PhC-C2DH-U373,,0,30,105
ctc_phc-c2dh-u373_v1,PhC-C2DH-U373_02_t066_track1,ctc_frame,66.000000,PhC-C2DH-U373_02,ctc_tracking_centroid,67.000000,263.000000,0.000000,cell_centroid_motion,69.000000,0.000000,02_1,66,67.000000,263.000000,0.000000,69,02,CC-BY-4.0,ctc_phc_c2dh_u373,PhC-C2DH-U373,,0,0,79
ctc_phc-c2dh-u373_v1,PhC-C2DH-U373_02_t066_track3,ctc_frame,66.000000,PhC-C2DH-U373_02,ctc_tracking_centroid,182.000000,180.500000,0.000000,cell_centroid_motion,78.000000,0.000000,02_3,66,182.000000,180.500000,0.000000,78,02,CC-BY-4.0,ctc_phc_c2dh_u373,PhC-C2DH-U373,,0,0,114
ctc_phc-c2dh-u373_v1,PhC-C2DH-U373_02_t066_track4,ctc_frame,66.000000,PhC-C2DH-U373_02,ctc_tracking_centroid,575.000000,177.000000,0.000000,cell_centroid_motion,69.000000,0.000000,02_4,66,575.000000,177.000000,0.000000,69,02,CC-BY-4.0,ctc_phc_c2dh_u373,PhC-C2DH-U373,,0,0,114
ctc_phc-c2dh-u373_v1,PhC-C2DH-U373_02_t066_track9,ctc_frame,66.000000,PhC-C2DH-U373_02,ctc_tracking_centroid,640.000000,268.000000,0.000000,cell_centroid_motion,9.000000,0.000000,02_9,66,640.000000,268.000000,0.000000,9,02,CC-BY-4.0,ctc_phc_c2dh_u373,PhC-C2DH-U373,,7,33,114
ctc_phc-c2dh-u373_v1,PhC-C2DH-U373_02_t066_track14,ctc_frame,66.000000,PhC-C2DH-U373_02,ctc_tracking_centroid,52.000000,411.000000,0.000000,cell_centroid_motion,145.000000,0.000000,02_14,66,52.000000,411.000000,0.000000,145,02,CC-BY-4.0,ctc_phc_c2dh_u373,PhC-C2DH-U373,,0,0,72
ctc_phc-c2dh-u373_v1,PhC-C2DH-U373_02_t066_track18,ctc_frame,66.000000,PhC-C2DH-U373_02,ctc_tracking_centroid,58.000000,435.000000,0.000000,cell_centroid_motion,25.000000,0.000000,02_18,66,58.000000,435.000000,0.000000,25,02,CC-BY-4.0,ctc_phc_c2dh_u373,PhC-C2DH-U373,,0,30,105
ctc_phc-c2dh-u373_v1,PhC-C2DH-U373_02_t067_track1,ctc_frame,67.000000,PhC-C2DH-U373_02,ctc_tracking_centroid,68.000000,262.000000,0.000000,cell_centroid_motion,69.000000,0.000000,02_1,67,68.000000,262.000000,0.000000,69,02,CC-BY-4.0,ctc_phc_c2dh_u373,PhC-C2DH-U373,,0,0,79
ctc_phc-c2dh-u373_v1,PhC-C2DH-U373_02_t067_track3,ctc_frame,67.000000,PhC-C2DH-U373_02,ctc_tracking_centroid,186.000000,178.000000,0.000000,cell_centroid_motion,69.000000,0.000000,02_3,67,186.000000,178.000000,0.000000,69,02,CC-BY-4.0,ctc_phc_c2dh_u373,PhC-C2DH-U373,,0,0,114
ctc_phc-c2dh-u373_v1,PhC-C2DH-U373_02_t067_track4,ctc_frame,67.000000,PhC-C2DH-U373_02,ctc_tracking_centroid,575.500000,177.000000,0.000000,cell_centroid_motion,78.000000,0.000000,02_4,67,575.500000,177.000000,0.000000,78,02,CC-BY-4.0,ctc_phc_c2dh_u373,PhC-C2DH-U373,,0,0,114
ctc_phc-c2dh-u373_v1,PhC-C2DH-U373_02_t067_track9,ctc_frame,67.000000,PhC-C2DH-U373_02,ctc_tracking_centroid,638.000000,264.000000,0.000000,cell_centroid_motion,9.000000,0.000000,02_9,67,638.000000,264.000000,0.000000,9,02,CC-BY-4.0,ctc_phc_c2dh_u373,PhC-C2DH-U373,,7,33,114
ctc_phc-c2dh-u373_v1,PhC-C2DH-U373_02_t067_track14,ctc_frame,67.000000,PhC-C2DH-U373_02,ctc_tracking_centroid,52.500000,411.000000,0.000000,cell_centroid_motion,158.000000,0.000000,02_14,67,52.500000,411.000000,0.000000,158,02,CC-BY-4.0,ctc_phc_c2dh_u373,PhC-C2DH-U373,,0,0,72
ctc_phc-c2dh-u373_v1,PhC-C2DH-U373_02_t067_track18,ctc_frame,67.000000,PhC-C2DH-U373_02,ctc_tracking_centroid,57.000000,428.000000,0.000000,cell_centroid_motion,25.000000,0.000000,02_18,67,57.000000,428.000000,0.000000,25,02,CC-BY-4.0,ctc_phc_c2dh_u373,PhC-C2DH-U373,,0,30,105
ctc_phc-c2dh-u373_v1,PhC-C2DH-U373_02_t068_track1,ctc_frame,68.000000,PhC-C2DH-U373_02,ctc_tracking_centroid,70.000000,259.000000,0.000000,cell_centroid_motion,69.000000,0.000000,02_1,68,70.000000,259.000000,0.000000,69,02,CC-BY-4.0,ctc_phc_c2dh_u373,PhC-C2DH-U373,,0,0,79
ctc_phc-c2dh-u373_v1,PhC-C2DH-U373_02_t068_track3,ctc_frame,68.000000,PhC-C2DH-U373_02,ctc_tracking_centroid,186.000000,178.000000,0.000000,cell_centroid_motion,69.000000,0.000000,02_3,68,186.000000,178.000000,0.000000,69,02,CC-BY-4.0,ctc_phc_c2dh_u373,PhC-C2DH-U373,,0,0,114
ctc_phc-c2dh-u373_v1,PhC-C2DH-U373_02_t068_track4,ctc_frame,68.000000,PhC-C2DH-U373_02,ctc_tracking_centroid,584.783133,180.156627,0.000000,cell_centroid_motion,166.000000,0.000000,02_4,68,584.783133,180.156627,0.000000,166,02,CC-BY-4.0,ctc_phc_c2dh_u373,PhC-C2DH-U373,,0,0,114
ctc_phc-c2dh-u373_v1,PhC-C2DH-U373_02_t068_track9,ctc_frame,68.000000,PhC-C2DH-U373_02,ctc_tracking_centroid,637.000000,266.000000,0.000000,cell_centroid_motion,9.000000,0.000000,02_9,68,637.000000,266.000000,0.000000,9,02,CC-BY-4.0,ctc_phc_c2dh_u373,PhC-C2DH-U373,,7,33,114
ctc_phc-c2dh-u373_v1,PhC-C2DH-U373_02_t068_track12,ctc_frame,68.000000,PhC-C2DH-U373_02,ctc_tracking_centroid,481.000000,467.000000,0.000000,cell_centroid_motion,9.000000,0.000000,02_12,68,481.000000,467.000000,0.000000,9,02,CC-BY-4.0,ctc_phc_c2dh_u373,PhC-C2DH-U373,,11,68,114
ctc_phc-c2dh-u373_v1,PhC-C2DH-U373_02_t068_track14,ctc_frame,68.000000,PhC-C2DH-U373_02,ctc_tracking_centroid,45.500000,391.000000,0.000000,cell_centroid_motion,158.000000,0.000000,02_14,68,45.500000,391.000000,0.000000,158,02,CC-BY-4.0,ctc_phc_c2dh_u373,PhC-C2DH-U373,,0,0,72
ctc_phc-c2dh-u373_v1,PhC-C2DH-U373_02_t068_track18,ctc_frame,68.000000,PhC-C2DH-U373_02,ctc_tracking_centroid,54.000000,423.000000,0.000000,cell_centroid_motion,25.000000,0.000000,02_18,68,54.000000,423.000000,0.000000,25,02,CC-BY-4.0,ctc_phc_c2dh_u373,PhC-C2DH-U373,,0,30,105
ctc_phc-c2dh-u373_v1,PhC-C2DH-U373_02_t069_track1,ctc_frame,69.000000,PhC-C2DH-U373_02,ctc_tracking_centroid,70.000000,259.000000,0.000000,cell_centroid_motion,69.000000,0.000000,02_1,69,70.000000,259.000000,0.000000,69,02,CC-BY-4.0,ctc_phc_c2dh_u373,PhC-C2DH-U373,,0,0,79
ctc_phc-c2dh-u373_v1,PhC-C2DH-U373_02_t069_track3,ctc_frame,69.000000,PhC-C2DH-U373_02,ctc_tracking_centroid,186.000000,178.000000,0.000000,cell_centroid_motion,69.000000,0.000000,02_3,69,186.000000,178.000000,0.000000,69,02,CC-BY-4.0,ctc_phc_c2dh_u373,PhC-C2DH-U373,,0,0,114
ctc_phc-c2dh-u373_v1,PhC-C2DH-U373_02_t069_track4,ctc_frame,69.000000,PhC-C2DH-U373_02,ctc_tracking_centroid,579.492647,185.500000,0.000000,cell_centroid_motion,272.000000,0.000000,02_4,69,579.492647,185.500000,0.000000,272,02,CC-BY-4.0,ctc_phc_c2dh_u373,PhC-C2DH-U373,,0,0,114
ctc_phc-c2dh-u373_v1,PhC-C2DH-U373_02_t069_track9,ctc_frame,69.000000,PhC-C2DH-U373_02,ctc_tracking_centroid,640.000000,269.000000,0.000000,cell_centroid_motion,9.000000,0.000000,02_9,69,640.000000,269.000000,0.000000,9,02,CC-BY-4.0,ctc_phc_c2dh_u373,PhC-C2DH-U373,,7,33,114
ctc_phc-c2dh-u373_v1,PhC-C2DH-U373_02_t069_track12,ctc_frame,69.000000,PhC-C2DH-U373_02,ctc_tracking_centroid,475.000000,464.000000,0.000000,cell_centroid_motion,9.000000,0.000000,02_12,69,475.000000,464.000000,0.000000,9,02,CC-BY-4.0,ctc_phc_c2dh_u373,PhC-C2DH-U373,,11,68,114
ctc_phc-c2dh-u373_v1,PhC-C2DH-U373_02_t069_track14,ctc_frame,69.000000,PhC-C2DH-U373_02,ctc_tracking_centroid,46.000000,397.000000,0.000000,cell_centroid_motion,145.000000,0.000000,02_14,69,46.000000,397.000000,0.000000,145,02,CC-BY-4.0,ctc_phc_c2dh_u373,PhC-C2DH-U373,,0,0,72
ctc_phc-c2dh-u373_v1,PhC-C2DH-U373_02_t069_track18,ctc_frame,69.000000,PhC-C2DH-U373_02,ctc_tracking_centroid,59.000000,426.000000,0.000000,cell_centroid_motion,25.000000,0.000000,02_18,69,59.000000,426.000000,0.000000,25,02,CC-BY-4.0,ctc_phc_c2dh_u373,PhC-C2DH-U373,,0,30,105
ctc_phc-c2dh-u373_v1,PhC-C2DH-U373_02_t070_track1,ctc_frame,70.000000,PhC-C2DH-U373_02,ctc_tracking_centroid,77.000000,251.000000,0.000000,cell_centroid_motion,69.000000,0.000000,02_1,70,77.000000,251.000000,0.000000,69,02,CC-BY-4.0,ctc_phc_c2dh_u373,PhC-C2DH-U373,,0,0,79
ctc_phc-c2dh-u373_v1,PhC-C2DH-U373_02_t070_track3,ctc_frame,70.000000,PhC-C2DH-U373_02,ctc_tracking_centroid,186.000000,178.000000,0.000000,cell_centroid_motion,69.000000,0.000000,02_3,70,186.000000,178.000000,0.000000,69,02,CC-BY-4.0,ctc_phc_c2dh_u373,PhC-C2DH-U373,,0,0,114
ctc_phc-c2dh-u373_v1,PhC-C2DH-U373_02_t070_track4,ctc_frame,70.000000,PhC-C2DH-U373_02,ctc_tracking_centroid,589.000000,185.000000,0.000000,cell_centroid_motion,69.000000,0.000000,02_4,70,589.000000,185.000000,0.000000,69,02,CC-BY-4.0,ctc_phc_c2dh_u373,PhC-C2DH-U373,,0,0,114
ctc_phc-c2dh-u373_v1,PhC-C2DH-U373_02_t070_track9,ctc_frame,70.000000,PhC-C2DH-U373_02,ctc_tracking_centroid,636.000000,267.000000,0.000000,cell_centroid_motion,9.000000,0.000000,02_9,70,636.000000,267.000000,0.000000,9,02,CC-BY-4.0,ctc_phc_c2dh_u373,PhC-C2DH-U373,,7,33,114
ctc_phc-c2dh-u373_v1,PhC-C2DH-U373_02_t070_track12,ctc_frame,70.000000,PhC-C2DH-U373_02,ctc_tracking_centroid,481.000000,459.000000,0.000000,cell_centroid_motion,9.000000,0.000000,02_12,70,481.000000,459.000000,0.000000,9,02,CC-BY-4.0,ctc_phc_c2dh_u373,PhC-C2DH-U373,,11,68,114
ctc_phc-c2dh-u373_v1,PhC-C2DH-U373_02_t070_track14,ctc_frame,70.000000,PhC-C2DH-U373_02,ctc_tracking_centroid,46.000000,392.000000,0.000000,cell_centroid_motion,145.000000,0.000000,02_14,70,46.000000,392.000000,0.000000,145,02,CC-BY-4.0,ctc_phc_c2dh_u373,PhC-C2DH-U373,,0,0,72
ctc_phc-c2dh-u373_v1,PhC-C2DH-U373_02_t070_track18,ctc_frame,70.000000,PhC-C2DH-U373_02,ctc_tracking_centroid,60.000000,424.000000,0.000000,cell_centroid_motion,25.000000,0.000000,02_18,70,60.000000,424.000000,0.000000,25,02,CC-BY-4.0,ctc_phc_c2dh_u373,PhC-C2DH-U373,,0,30,105
ctc_phc-c2dh-u373_v1,PhC-C2DH-U373_02_t071_track1,ctc_frame,71.000000,PhC-C2DH-U373_02,ctc_tracking_centroid,77.000000,250.000000,0.000000,cell_centroid_motion,69.000000,0.000000,02_1,71,77.000000,250.000000,0.000000,69,02,CC-BY-4.0,ctc_phc_c2dh_u373,PhC-C2DH-U373,,0,0,79
ctc_phc-c2dh-u373_v1,PhC-C2DH-U373_02_t071_track3,ctc_frame,71.000000,PhC-C2DH-U373_02,ctc_tracking_centroid,186.000000,178.000000,0.000000,cell_centroid_motion,69.000000,0.000000,02_3,71,186.000000,178.000000,0.000000,69,02,CC-BY-4.0,ctc_phc_c2dh_u373,PhC-C2DH-U373,,0,0,114
ctc_phc-c2dh-u373_v1,PhC-C2DH-U373_02_t071_track4,ctc_frame,71.000000,PhC-C2DH-U373_02,ctc_tracking_centroid,588.000000,185.000000,0.000000,cell_centroid_motion,69.000000,0.000000,02_4,71,588.000000,185.000000,0.000000,69,02,CC-BY-4.0,ctc_phc_c2dh_u373,PhC-C2DH-U373,,0,0,114
ctc_phc-c2dh-u373_v1,PhC-C2DH-U373_02_t071_track9,ctc_frame,71.000000,PhC-C2DH-U373_02,ctc_tracking_centroid,639.000000,267.000000,0.000000,cell_centroid_motion,9.000000,0.000000,02_9,71,639.000000,267.000000,0.000000,9,02,CC-BY-4.0,ctc_phc_c2dh_u373,PhC-C2DH-U373,,7,33,114
ctc_phc-c2dh-u373_v1,PhC-C2DH-U373_02_t071_track12,ctc_frame,71.000000,PhC-C2DH-U373_02,ctc_tracking_centroid,481.000000,459.000000,0.000000,cell_centroid_motion,9.000000,0.000000,02_12,71,481.000000,459.000000,0.000000,9,02,CC-BY-4.0,ctc_phc_c2dh_u373,PhC-C2DH-U373,,11,68,114
ctc_phc-c2dh-u373_v1,PhC-C2DH-U373_02_t071_track14,ctc_frame,71.000000,PhC-C2DH-U373_02,ctc_tracking_centroid,44.000000,396.000000,0.000000,cell_centroid_motion,145.000000,0.000000,02_14,71,44.000000,396.000000,0.000000,145,02,CC-BY-4.0,ctc_phc_c2dh_u373,PhC-C2DH-U373,,0,0,72
ctc_phc-c2dh-u373_v1,PhC-C2DH-U373_02_t071_track18,ctc_frame,71.000000,PhC-C2DH-U373_02,ctc_tracking_centroid,60.000000,424.000000,0.000000,cell_centroid_motion,25.000000,0.000000,02_18,71,60.000000,424.000000,0.000000,25,02,CC-BY-4.0,ctc_phc_c2dh_u373,PhC-C2DH-U373,,0,30,105
ctc_phc-c2dh-u373_v1,PhC-C2DH-U373_02_t072_track1,ctc_frame,72.000000,PhC-C2DH-U373_02,ctc_tracking_centroid,77.000000,250.000000,0.000000,cell_centroid_motion,69.000000,0.000000,02_1,72,77.000000,250.000000,0.000000,69,02,CC-BY-4.0,ctc_phc_c2dh_u373,PhC-C2DH-U373,,0,0,79
ctc_phc-c2dh-u373_v1,PhC-C2DH-U373_02_t072_track3,ctc_frame,72.000000,PhC-C2DH-U373_02,ctc_tracking_centroid,187.500000,175.500000,0.000000,cell_centroid_motion,82.000000,0.000000,02_3,72,187.500000,175.500000,0.000000,82,02,CC-BY-4.0,ctc_phc_c2dh_u373,PhC-C2DH-U373,,0,0,114
ctc_phc-c2dh-u373_v1,PhC-C2DH-U373_02_t072_track4,ctc_frame,72.000000,PhC-C2DH-U373_02,ctc_tracking_centroid,588.376471,189.623529,0.000000,cell_centroid_motion,85.000000,0.000000,02_4,72,588.376471,189.623529,0.000000,85,02,CC-BY-4.0,ctc_phc_c2dh_u373,PhC-C2DH-U373,,0,0,114
ctc_phc-c2dh-u373_v1,PhC-C2DH-U373_02_t072_track9,ctc_frame,72.000000,PhC-C2DH-U373_02,ctc_tracking_centroid,641.000000,267.000000,0.000000,cell_centroid_motion,9.000000,0.000000,02_9,72,641.000000,267.000000,0.000000,9,02,CC-BY-4.0,ctc_phc_c2dh_u373,PhC-C2DH-U373,,7,33,114
ctc_phc-c2dh-u373_v1,PhC-C2DH-U373_02_t072_track12,ctc_frame,72.000000,PhC-C2DH-U373_02,ctc_tracking_centroid,481.000000,459.000000,0.000000,cell_centroid_motion,9.000000,0.000000,02_12,72,481.000000,459.000000,0.000000,9,02,CC-BY-4.0,ctc_phc_c2dh_u373,PhC-C2DH-U373,,11,68,114
ctc_phc-c2dh-u373_v1,PhC-C2DH-U373_02_t072_track14,ctc_frame,72.000000,PhC-C2DH-U373_02,ctc_tracking_centroid,45.000000,396.000000,0.000000,cell_centroid_motion,145.000000,0.000000,02_14,72,45.000000,396.000000,0.000000,145,02,CC-BY-4.0,ctc_phc_c2dh_u373,PhC-C2DH-U373,,0,0,72
ctc_phc-c2dh-u373_v1,PhC-C2DH-U373_02_t072_track18,ctc_frame,72.000000,PhC-C2DH-U373_02,ctc_tracking_centroid,60.000000,424.500000,0.000000,cell_centroid_motion,30.000000,0.000000,02_18,72,60.000000,424.500000,0.000000,30,02,CC-BY-4.0,ctc_phc_c2dh_u373,PhC-C2DH-U373,,0,30,105
ctc_phc-c2dh-u373_v1,PhC-C2DH-U373_02_t073_track1,ctc_frame,73.000000,PhC-C2DH-U373_02,ctc_tracking_centroid,77.000000,250.000000,0.000000,cell_centroid_motion,69.000000,0.000000,02_1,73,77.000000,250.000000,0.000000,69,02,CC-BY-4.0,ctc_phc_c2dh_u373,PhC-C2DH-U373,,0,0,79
ctc_phc-c2dh-u373_v1,PhC-C2DH-U373_02_t073_track3,ctc_frame,73.000000,PhC-C2DH-U373_02,ctc_tracking_centroid,190.000000,173.000000,0.000000,cell_centroid_motion,69.000000,0.000000,02_3,73,190.000000,173.000000,0.000000,69,02,CC-BY-4.0,ctc_phc_c2dh_u373,PhC-C2DH-U373,,0,0,114
ctc_phc-c2dh-u373_v1,PhC-C2DH-U373_02_t073_track4,ctc_frame,73.000000,PhC-C2DH-U373_02,ctc_tracking_centroid,591.549451,192.978022,0.000000,cell_centroid_motion,91.000000,0.000000,02_4,73,591.549451,192.978022,0.000000,91,02,CC-BY-4.0,ctc_phc_c2dh_u373,PhC-C2DH-U373,,0,0,114
ctc_phc-c2dh-u373_v1,PhC-C2DH-U373_02_t073_track9,ctc_frame,73.000000,PhC-C2DH-U373_02,ctc_tracking_centroid,641.000000,267.000000,0.000000,cell_centroid_motion,9.000000,0.000000,02_9,73,641.000000,267.000000,0.000000,9,02,CC-BY-4.0,ctc_phc_c2dh_u373,PhC-C2DH-U373,,7,33,114
ctc_phc-c2dh-u373_v1,PhC-C2DH-U373_02_t073_track12,ctc_frame,73.000000,PhC-C2DH-U373_02,ctc_tracking_centroid,482.000000,457.000000,0.000000,cell_centroid_motion,9.000000,0.000000,02_12,73,482.000000,457.000000,0.000000,9,02,CC-BY-4.0,ctc_phc_c2dh_u373,PhC-C2DH-U373,,11,68,114
ctc_phc-c2dh-u373_v1,PhC-C2DH-U373_02_t073_track18,ctc_frame,73.000000,PhC-C2DH-U373_02,ctc_tracking_centroid,60.000000,425.000000,0.000000,cell_centroid_motion,25.000000,0.000000,02_18,73,60.000000,425.000000,0.000000,25,02,CC-BY-4.0,ctc_phc_c2dh_u373,PhC-C2DH-U373,,0,30,105
ctc_phc-c2dh-u373_v1,PhC-C2DH-U373_02_t074_track1,ctc_frame,74.000000,PhC-C2DH-U373_02,ctc_tracking_centroid,78.000000,247.000000,0.000000,cell_centroid_motion,69.000000,0.000000,02_1,74,78.000000,247.000000,0.000000,69,02,CC-BY-4.0,ctc_phc_c2dh_u373,PhC-C2DH-U373,,0,0,79
ctc_phc-c2dh-u373_v1,PhC-C2DH-U373_02_t074_track3,ctc_frame,74.000000,PhC-C2DH-U373_02,ctc_tracking_centroid,191.000000,173.000000,0.000000,cell_centroid_motion,69.000000,0.000000,02_3,74,191.000000,173.000000,0.000000,69,02,CC-BY-4.0,ctc_phc_c2dh_u373,PhC-C2DH-U373,,0,0,114
ctc_phc-c2dh-u373_v1,PhC-C2DH-U373_02_t074_track4,ctc_frame,74.000000,PhC-C2DH-U373_02,ctc_tracking_centroid,593.000000,194.000000,0.000000,cell_centroid_motion,69.000000,0.000000,02_4,74,593.000000,194.000000,0.000000,69,02,CC-BY-4.0,ctc_phc_c2dh_u373,PhC-C2DH-U373,,0,0,114
ctc_phc-c2dh-u373_v1,PhC-C2DH-U373_02_t074_track9,ctc_frame,74.000000,PhC-C2DH-U373_02,ctc_tracking_centroid,639.000000,267.000000,0.000000,cell_centroid_motion,9.000000,0.000000,02_9,74,639.000000,267.000000,0.000000,9,02,CC-BY-4.0,ctc_phc_c2dh_u373,PhC-C2DH-U373,,7,33,114
ctc_phc-c2dh-u373_v1,PhC-C2DH-U373_02_t074_track12,ctc_frame,74.000000,PhC-C2DH-U373_02,ctc_tracking_centroid,482.000000,456.000000,0.000000,cell_centroid_motion,15.000000,0.000000,02_12,74,482.000000,456.000000,0.000000,15,02,CC-BY-4.0,ctc_phc_c2dh_u373,PhC-C2DH-U373,,11,68,114
ctc_phc-c2dh-u373_v1,PhC-C2DH-U373_02_t074_track18,ctc_frame,74.000000,PhC-C2DH-U373_02,ctc_tracking_centroid,60.000000,425.000000,0.000000,cell_centroid_motion,25.000000,0.000000,02_18,74,60.000000,425.000000,0.000000,25,02,CC-BY-4.0,ctc_phc_c2dh_u373,PhC-C2DH-U373,,0,30,105
ctc_phc-c2dh-u373_v1,PhC-C2DH-U373_02_t075_track1,ctc_frame,75.000000,PhC-C2DH-U373_02,ctc_tracking_centroid,78.000000,247.000000,0.000000,cell_centroid_motion,69.000000,0.000000,02_1,75,78.000000,247.000000,0.000000,69,02,CC-BY-4.0,ctc_phc_c2dh_u373,PhC-C2DH-U373,,0,0,79
ctc_phc-c2dh-u373_v1,PhC-C2DH-U373_02_t075_track3,ctc_frame,75.000000,PhC-C2DH-U373_02,ctc_tracking_centroid,191.000000,172.000000,0.000000,cell_centroid_motion,69.000000,0.000000,02_3,75,191.000000,172.000000,0.000000,69,02,CC-BY-4.0,ctc_phc_c2dh_u373,PhC-C2DH-U373,,0,0,114
ctc_phc-c2dh-u373_v1,PhC-C2DH-U373_02_t075_track4,ctc_frame,75.000000,PhC-C2DH-U373_02,ctc_tracking_centroid,594.000000,194.000000,0.000000,cell_centroid_motion,69.000000,0.000000,02_4,75,594.000000,194.000000,0.000000,69,02,CC-BY-4.0,ctc_phc_c2dh_u373,PhC-C2DH-U373,,0,0,114
ctc_phc-c2dh-u373_v1,PhC-C2DH-U373_02_t075_track9,ctc_frame,75.000000,PhC-C2DH-U373_02,ctc_tracking_centroid,639.000000,267.000000,0.000000,cell_centroid_motion,9.000000,0.000000,02_9,75,639.000000,267.000000,0.000000,9,02,CC-BY-4.0,ctc_phc_c2dh_u373,PhC-C2DH-U373,,7,33,114
ctc_phc-c2dh-u373_v1,PhC-C2DH-U373_02_t075_track12,ctc_frame,75.000000,PhC-C2DH-U373_02,ctc_tracking_centroid,483.000000,454.000000,0.000000,cell_centroid_motion,9.000000,0.000000,02_12,75,483.000000,454.000000,0.000000,9,02,CC-BY-4.0,ctc_phc_c2dh_u373,PhC-C2DH-U373,,11,68,114
ctc_phc-c2dh-u373_v1,PhC-C2DH-U373_02_t075_track18,ctc_frame,75.000000,PhC-C2DH-U373_02,ctc_tracking_centroid,60.000000,425.000000,0.000000,cell_centroid_motion,25.000000,0.000000,02_18,75,60.000000,425.000000,0.000000,25,02,CC-BY-4.0,ctc_phc_c2dh_u373,PhC-C2DH-U373,,0,30,105
ctc_phc-c2dh-u373_v1,PhC-C2DH-U373_02_t076_track1,ctc_frame,76.000000,PhC-C2DH-U373_02,ctc_tracking_centroid,64.000000,241.000000,0.000000,cell_centroid_motion,69.000000,0.000000,02_1,76,64.000000,241.000000,0.000000,69,02,CC-BY-4.0,ctc_phc_c2dh_u373,PhC-C2DH-U373,,0,0,79
ctc_phc-c2dh-u373_v1,PhC-C2DH-U373_02_t076_track3,ctc_frame,76.000000,PhC-C2DH-U373_02,ctc_tracking_centroid,191.000000,172.000000,0.000000,cell_centroid_motion,69.000000,0.000000,02_3,76,191.000000,172.000000,0.000000,69,02,CC-BY-4.0,ctc_phc_c2dh_u373,PhC-C2DH-U373,,0,0,114
ctc_phc-c2dh-u373_v1,PhC-C2DH-U373_02_t076_track4,ctc_frame,76.000000,PhC-C2DH-U373_02,ctc_tracking_centroid,593.000000,191.000000,0.000000,cell_centroid_motion,69.000000,0.000000,02_4,76,593.000000,191.000000,0.000000,69,02,CC-BY-4.0,ctc_phc_c2dh_u373,PhC-C2DH-U373,,0,0,114
ctc_phc-c2dh-u373_v1,PhC-C2DH-U373_02_t076_track9,ctc_frame,76.000000,PhC-C2DH-U373_02,ctc_tracking_centroid,639.000000,267.000000,0.000000,cell_centroid_motion,9.000000,0.000000,02_9,76,639.000000,267.000000,0.000000,9,02,CC-BY-4.0,ctc_phc_c2dh_u373,PhC-C2DH-U373,,7,33,114
ctc_phc-c2dh-u373_v1,PhC-C2DH-U373_02_t076_track12,ctc_frame,76.000000,PhC-C2DH-U373_02,ctc_tracking_centroid,483.000000,454.000000,0.000000,cell_centroid_motion,9.000000,0.000000,02_12,76,483.000000,454.000000,0.000000,9,02,CC-BY-4.0,ctc_phc_c2dh_u373,PhC-C2DH-U373,,11,68,114
ctc_phc-c2dh-u373_v1,PhC-C2DH-U373_02_t076_track18,ctc_frame,76.000000,PhC-C2DH-U373_02,ctc_tracking_centroid,60.000000,425.000000,0.000000,cell_centroid_motion,25.000000,0.000000,02_18,76,60.000000,425.000000,0.000000,25,02,CC-BY-4.0,ctc_phc_c2dh_u373,PhC-C2DH-U373,,0,30,105
ctc_phc-c2dh-u373_v1,PhC-C2DH-U373_02_t077_track1,ctc_frame,77.000000,PhC-C2DH-U373_02,ctc_tracking_centroid,57.000000,235.000000,0.000000,cell_centroid_motion,69.000000,0.000000,02_1,77,57.000000,235.000000,0.000000,69,02,CC-BY-4.0,ctc_phc_c2dh_u373,PhC-C2DH-U373,,0,0,79
ctc_phc-c2dh-u373_v1,PhC-C2DH-U373_02_t077_track3,ctc_frame,77.000000,PhC-C2DH-U373_02,ctc_tracking_centroid,191.000000,176.000000,0.000000,cell_centroid_motion,69.000000,0.000000,02_3,77,191.000000,176.000000,0.000000,69,02,CC-BY-4.0,ctc_phc_c2dh_u373,PhC-C2DH-U373,,0,0,114
ctc_phc-c2dh-u373_v1,PhC-C2DH-U373_02_t077_track4,ctc_frame,77.000000,PhC-C2DH-U373_02,ctc_tracking_centroid,581.000000,191.000000,0.000000,cell_centroid_motion,69.000000,0.000000,02_4,77,581.000000,191.000000,0.000000,69,02,CC-BY-4.0,ctc_phc_c2dh_u373,PhC-C2DH-U373,,0,0,114
ctc_phc-c2dh-u373_v1,PhC-C2DH-U373_02_t077_track9,ctc_frame,77.000000,PhC-C2DH-U373_02,ctc_tracking_centroid,639.000000,265.000000,0.000000,cell_centroid_motion,9.000000,0.000000,02_9,77,639.000000,265.000000,0.000000,9,02,CC-BY-4.0,ctc_phc_c2dh_u373,PhC-C2DH-U373,,7,33,114
ctc_phc-c2dh-u373_v1,PhC-C2DH-U373_02_t077_track12,ctc_frame,77.000000,PhC-C2DH-U373_02,ctc_tracking_centroid,485.000000,447.000000,0.000000,cell_centroid_motion,9.000000,0.000000,02_12,77,485.000000,447.000000,0.000000,9,02,CC-BY-4.0,ctc_phc_c2dh_u373,PhC-C2DH-U373,,11,68,114
ctc_phc-c2dh-u373_v1,PhC-C2DH-U373_02_t077_track18,ctc_frame,77.000000,PhC-C2DH-U373_02,ctc_tracking_centroid,60.000000,425.000000,0.000000,cell_centroid_motion,25.000000,0.000000,02_18,77,60.000000,425.000000,0.000000,25,02,CC-BY-4.0,ctc_phc_c2dh_u373,PhC-C2DH-U373,,0,30,105
ctc_phc-c2dh-u373_v1,PhC-C2DH-U373_02_t078_track1,ctc_frame,78.000000,PhC-C2DH-U373_02,ctc_tracking_centroid,56.000000,233.000000,0.000000,cell_centroid_motion,25.000000,0.000000,02_1,78,56.000000,233.000000,0.000000,25,02,CC-BY-4.0,ctc_phc_c2dh_u373,PhC-C2DH-U373,,0,0,79
ctc_phc-c2dh-u373_v1,PhC-C2DH-U373_02_t078_track3,ctc_frame,78.000000,PhC-C2DH-U373_02,ctc_tracking_centroid,191.000000,176.000000,0.000000,cell_centroid_motion,69.000000,0.000000,02_3,78,191.000000,176.000000,0.000000,69,02,CC-BY-4.0,ctc_phc_c2dh_u373,PhC-C2DH-U373,,0,0,114
ctc_phc-c2dh-u373_v1,PhC-C2DH-U373_02_t078_track4,ctc_frame,78.000000,PhC-C2DH-U373_02,ctc_tracking_centroid,582.000000,191.000000,0.000000,cell_centroid_motion,69.000000,0.000000,02_4,78,582.000000,191.000000,0.000000,69,02,CC-BY-4.0,ctc_phc_c2dh_u373,PhC-C2DH-U373,,0,0,114
ctc_phc-c2dh-u373_v1,PhC-C2DH-U373_02_t078_track9,ctc_frame,78.000000,PhC-C2DH-U373_02,ctc_tracking_centroid,639.000000,265.000000,0.000000,cell_centroid_motion,9.000000,0.000000,02_9,78,639.000000,265.000000,0.000000,9,02,CC-BY-4.0,ctc_phc_c2dh_u373,PhC-C2DH-U373,,7,33,114
ctc_phc-c2dh-u373_v1,PhC-C2DH-U373_02_t078_track12,ctc_frame,78.000000,PhC-C2DH-U373_02,ctc_tracking_centroid,485.000000,447.000000,0.000000,cell_centroid_motion,9.000000,0.000000,02_12,78,485.000000,447.000000,0.000000,9,02,CC-BY-4.0,ctc_phc_c2dh_u373,PhC-C2DH-U373,,11,68,114
ctc_phc-c2dh-u373_v1,PhC-C2DH-U373_02_t078_track18,ctc_frame,78.000000,PhC-C2DH-U373_02,ctc_tracking_centroid,60.000000,425.000000,0.000000,cell_centroid_motion,25.000000,0.000000,02_18,78,60.000000,425.000000,0.000000,25,02,CC-BY-4.0,ctc_phc_c2dh_u373,PhC-C2DH-U373,,0,30,105
ctc_phc-c2dh-u373_v1,PhC-C2DH-U373_02_t079_track1,ctc_frame,79.000000,PhC-C2DH-U373_02,ctc_tracking_centroid,53.000000,233.000000,0.000000,cell_centroid_motion,1.000000,0.000000,02_1,79,53.000000,233.000000,0.000000,1,02,CC-BY-4.0,ctc_phc_c2dh_u373,PhC-C2DH-U373,,0,0,79
ctc_phc-c2dh-u373_v1,PhC-C2DH-U373_02_t079_track3,ctc_frame,79.000000,PhC-C2DH-U373_02,ctc_tracking_centroid,191.000000,176.000000,0.000000,cell_centroid_motion,69.000000,0.000000,02_3,79,191.000000,176.000000,0.000000,69,02,CC-BY-4.0,ctc_phc_c2dh_u373,PhC-C2DH-U373,,0,0,114
ctc_phc-c2dh-u373_v1,PhC-C2DH-U373_02_t079_track4,ctc_frame,79.000000,PhC-C2DH-U373_02,ctc_tracking_centroid,582.000000,192.000000,0.000000,cell_centroid_motion,69.000000,0.000000,02_4,79,582.000000,192.000000,0.000000,69,02,CC-BY-4.0,ctc_phc_c2dh_u373,PhC-C2DH-U373,,0,0,114
ctc_phc-c2dh-u373_v1,PhC-C2DH-U373_02_t079_track9,ctc_frame,79.000000,PhC-C2DH-U373_02,ctc_tracking_centroid,639.000000,265.000000,0.000000,cell_centroid_motion,9.000000,0.000000,02_9,79,639.000000,265.000000,0.000000,9,02,CC-BY-4.0,ctc_phc_c2dh_u373,PhC-C2DH-U373,,7,33,114
ctc_phc-c2dh-u373_v1,PhC-C2DH-U373_02_t079_track12,ctc_frame,79.000000,PhC-C2DH-U373_02,ctc_tracking_centroid,485.000000,447.000000,0.000000,cell_centroid_motion,9.000000,0.000000,02_12,79,485.000000,447.000000,0.000000,9,02,CC-BY-4.0,ctc_phc_c2dh_u373,PhC-C2DH-U373,,11,68,114
ctc_phc-c2dh-u373_v1,PhC-C2DH-U373_02_t079_track18,ctc_frame,79.000000,PhC-C2DH-U373_02,ctc_tracking_centroid,61.000000,425.000000,0.000000,cell_centroid_motion,25.000000,0.000000,02_18,79,61.000000,425.000000,0.000000,25,02,CC-BY-4.0,ctc_phc_c2dh_u373,PhC-C2DH-U373,,0,30,105
ctc_phc-c2dh-u373_v1,PhC-C2DH-U373_02_t080_track3,ctc_frame,80.000000,PhC-C2DH-U373_02,ctc_tracking_centroid,191.000000,176.000000,0.000000,cell_centroid_motion,69.000000,0.000000,02_3,80,191.000000,176.000000,0.000000,69,02,CC-BY-4.0,ctc_phc_c2dh_u373,PhC-C2DH-U373,,0,0,114
ctc_phc-c2dh-u373_v1,PhC-C2DH-U373_02_t080_track4,ctc_frame,80.000000,PhC-C2DH-U373_02,ctc_tracking_centroid,583.000000,195.000000,0.000000,cell_centroid_motion,69.000000,0.000000,02_4,80,583.000000,195.000000,0.000000,69,02,CC-BY-4.0,ctc_phc_c2dh_u373,PhC-C2DH-U373,,0,0,114
ctc_phc-c2dh-u373_v1,PhC-C2DH-U373_02_t080_track9,ctc_frame,80.000000,PhC-C2DH-U373_02,ctc_tracking_centroid,639.000000,265.000000,0.000000,cell_centroid_motion,9.000000,0.000000,02_9,80,639.000000,265.000000,0.000000,9,02,CC-BY-4.0,ctc_phc_c2dh_u373,PhC-C2DH-U373,,7,33,114
ctc_phc-c2dh-u373_v1,PhC-C2DH-U373_02_t080_track12,ctc_frame,80.000000,PhC-C2DH-U373_02,ctc_tracking_centroid,486.000000,442.000000,0.000000,cell_centroid_motion,9.000000,0.000000,02_12,80,486.000000,442.000000,0.000000,9,02,CC-BY-4.0,ctc_phc_c2dh_u373,PhC-C2DH-U373,,11,68,114
ctc_phc-c2dh-u373_v1,PhC-C2DH-U373_02_t080_track18,ctc_frame,80.000000,PhC-C2DH-U373_02,ctc_tracking_centroid,62.000000,425.500000,0.000000,cell_centroid_motion,30.000000,0.000000,02_18,80,62.000000,425.500000,0.000000,30,02,CC-BY-4.0,ctc_phc_c2dh_u373,PhC-C2DH-U373,,0,30,105
ctc_phc-c2dh-u373_v1,PhC-C2DH-U373_02_t081_track3,ctc_frame,81.000000,PhC-C2DH-U373_02,ctc_tracking_centroid,185.621622,178.567568,0.000000,cell_centroid_motion,111.000000,0.000000,02_3,81,185.621622,178.567568,0.000000,111,02,CC-BY-4.0,ctc_phc_c2dh_u373,PhC-C2DH-U373,,0,0,114
ctc_phc-c2dh-u373_v1,PhC-C2DH-U373_02_t081_track4,ctc_frame,81.000000,PhC-C2DH-U373_02,ctc_tracking_centroid,583.000000,196.000000,0.000000,cell_centroid_motion,69.000000,0.000000,02_4,81,583.000000,196.000000,0.000000,69,02,CC-BY-4.0,ctc_phc_c2dh_u373,PhC-C2DH-U373,,0,0,114
ctc_phc-c2dh-u373_v1,PhC-C2DH-U373_02_t081_track9,ctc_frame,81.000000,PhC-C2DH-U373_02,ctc_tracking_centroid,639.000000,265.000000,0.000000,cell_centroid_motion,9.000000,0.000000,02_9,81,639.000000,265.000000,0.000000,9,02,CC-BY-4.0,ctc_phc_c2dh_u373,PhC-C2DH-U373,,7,33,114
ctc_phc-c2dh-u373_v1,PhC-C2DH-U373_02_t081_track12,ctc_frame,81.000000,PhC-C2DH-U373_02,ctc_tracking_centroid,486.000000,442.000000,0.000000,cell_centroid_motion,9.000000,0.000000,02_12,81,486.000000,442.000000,0.000000,9,02,CC-BY-4.0,ctc_phc_c2dh_u373,PhC-C2DH-U373,,11,68,114
ctc_phc-c2dh-u373_v1,PhC-C2DH-U373_02_t081_track18,ctc_frame,81.000000,PhC-C2DH-U373_02,ctc_tracking_centroid,62.000000,426.000000,0.000000,cell_centroid_motion,25.000000,0.000000,02_18,81,62.000000,426.000000,0.000000,25,02,CC-BY-4.0,ctc_phc_c2dh_u373,PhC-C2DH-U373,,0,30,105
ctc_phc-c2dh-u373_v1,PhC-C2DH-U373_02_t082_track3,ctc_frame,82.000000,PhC-C2DH-U373_02,ctc_tracking_centroid,184.000000,180.500000,0.000000,cell_centroid_motion,78.000000,0.000000,02_3,82,184.000000,180.500000,0.000000,78,02,CC-BY-4.0,ctc_phc_c2dh_u373,PhC-C2DH-U373,,0,0,114
ctc_phc-c2dh-u373_v1,PhC-C2DH-U373_02_t082_track4,ctc_frame,82.000000,PhC-C2DH-U373_02,ctc_tracking_centroid,583.000000,196.000000,0.000000,cell_centroid_motion,69.000000,0.000000,02_4,82,583.000000,196.000000,0.000000,69,02,CC-BY-4.0,ctc_phc_c2dh_u373,PhC-C2DH-U373,,0,0,114
ctc_phc-c2dh-u373_v1,PhC-C2DH-U373_02_t082_track9,ctc_frame,82.000000,PhC-C2DH-U373_02,ctc_tracking_centroid,639.000000,265.000000,0.000000,cell_centroid_motion,9.000000,0.000000,02_9,82,639.000000,265.000000,0.000000,9,02,CC-BY-4.0,ctc_phc_c2dh_u373,PhC-C2DH-U373,,7,33,114
ctc_phc-c2dh-u373_v1,PhC-C2DH-U373_02_t082_track12,ctc_frame,82.000000,PhC-C2DH-U373_02,ctc_tracking_centroid,486.000000,442.000000,0.000000,cell_centroid_motion,9.000000,0.000000,02_12,82,486.000000,442.000000,0.000000,9,02,CC-BY-4.0,ctc_phc_c2dh_u373,PhC-C2DH-U373,,11,68,114
ctc_phc-c2dh-u373_v1,PhC-C2DH-U373_02_t082_track18,ctc_frame,82.000000,PhC-C2DH-U373_02,ctc_tracking_centroid,62.000000,426.000000,0.000000,cell_centroid_motion,25.000000,0.000000,02_18,82,62.000000,426.000000,0.000000,25,02,CC-BY-4.0,ctc_phc_c2dh_u373,PhC-C2DH-U373,,0,30,105
ctc_phc-c2dh-u373_v1,PhC-C2DH-U373_02_t083_track3,ctc_frame,83.000000,PhC-C2DH-U373_02,ctc_tracking_centroid,183.000000,181.000000,0.000000,cell_centroid_motion,69.000000,0.000000,02_3,83,183.000000,181.000000,0.000000,69,02,CC-BY-4.0,ctc_phc_c2dh_u373,PhC-C2DH-U373,,0,0,114
ctc_phc-c2dh-u373_v1,PhC-C2DH-U373_02_t083_track4,ctc_frame,83.000000,PhC-C2DH-U373_02,ctc_tracking_centroid,583.000000,196.000000,0.000000,cell_centroid_motion,69.000000,0.000000,02_4,83,583.000000,196.000000,0.000000,69,02,CC-BY-4.0,ctc_phc_c2dh_u373,PhC-C2DH-U373,,0,0,114
ctc_phc-c2dh-u373_v1,PhC-C2DH-U373_02_t083_track9,ctc_frame,83.000000,PhC-C2DH-U373_02,ctc_tracking_centroid,636.000000,266.000000,0.000000,cell_centroid_motion,9.000000,0.000000,02_9,83,636.000000,266.000000,0.000000,9,02,CC-BY-4.0,ctc_phc_c2dh_u373,PhC-C2DH-U373,,7,33,114
ctc_phc-c2dh-u373_v1,PhC-C2DH-U373_02_t083_track12,ctc_frame,83.000000,PhC-C2DH-U373_02,ctc_tracking_centroid,486.000000,440.000000,0.000000,cell_centroid_motion,9.000000,0.000000,02_12,83,486.000000,440.000000,0.000000,9,02,CC-BY-4.0,ctc_phc_c2dh_u373,PhC-C2DH-U373,,11,68,114
ctc_phc-c2dh-u373_v1,PhC-C2DH-U373_02_t083_track18,ctc_frame,83.000000,PhC-C2DH-U373_02,ctc_tracking_centroid,62.000000,426.000000,0.000000,cell_centroid_motion,25.000000,0.000000,02_18,83,62.000000,426.000000,0.000000,25,02,CC-BY-4.0,ctc_phc_c2dh_u373,PhC-C2DH-U373,,0,30,105
ctc_phc-c2dh-u373_v1,PhC-C2DH-U373_02_t084_track3,ctc_frame,84.000000,PhC-C2DH-U373_02,ctc_tracking_centroid,183.000000,181.000000,0.000000,cell_centroid_motion,69.000000,0.000000,02_3,84,183.000000,181.000000,0.000000,69,02,CC-BY-4.0,ctc_phc_c2dh_u373,PhC-C2DH-U373,,0,0,114
ctc_phc-c2dh-u373_v1,PhC-C2DH-U373_02_t084_track4,ctc_frame,84.000000,PhC-C2DH-U373_02,ctc_tracking_centroid,583.000000,196.000000,0.000000,cell_centroid_motion,69.000000,0.000000,02_4,84,583.000000,196.000000,0.000000,69,02,CC-BY-4.0,ctc_phc_c2dh_u373,PhC-C2DH-U373,,0,0,114
ctc_phc-c2dh-u373_v1,PhC-C2DH-U373_02_t084_track9,ctc_frame,84.000000,PhC-C2DH-U373_02,ctc_tracking_centroid,636.000000,266.000000,0.000000,cell_centroid_motion,9.000000,0.000000,02_9,84,636.000000,266.000000,0.000000,9,02,CC-BY-4.0,ctc_phc_c2dh_u373,PhC-C2DH-U373,,7,33,114
ctc_phc-c2dh-u373_v1,PhC-C2DH-U373_02_t084_track12,ctc_frame,84.000000,PhC-C2DH-U373_02,ctc_tracking_centroid,486.000000,439.000000,0.000000,cell_centroid_motion,9.000000,0.000000,02_12,84,486.000000,439.000000,0.000000,9,02,CC-BY-4.0,ctc_phc_c2dh_u373,PhC-C2DH-U373,,11,68,114
ctc_phc-c2dh-u373_v1,PhC-C2DH-U373_02_t084_track18,ctc_frame,84.000000,PhC-C2DH-U373_02,ctc_tracking_centroid,63.000000,422.000000,0.000000,cell_centroid_motion,25.000000,0.000000,02_18,84,63.000000,422.000000,0.000000,25,02,CC-BY-4.0,ctc_phc_c2dh_u373,PhC-C2DH-U373,,0,30,105
ctc_phc-c2dh-u373_v1,PhC-C2DH-U373_02_t085_track3,ctc_frame,85.000000,PhC-C2DH-U373_02,ctc_tracking_centroid,182.000000,181.000000,0.000000,cell_centroid_motion,87.000000,0.000000,02_3,85,182.000000,181.000000,0.000000,87,02,CC-BY-4.0,ctc_phc_c2dh_u373,PhC-C2DH-U373,,0,0,114
ctc_phc-c2dh-u373_v1,PhC-C2DH-U373_02_t085_track4,ctc_frame,85.000000,PhC-C2DH-U373_02,ctc_tracking_centroid,585.141414,195.141414,0.000000,cell_centroid_motion,99.000000,0.000000,02_4,85,585.141414,195.141414,0.000000,99,02,CC-BY-4.0,ctc_phc_c2dh_u373,PhC-C2DH-U373,,0,0,114
ctc_phc-c2dh-u373_v1,PhC-C2DH-U373_02_t085_track9,ctc_frame,85.000000,PhC-C2DH-U373_02,ctc_tracking_centroid,636.000000,266.000000,0.000000,cell_centroid_motion,9.000000,0.000000,02_9,85,636.000000,266.000000,0.000000,9,02,CC-BY-4.0,ctc_phc_c2dh_u373,PhC-C2DH-U373,,7,33,114
ctc_phc-c2dh-u373_v1,PhC-C2DH-U373_02_t085_track12,ctc_frame,85.000000,PhC-C2DH-U373_02,ctc_tracking_centroid,484.000000,436.000000,0.000000,cell_centroid_motion,9.000000,0.000000,02_12,85,484.000000,436.000000,0.000000,9,02,CC-BY-4.0,ctc_phc_c2dh_u373,PhC-C2DH-U373,,11,68,114
ctc_phc-c2dh-u373_v1,PhC-C2DH-U373_02_t085_track18,ctc_frame,85.000000,PhC-C2DH-U373_02,ctc_tracking_centroid,63.000000,422.000000,0.000000,cell_centroid_motion,25.000000,0.000000,02_18,85,63.000000,422.000000,0.000000,25,02,CC-BY-4.0,ctc_phc_c2dh_u373,PhC-C2DH-U373,,0,30,105
ctc_phc-c2dh-u373_v1,PhC-C2DH-U373_02_t086_track3,ctc_frame,86.000000,PhC-C2DH-U373_02,ctc_tracking_centroid,178.000000,182.500000,0.000000,cell_centroid_motion,78.000000,0.000000,02_3,86,178.000000,182.500000,0.000000,78,02,CC-BY-4.0,ctc_phc_c2dh_u373,PhC-C2DH-U373,,0,0,114
ctc_phc-c2dh-u373_v1,PhC-C2DH-U373_02_t086_track4,ctc_frame,86.000000,PhC-C2DH-U373_02,ctc_tracking_centroid,586.000000,186.000000,0.000000,cell_centroid_motion,69.000000,0.000000,02_4,86,586.000000,186.000000,0.000000,69,02,CC-BY-4.0,ctc_phc_c2dh_u373,PhC-C2DH-U373,,0,0,114
ctc_phc-c2dh-u373_v1,PhC-C2DH-U373_02_t086_track9,ctc_frame,86.000000,PhC-C2DH-U373_02,ctc_tracking_centroid,636.000000,266.000000,0.000000,cell_centroid_motion,9.000000,0.000000,02_9,86,636.000000,266.000000,0.000000,9,02,CC-BY-4.0,ctc_phc_c2dh_u373,PhC-C2DH-U373,,7,33,114
ctc_phc-c2dh-u373_v1,PhC-C2DH-U373_02_t086_track12,ctc_frame,86.000000,PhC-C2DH-U373_02,ctc_tracking_centroid,482.500000,433.500000,0.000000,cell_centroid_motion,14.000000,0.000000,02_12,86,482.500000,433.500000,0.000000,14,02,CC-BY-4.0,ctc_phc_c2dh_u373,PhC-C2DH-U373,,11,68,114
ctc_phc-c2dh-u373_v1,PhC-C2DH-U373_02_t086_track18,ctc_frame,86.000000,PhC-C2DH-U373_02,ctc_tracking_centroid,63.000000,422.000000,0.000000,cell_centroid_motion,25.000000,0.000000,02_18,86,63.000000,422.000000,0.000000,25,02,CC-BY-4.0,ctc_phc_c2dh_u373,PhC-C2DH-U373,,0,30,105
ctc_phc-c2dh-u373_v1,PhC-C2DH-U373_02_t087_track3,ctc_frame,87.000000,PhC-C2DH-U373_02,ctc_tracking_centroid,174.500000,183.000000,0.000000,cell_centroid_motion,78.000000,0.000000,02_3,87,174.500000,183.000000,0.000000,78,02,CC-BY-4.0,ctc_phc_c2dh_u373,PhC-C2DH-U373,,0,0,114
ctc_phc-c2dh-u373_v1,PhC-C2DH-U373_02_t087_track4,ctc_frame,87.000000,PhC-C2DH-U373_02,ctc_tracking_centroid,590.000000,184.000000,0.000000,cell_centroid_motion,69.000000,0.000000,02_4,87,590.000000,184.000000,0.000000,69,02,CC-BY-4.0,ctc_phc_c2dh_u373,PhC-C2DH-U373,,0,0,114
ctc_phc-c2dh-u373_v1,PhC-C2DH-U373_02_t087_track9,ctc_frame,87.000000,PhC-C2DH-U373_02,ctc_tracking_centroid,636.000000,266.000000,0.000000,cell_centroid_motion,9.000000,0.000000,02_9,87,636.000000,266.000000,0.000000,9,02,CC-BY-4.0,ctc_phc_c2dh_u373,PhC-C2DH-U373,,7,33,114
ctc_phc-c2dh-u373_v1,PhC-C2DH-U373_02_t087_track12,ctc_frame,87.000000,PhC-C2DH-U373_02,ctc_tracking_centroid,472.000000,429.000000,0.000000,cell_centroid_motion,9.000000,0.000000,02_12,87,472.000000,429.000000,0.000000,9,02,CC-BY-4.0,ctc_phc_c2dh_u373,PhC-C2DH-U373,,11,68,114
ctc_phc-c2dh-u373_v1,PhC-C2DH-U373_02_t087_track18,ctc_frame,87.000000,PhC-C2DH-U373_02,ctc_tracking_centroid,63.000000,422.000000,0.000000,cell_centroid_motion,25.000000,0.000000,02_18,87,63.000000,422.000000,0.000000,25,02,CC-BY-4.0,ctc_phc_c2dh_u373,PhC-C2DH-U373,,0,30,105
ctc_phc-c2dh-u373_v1,PhC-C2DH-U373_02_t088_track3,ctc_frame,88.000000,PhC-C2DH-U373_02,ctc_tracking_centroid,172.000000,182.000000,0.000000,cell_centroid_motion,87.000000,0.000000,02_3,88,172.000000,182.000000,0.000000,87,02,CC-BY-4.0,ctc_phc_c2dh_u373,PhC-C2DH-U373,,0,0,114
ctc_phc-c2dh-u373_v1,PhC-C2DH-U373_02_t088_track4,ctc_frame,88.000000,PhC-C2DH-U373_02,ctc_tracking_centroid,586.000000,176.000000,0.000000,cell_centroid_motion,69.000000,0.000000,02_4,88,586.000000,176.000000,0.000000,69,02,CC-BY-4.0,ctc_phc_c2dh_u373,PhC-C2DH-U373,,0,0,114
ctc_phc-c2dh-u373_v1,PhC-C2DH-U373_02_t088_track9,ctc_frame,88.000000,PhC-C2DH-U373_02,ctc_tracking_centroid,640.000000,277.000000,0.000000,cell_centroid_motion,9.000000,0.000000,02_9,88,640.000000,277.000000,0.000000,9,02,CC-BY-4.0,ctc_phc_c2dh_u373,PhC-C2DH-U373,,7,33,114
ctc_phc-c2dh-u373_v1,PhC-C2DH-U373_02_t088_track12,ctc_frame,88.000000,PhC-C2DH-U373_02,ctc_tracking_centroid,457.000000,425.000000,0.000000,cell_centroid_motion,9.000000,0.000000,02_12,88,457.000000,425.000000,0.000000,9,02,CC-BY-4.0,ctc_phc_c2dh_u373,PhC-C2DH-U373,,11,68,114
ctc_phc-c2dh-u373_v1,PhC-C2DH-U373_02_t088_track18,ctc_frame,88.000000,PhC-C2DH-U373_02,ctc_tracking_centroid,63.000000,422.000000,0.000000,cell_centroid_motion,25.000000,0.000000,02_18,88,63.000000,422.000000,0.000000,25,02,CC-BY-4.0,ctc_phc_c2dh_u373,PhC-C2DH-U373,,0,30,105
ctc_phc-c2dh-u373_v1,PhC-C2DH-U373_02_t089_track2,ctc_frame,89.000000,PhC-C2DH-U373_02,ctc_tracking_centroid,53.000000,283.000000,0.000000,cell_centroid_motion,1.000000,0.000000,02_2,89,53.000000,283.000000,0.000000,1,02,CC-BY-4.0,ctc_phc_c2dh_u373,PhC-C2DH-U373,,1,89,114
ctc_phc-c2dh-u373_v1,PhC-C2DH-U373_02_t089_track3,ctc_frame,89.000000,PhC-C2DH-U373_02,ctc_tracking_centroid,166.000000,182.000000,0.000000,cell_centroid_motion,69.000000,0.000000,02_3,89,166.000000,182.000000,0.000000,69,02,CC-BY-4.0,ctc_phc_c2dh_u373,PhC-C2DH-U373,,0,0,114
ctc_phc-c2dh-u373_v1,PhC-C2DH-U373_02_t089_track4,ctc_frame,89.000000,PhC-C2DH-U373_02,ctc_tracking_centroid,585.000000,170.000000,0.000000,cell_centroid_motion,69.000000,0.000000,02_4,89,585.000000,170.000000,0.000000,69,02,CC-BY-4.0,ctc_phc_c2dh_u373,PhC-C2DH-U373,,0,0,114
ctc_phc-c2dh-u373_v1,PhC-C2DH-U373_02_t089_track9,ctc_frame,89.000000,PhC-C2DH-U373_02,ctc_tracking_centroid,640.000000,280.000000,0.000000,cell_centroid_motion,9.000000,0.000000,02_9,89,640.000000,280.000000,0.000000,9,02,CC-BY-4.0,ctc_phc_c2dh_u373,PhC-C2DH-U373,,7,33,114
ctc_phc-c2dh-u373_v1,PhC-C2DH-U373_02_t089_track12,ctc_frame,89.000000,PhC-C2DH-U373_02,ctc_tracking_centroid,461.000000,426.000000,0.000000,cell_centroid_motion,9.000000,0.000000,02_12,89,461.000000,426.000000,0.000000,9,02,CC-BY-4.0,ctc_phc_c2dh_u373,PhC-C2DH-U373,,11,68,114
ctc_phc-c2dh-u373_v1,PhC-C2DH-U373_02_t089_track18,ctc_frame,89.000000,PhC-C2DH-U373_02,ctc_tracking_centroid,63.000000,422.000000,0.000000,cell_centroid_motion,25.000000,0.000000,02_18,89,63.000000,422.000000,0.000000,25,02,CC-BY-4.0,ctc_phc_c2dh_u373,PhC-C2DH-U373,,0,30,105
ctc_phc-c2dh-u373_v1,PhC-C2DH-U373_02_t090_track2,ctc_frame,90.000000,PhC-C2DH-U373_02,ctc_tracking_centroid,51.000000,288.000000,0.000000,cell_centroid_motion,1.000000,0.000000,02_2,90,51.000000,288.000000,0.000000,1,02,CC-BY-4.0,ctc_phc_c2dh_u373,PhC-C2DH-U373,,1,89,114
ctc_phc-c2dh-u373_v1,PhC-C2DH-U373_02_t090_track3,ctc_frame,90.000000,PhC-C2DH-U373_02,ctc_tracking_centroid,166.000000,182.000000,0.000000,cell_centroid_motion,69.000000,0.000000,02_3,90,166.000000,182.000000,0.000000,69,02,CC-BY-4.0,ctc_phc_c2dh_u373,PhC-C2DH-U373,,0,0,114
ctc_phc-c2dh-u373_v1,PhC-C2DH-U373_02_t090_track4,ctc_frame,90.000000,PhC-C2DH-U373_02,ctc_tracking_centroid,598.000000,170.000000,0.000000,cell_centroid_motion,69.000000,0.000000,02_4,90,598.000000,170.000000,0.000000,69,02,CC-BY-4.0,ctc_phc_c2dh_u373,PhC-C2DH-U373,,0,0,114
ctc_phc-c2dh-u373_v1,PhC-C2DH-U373_02_t090_track9,ctc_frame,90.000000,PhC-C2DH-U373_02,ctc_tracking_centroid,639.000000,284.000000,0.000000,cell_centroid_motion,9.000000,0.000000,02_9,90,639.000000,284.000000,0.000000,9,02,CC-BY-4.0,ctc_phc_c2dh_u373,PhC-C2DH-U373,,7,33,114
ctc_phc-c2dh-u373_v1,PhC-C2DH-U373_02_t090_track12,ctc_frame,90.000000,PhC-C2DH-U373_02,ctc_tracking_centroid,462.000000,421.000000,0.000000,cell_centroid_motion,9.000000,0.000000,02_12,90,462.000000,421.000000,0.000000,9,02,CC-BY-4.0,ctc_phc_c2dh_u373,PhC-C2DH-U373,,11,68,114
ctc_phc-c2dh-u373_v1,PhC-C2DH-U373_02_t090_track18,ctc_frame,90.000000,PhC-C2DH-U373_02,ctc_tracking_centroid,63.000000,422.000000,0.000000,cell_centroid_motion,25.000000,0.000000,02_18,90,63.000000,422.000000,0.000000,25,02,CC-BY-4.0,ctc_phc_c2dh_u373,PhC-C2DH-U373,,0,30,105
ctc_phc-c2dh-u373_v1,PhC-C2DH-U373_02_t091_track2,ctc_frame,91.000000,PhC-C2DH-U373_02,ctc_tracking_centroid,52.000000,286.000000,0.000000,cell_centroid_motion,1.000000,0.000000,02_2,91,52.000000,286.000000,0.000000,1,02,CC-BY-4.0,ctc_phc_c2dh_u373,PhC-C2DH-U373,,1,89,114
ctc_phc-c2dh-u373_v1,PhC-C2DH-U373_02_t091_track3,ctc_frame,91.000000,PhC-C2DH-U373_02,ctc_tracking_centroid,170.500000,181.000000,0.000000,cell_centroid_motion,78.000000,0.000000,02_3,91,170.500000,181.000000,0.000000,78,02,CC-BY-4.0,ctc_phc_c2dh_u373,PhC-C2DH-U373,,0,0,114
ctc_phc-c2dh-u373_v1,PhC-C2DH-U373_02_t091_track4,ctc_frame,91.000000,PhC-C2DH-U373_02,ctc_tracking_centroid,594.000000,173.000000,0.000000,cell_centroid_motion,69.000000,0.000000,02_4,91,594.000000,173.000000,0.000000,69,02,CC-BY-4.0,ctc_phc_c2dh_u373,PhC-C2DH-U373,,0,0,114
ctc_phc-c2dh-u373_v1,PhC-C2DH-U373_02_t091_track9,ctc_frame,91.000000,PhC-C2DH-U373_02,ctc_tracking_centroid,635.000000,288.000000,0.000000,cell_centroid_motion,9.000000,0.000000,02_9,91,635.000000,288.000000,0.000000,9,02,CC-BY-4.0,ctc_phc_c2dh_u373,PhC-C2DH-U373,,7,33,114
ctc_phc-c2dh-u373_v1,PhC-C2DH-U373_02_t091_track12,ctc_frame,91.000000,PhC-C2DH-U373_02,ctc_tracking_centroid,462.000000,421.000000,0.000000,cell_centroid_motion,9.000000,0.000000,02_12,91,462.000000,421.000000,0.000000,9,02,CC-BY-4.0,ctc_phc_c2dh_u373,PhC-C2DH-U373,,11,68,114
ctc_phc-c2dh-u373_v1,PhC-C2DH-U373_02_t091_track18,ctc_frame,91.000000,PhC-C2DH-U373_02,ctc_tracking_centroid,63.000000,422.000000,0.000000,cell_centroid_motion,25.000000,0.000000,02_18,91,63.000000,422.000000,0.000000,25,02,CC-BY-4.0,ctc_phc_c2dh_u373,PhC-C2DH-U373,,0,30,105
ctc_phc-c2dh-u373_v1,PhC-C2DH-U373_02_t092_track2,ctc_frame,92.000000,PhC-C2DH-U373_02,ctc_tracking_centroid,52.000000,291.000000,0.000000,cell_centroid_motion,1.000000,0.000000,02_2,92,52.000000,291.000000,0.000000,1,02,CC-BY-4.0,ctc_phc_c2dh_u373,PhC-C2DH-U373,,1,89,114
ctc_phc-c2dh-u373_v1,PhC-C2DH-U373_02_t092_track3,ctc_frame,92.000000,PhC-C2DH-U373_02,ctc_tracking_centroid,173.000000,179.000000,0.000000,cell_centroid_motion,69.000000,0.000000,02_3,92,173.000000,179.000000,0.000000,69,02,CC-BY-4.0,ctc_phc_c2dh_u373,PhC-C2DH-U373,,0,0,114
ctc_phc-c2dh-u373_v1,PhC-C2DH-U373_02_t092_track4,ctc_frame,92.000000,PhC-C2DH-U373_02,ctc_tracking_centroid,594.000000,176.000000,0.000000,cell_centroid_motion,69.000000,0.000000,02_4,92,594.000000,176.000000,0.000000,69,02,CC-BY-4.0,ctc_phc_c2dh_u373,PhC-C2DH-U373,,0,0,114
ctc_phc-c2dh-u373_v1,PhC-C2DH-U373_02_t092_track9,ctc_frame,92.000000,PhC-C2DH-U373_02,ctc_tracking_centroid,635.000000,294.000000,0.000000,cell_centroid_motion,9.000000,0.000000,02_9,92,635.000000,294.000000,0.000000,9,02,CC-BY-4.0,ctc_phc_c2dh_u373,PhC-C2DH-U373,,7,33,114
ctc_phc-c2dh-u373_v1,PhC-C2DH-U373_02_t092_track12,ctc_frame,92.000000,PhC-C2DH-U373_02,ctc_tracking_centroid,457.000000,423.000000,0.000000,cell_centroid_motion,9.000000,0.000000,02_12,92,457.000000,423.000000,0.000000,9,02,CC-BY-4.0,ctc_phc_c2dh_u373,PhC-C2DH-U373,,11,68,114
ctc_phc-c2dh-u373_v1,PhC-C2DH-U373_02_t092_track18,ctc_frame,92.000000,PhC-C2DH-U373_02,ctc_tracking_centroid,63.000000,422.000000,0.000000,cell_centroid_motion,25.000000,0.000000,02_18,92,63.000000,422.000000,0.000000,25,02,CC-BY-4.0,ctc_phc_c2dh_u373,PhC-C2DH-U373,,0,30,105
ctc_phc-c2dh-u373_v1,PhC-C2DH-U373_02_t093_track2,ctc_frame,93.000000,PhC-C2DH-U373_02,ctc_tracking_centroid,53.000000,294.000000,0.000000,cell_centroid_motion,1.000000,0.000000,02_2,93,53.000000,294.000000,0.000000,1,02,CC-BY-4.0,ctc_phc_c2dh_u373,PhC-C2DH-U373,,1,89,114
ctc_phc-c2dh-u373_v1,PhC-C2DH-U373_02_t093_track3,ctc_frame,93.000000,PhC-C2DH-U373_02,ctc_tracking_centroid,174.000000,179.000000,0.000000,cell_centroid_motion,69.000000,0.000000,02_3,93,174.000000,179.000000,0.000000,69,02,CC-BY-4.0,ctc_phc_c2dh_u373,PhC-C2DH-U373,,0,0,114
ctc_phc-c2dh-u373_v1,PhC-C2DH-U373_02_t093_track4,ctc_frame,93.000000,PhC-C2DH-U373_02,ctc_tracking_centroid,594.000000,177.000000,0.000000,cell_centroid_motion,69.000000,0.000000,02_4,93,594.000000,177.000000,0.000000,69,02,CC-BY-4.0,ctc_phc_c2dh_u373,PhC-C2DH-U373,,0,0,114
ctc_phc-c2dh-u373_v1,PhC-C2DH-U373_02_t093_track9,ctc_frame,93.000000,PhC-C2DH-U373_02,ctc_tracking_centroid,638.000000,292.000000,0.000000,cell_centroid_motion,9.000000,0.000000,02_9,93,638.000000,292.000000,0.000000,9,02,CC-BY-4.0,ctc_phc_c2dh_u373,PhC-C2DH-U373,,7,33,114
ctc_phc-c2dh-u373_v1,PhC-C2DH-U373_02_t093_track12,ctc_frame,93.000000,PhC-C2DH-U373_02,ctc_tracking_centroid,457.000000,423.000000,0.000000,cell_centroid_motion,9.000000,0.000000,02_12,93,457.000000,423.000000,0.000000,9,02,CC-BY-4.0,ctc_phc_c2dh_u373,PhC-C2DH-U373,,11,68,114
ctc_phc-c2dh-u373_v1,PhC-C2DH-U373_02_t093_track18,ctc_frame,93.000000,PhC-C2DH-U373_02,ctc_tracking_centroid,63.000000,422.000000,0.000000,cell_centroid_motion,25.000000,0.000000,02_18,93,63.000000,422.000000,0.000000,25,02,CC-BY-4.0,ctc_phc_c2dh_u373,PhC-C2DH-U373,,0,30,105
ctc_phc-c2dh-u373_v1,PhC-C2DH-U373_02_t094_track2,ctc_frame,94.000000,PhC-C2DH-U373_02,ctc_tracking_centroid,55.000000,293.000000,0.000000,cell_centroid_motion,1.000000,0.000000,02_2,94,55.000000,293.000000,0.000000,1,02,CC-BY-4.0,ctc_phc_c2dh_u373,PhC-C2DH-U373,,1,89,114
ctc_phc-c2dh-u373_v1,PhC-C2DH-U373_02_t094_track3,ctc_frame,94.000000,PhC-C2DH-U373_02,ctc_tracking_centroid,176.549451,177.021978,0.000000,cell_centroid_motion,91.000000,0.000000,02_3,94,176.549451,177.021978,0.000000,91,02,CC-BY-4.0,ctc_phc_c2dh_u373,PhC-C2DH-U373,,0,0,114
ctc_phc-c2dh-u373_v1,PhC-C2DH-U373_02_t094_track4,ctc_frame,94.000000,PhC-C2DH-U373_02,ctc_tracking_centroid,594.000000,177.000000,0.000000,cell_centroid_motion,69.000000,0.000000,02_4,94,594.000000,177.000000,0.000000,69,02,CC-BY-4.0,ctc_phc_c2dh_u373,PhC-C2DH-U373,,0,0,114
ctc_phc-c2dh-u373_v1,PhC-C2DH-U373_02_t094_track9,ctc_frame,94.000000,PhC-C2DH-U373_02,ctc_tracking_centroid,638.000000,292.000000,0.000000,cell_centroid_motion,9.000000,0.000000,02_9,94,638.000000,292.000000,0.000000,9,02,CC-BY-4.0,ctc_phc_c2dh_u373,PhC-C2DH-U373,,7,33,114
ctc_phc-c2dh-u373_v1,PhC-C2DH-U373_02_t094_track12,ctc_frame,94.000000,PhC-C2DH-U373_02,ctc_tracking_centroid,456.000000,423.000000,0.000000,cell_centroid_motion,9.000000,0.000000,02_12,94,456.000000,423.000000,0.000000,9,02,CC-BY-4.0,ctc_phc_c2dh_u373,PhC-C2DH-U373,,11,68,114
ctc_phc-c2dh-u373_v1,PhC-C2DH-U373_02_t094_track18,ctc_frame,94.000000,PhC-C2DH-U373_02,ctc_tracking_centroid,69.000000,418.000000,0.000000,cell_centroid_motion,25.000000,0.000000,02_18,94,69.000000,418.000000,0.000000,25,02,CC-BY-4.0,ctc_phc_c2dh_u373,PhC-C2DH-U373,,0,30,105
ctc_phc-c2dh-u373_v1,PhC-C2DH-U373_02_t095_track2,ctc_frame,95.000000,PhC-C2DH-U373_02,ctc_tracking_centroid,53.000000,297.000000,0.000000,cell_centroid_motion,1.000000,0.000000,02_2,95,53.000000,297.000000,0.000000,1,02,CC-BY-4.0,ctc_phc_c2dh_u373,PhC-C2DH-U373,,1,89,114
ctc_phc-c2dh-u373_v1,PhC-C2DH-U373_02_t095_track3,ctc_frame,95.000000,PhC-C2DH-U373_02,ctc_tracking_centroid,177.000000,175.000000,0.000000,cell_centroid_motion,69.000000,0.000000,02_3,95,177.000000,175.000000,0.000000,69,02,CC-BY-4.0,ctc_phc_c2dh_u373,PhC-C2DH-U373,,0,0,114
ctc_phc-c2dh-u373_v1,PhC-C2DH-U373_02_t095_track4,ctc_frame,95.000000,PhC-C2DH-U373_02,ctc_tracking_centroid,592.500000,176.000000,0.000000,cell_centroid_motion,78.000000,0.000000,02_4,95,592.500000,176.000000,0.000000,78,02,CC-BY-4.0,ctc_phc_c2dh_u373,PhC-C2DH-U373,,0,0,114
ctc_phc-c2dh-u373_v1,PhC-C2DH-U373_02_t095_track9,ctc_frame,95.000000,PhC-C2DH-U373_02,ctc_tracking_centroid,638.000000,289.000000,0.000000,cell_centroid_motion,9.000000,0.000000,02_9,95,638.000000,289.000000,0.000000,9,02,CC-BY-4.0,ctc_phc_c2dh_u373,PhC-C2DH-U373,,7,33,114
ctc_phc-c2dh-u373_v1,PhC-C2DH-U373_02_t095_track12,ctc_frame,95.000000,PhC-C2DH-U373_02,ctc_tracking_centroid,445.000000,443.000000,0.000000,cell_centroid_motion,9.000000,0.000000,02_12,95,445.000000,443.000000,0.000000,9,02,CC-BY-4.0,ctc_phc_c2dh_u373,PhC-C2DH-U373,,11,68,114
ctc_phc-c2dh-u373_v1,PhC-C2DH-U373_02_t095_track18,ctc_frame,95.000000,PhC-C2DH-U373_02,ctc_tracking_centroid,69.000000,418.000000,0.000000,cell_centroid_motion,25.000000,0.000000,02_18,95,69.000000,418.000000,0.000000,25,02,CC-BY-4.0,ctc_phc_c2dh_u373,PhC-C2DH-U373,,0,30,105
ctc_phc-c2dh-u373_v1,PhC-C2DH-U373_02_t096_track2,ctc_frame,96.000000,PhC-C2DH-U373_02,ctc_tracking_centroid,55.000000,297.000000,0.000000,cell_centroid_motion,1.000000,0.000000,02_2,96,55.000000,297.000000,0.000000,1,02,CC-BY-4.0,ctc_phc_c2dh_u373,PhC-C2DH-U373,,1,89,114
ctc_phc-c2dh-u373_v1,PhC-C2DH-U373_02_t096_track3,ctc_frame,96.000000,PhC-C2DH-U373_02,ctc_tracking_centroid,176.000000,174.000000,0.000000,cell_centroid_motion,87.000000,0.000000,02_3,96,176.000000,174.000000,0.000000,87,02,CC-BY-4.0,ctc_phc_c2dh_u373,PhC-C2DH-U373,,0,0,114
ctc_phc-c2dh-u373_v1,PhC-C2DH-U373_02_t096_track4,ctc_frame,96.000000,PhC-C2DH-U373_02,ctc_tracking_centroid,590.000000,176.000000,0.000000,cell_centroid_motion,69.000000,0.000000,02_4,96,590.000000,176.000000,0.000000,69,02,CC-BY-4.0,ctc_phc_c2dh_u373,PhC-C2DH-U373,,0,0,114
ctc_phc-c2dh-u373_v1,PhC-C2DH-U373_02_t096_track9,ctc_frame,96.000000,PhC-C2DH-U373_02,ctc_tracking_centroid,638.000000,288.000000,0.000000,cell_centroid_motion,9.000000,0.000000,02_9,96,638.000000,288.000000,0.000000,9,02,CC-BY-4.0,ctc_phc_c2dh_u373,PhC-C2DH-U373,,7,33,114
ctc_phc-c2dh-u373_v1,PhC-C2DH-U373_02_t096_track12,ctc_frame,96.000000,PhC-C2DH-U373_02,ctc_tracking_centroid,455.000000,444.000000,0.000000,cell_centroid_motion,9.000000,0.000000,02_12,96,455.000000,444.000000,0.000000,9,02,CC-BY-4.0,ctc_phc_c2dh_u373,PhC-C2DH-U373,,11,68,114
ctc_phc-c2dh-u373_v1,PhC-C2DH-U373_02_t096_track18,ctc_frame,96.000000,PhC-C2DH-U373_02,ctc_tracking_centroid,69.000000,418.000000,0.000000,cell_centroid_motion,25.000000,0.000000,02_18,96,69.000000,418.000000,0.000000,25,02,CC-BY-4.0,ctc_phc_c2dh_u373,PhC-C2DH-U373,,0,30,105
ctc_phc-c2dh-u373_v1,PhC-C2DH-U373_02_t097_track2,ctc_frame,97.000000,PhC-C2DH-U373_02,ctc_tracking_centroid,55.000000,299.000000,0.000000,cell_centroid_motion,1.000000,0.000000,02_2,97,55.000000,299.000000,0.000000,1,02,CC-BY-4.0,ctc_phc_c2dh_u373,PhC-C2DH-U373,,1,89,114
ctc_phc-c2dh-u373_v1,PhC-C2DH-U373_02_t097_track3,ctc_frame,97.000000,PhC-C2DH-U373_02,ctc_tracking_centroid,173.000000,172.000000,0.000000,cell_centroid_motion,69.000000,0.000000,02_3,97,173.000000,172.000000,0.000000,69,02,CC-BY-4.0,ctc_phc_c2dh_u373,PhC-C2DH-U373,,0,0,114
ctc_phc-c2dh-u373_v1,PhC-C2DH-U373_02_t097_track4,ctc_frame,97.000000,PhC-C2DH-U373_02,ctc_tracking_centroid,588.000000,179.000000,0.000000,cell_centroid_motion,69.000000,0.000000,02_4,97,588.000000,179.000000,0.000000,69,02,CC-BY-4.0,ctc_phc_c2dh_u373,PhC-C2DH-U373,,0,0,114
ctc_phc-c2dh-u373_v1,PhC-C2DH-U373_02_t097_track9,ctc_frame,97.000000,PhC-C2DH-U373_02,ctc_tracking_centroid,638.000000,288.000000,0.000000,cell_centroid_motion,9.000000,0.000000,02_9,97,638.000000,288.000000,0.000000,9,02,CC-BY-4.0,ctc_phc_c2dh_u373,PhC-C2DH-U373,,7,33,114
ctc_phc-c2dh-u373_v1,PhC-C2DH-U373_02_t097_track12,ctc_frame,97.000000,PhC-C2DH-U373_02,ctc_tracking_centroid,451.000000,439.000000,0.000000,cell_centroid_motion,9.000000,0.000000,02_12,97,451.000000,439.000000,0.000000,9,02,CC-BY-4.0,ctc_phc_c2dh_u373,PhC-C2DH-U373,,11,68,114
ctc_phc-c2dh-u373_v1,PhC-C2DH-U373_02_t097_track18,ctc_frame,97.000000,PhC-C2DH-U373_02,ctc_tracking_centroid,69.000000,418.000000,0.000000,cell_centroid_motion,25.000000,0.000000,02_18,97,69.000000,418.000000,0.000000,25,02,CC-BY-4.0,ctc_phc_c2dh_u373,PhC-C2DH-U373,,0,30,105
ctc_phc-c2dh-u373_v1,PhC-C2DH-U373_02_t098_track2,ctc_frame,98.000000,PhC-C2DH-U373_02,ctc_tracking_centroid,54.000000,301.000000,0.000000,cell_centroid_motion,9.000000,0.000000,02_2,98,54.000000,301.000000,0.000000,9,02,CC-BY-4.0,ctc_phc_c2dh_u373,PhC-C2DH-U373,,1,89,114
ctc_phc-c2dh-u373_v1,PhC-C2DH-U373_02_t098_track3,ctc_frame,98.000000,PhC-C2DH-U373_02,ctc_tracking_centroid,173.000000,172.000000,0.000000,cell_centroid_motion,69.000000,0.000000,02_3,98,173.000000,172.000000,0.000000,69,02,CC-BY-4.0,ctc_phc_c2dh_u373,PhC-C2DH-U373,,0,0,114
ctc_phc-c2dh-u373_v1,PhC-C2DH-U373_02_t098_track4,ctc_frame,98.000000,PhC-C2DH-U373_02,ctc_tracking_centroid,588.000000,179.000000,0.000000,cell_centroid_motion,69.000000,0.000000,02_4,98,588.000000,179.000000,0.000000,69,02,CC-BY-4.0,ctc_phc_c2dh_u373,PhC-C2DH-U373,,0,0,114
ctc_phc-c2dh-u373_v1,PhC-C2DH-U373_02_t098_track9,ctc_frame,98.000000,PhC-C2DH-U373_02,ctc_tracking_centroid,638.000000,290.000000,0.000000,cell_centroid_motion,9.000000,0.000000,02_9,98,638.000000,290.000000,0.000000,9,02,CC-BY-4.0,ctc_phc_c2dh_u373,PhC-C2DH-U373,,7,33,114
ctc_phc-c2dh-u373_v1,PhC-C2DH-U373_02_t098_track12,ctc_frame,98.000000,PhC-C2DH-U373_02,ctc_tracking_centroid,450.000000,439.000000,0.000000,cell_centroid_motion,9.000000,0.000000,02_12,98,450.000000,439.000000,0.000000,9,02,CC-BY-4.0,ctc_phc_c2dh_u373,PhC-C2DH-U373,,11,68,114
ctc_phc-c2dh-u373_v1,PhC-C2DH-U373_02_t098_track18,ctc_frame,98.000000,PhC-C2DH-U373_02,ctc_tracking_centroid,69.000000,418.000000,0.000000,cell_centroid_motion,25.000000,0.000000,02_18,98,69.000000,418.000000,0.000000,25,02,CC-BY-4.0,ctc_phc_c2dh_u373,PhC-C2DH-U373,,0,30,105
ctc_phc-c2dh-u373_v1,PhC-C2DH-U373_02_t099_track2,ctc_frame,99.000000,PhC-C2DH-U373_02,ctc_tracking_centroid,55.000000,301.000000,0.000000,cell_centroid_motion,9.000000,0.000000,02_2,99,55.000000,301.000000,0.000000,9,02,CC-BY-4.0,ctc_phc_c2dh_u373,PhC-C2DH-U373,,1,89,114
ctc_phc-c2dh-u373_v1,PhC-C2DH-U373_02_t099_track3,ctc_frame,99.000000,PhC-C2DH-U373_02,ctc_tracking_centroid,177.000000,172.500000,0.000000,cell_centroid_motion,78.000000,0.000000,02_3,99,177.000000,172.500000,0.000000,78,02,CC-BY-4.0,ctc_phc_c2dh_u373,PhC-C2DH-U373,,0,0,114
ctc_phc-c2dh-u373_v1,PhC-C2DH-U373_02_t099_track4,ctc_frame,99.000000,PhC-C2DH-U373_02,ctc_tracking_centroid,604.000000,180.000000,0.000000,cell_centroid_motion,69.000000,0.000000,02_4,99,604.000000,180.000000,0.000000,69,02,CC-BY-4.0,ctc_phc_c2dh_u373,PhC-C2DH-U373,,0,0,114
ctc_phc-c2dh-u373_v1,PhC-C2DH-U373_02_t099_track9,ctc_frame,99.000000,PhC-C2DH-U373_02,ctc_tracking_centroid,640.500000,298.000000,0.000000,cell_centroid_motion,12.000000,0.000000,02_9,99,640.500000,298.000000,0.000000,12,02,CC-BY-4.0,ctc_phc_c2dh_u373,PhC-C2DH-U373,,7,33,114
ctc_phc-c2dh-u373_v1,PhC-C2DH-U373_02_t099_track12,ctc_frame,99.000000,PhC-C2DH-U373_02,ctc_tracking_centroid,443.000000,439.000000,0.000000,cell_centroid_motion,9.000000,0.000000,02_12,99,443.000000,439.000000,0.000000,9,02,CC-BY-4.0,ctc_phc_c2dh_u373,PhC-C2DH-U373,,11,68,114
ctc_phc-c2dh-u373_v1,PhC-C2DH-U373_02_t099_track18,ctc_frame,99.000000,PhC-C2DH-U373_02,ctc_tracking_centroid,68.000000,418.000000,0.000000,cell_centroid_motion,25.000000,0.000000,02_18,99,68.000000,418.000000,0.000000,25,02,CC-BY-4.0,ctc_phc_c2dh_u373,PhC-C2DH-U373,,0,30,105
ctc_phc-c2dh-u373_v1,PhC-C2DH-U373_02_t100_track2,ctc_frame,100.000000,PhC-C2DH-U373_02,ctc_tracking_centroid,55.000000,301.000000,0.000000,cell_centroid_motion,9.000000,0.000000,02_2,100,55.000000,301.000000,0.000000,9,02,CC-BY-4.0,ctc_phc_c2dh_u373,PhC-C2DH-U373,,1,89,114
ctc_phc-c2dh-u373_v1,PhC-C2DH-U373_02_t100_track3,ctc_frame,100.000000,PhC-C2DH-U373_02,ctc_tracking_centroid,177.623529,173.376471,0.000000,cell_centroid_motion,85.000000,0.000000,02_3,100,177.623529,173.376471,0.000000,85,02,CC-BY-4.0,ctc_phc_c2dh_u373,PhC-C2DH-U373,,0,0,114
ctc_phc-c2dh-u373_v1,PhC-C2DH-U373_02_t100_track4,ctc_frame,100.000000,PhC-C2DH-U373_02,ctc_tracking_centroid,606.500000,174.000000,0.000000,cell_centroid_motion,78.000000,0.000000,02_4,100,606.500000,174.000000,0.000000,78,02,CC-BY-4.0,ctc_phc_c2dh_u373,PhC-C2DH-U373,,0,0,114
ctc_phc-c2dh-u373_v1,PhC-C2DH-U373_02_t100_track9,ctc_frame,100.000000,PhC-C2DH-U373_02,ctc_tracking_centroid,637.000000,287.000000,0.000000,cell_centroid_motion,9.000000,0.000000,02_9,100,637.000000,287.000000,0.000000,9,02,CC-BY-4.0,ctc_phc_c2dh_u373,PhC-C2DH-U373,,7,33,114
ctc_phc-c2dh-u373_v1,PhC-C2DH-U373_02_t100_track12,ctc_frame,100.000000,PhC-C2DH-U373_02,ctc_tracking_centroid,428.000000,439.000000,0.000000,cell_centroid_motion,9.000000,0.000000,02_12,100,428.000000,439.000000,0.000000,9,02,CC-BY-4.0,ctc_phc_c2dh_u373,PhC-C2DH-U373,,11,68,114
ctc_phc-c2dh-u373_v1,PhC-C2DH-U373_02_t100_track18,ctc_frame,100.000000,PhC-C2DH-U373_02,ctc_tracking_centroid,68.000000,418.000000,0.000000,cell_centroid_motion,25.000000,0.000000,02_18,100,68.000000,418.000000,0.000000,25,02,CC-BY-4.0,ctc_phc_c2dh_u373,PhC-C2DH-U373,,0,30,105
ctc_phc-c2dh-u373_v1,PhC-C2DH-U373_02_t101_track2,ctc_frame,101.000000,PhC-C2DH-U373_02,ctc_tracking_centroid,58.000000,301.000000,0.000000,cell_centroid_motion,9.000000,0.000000,02_2,101,58.000000,301.000000,0.000000,9,02,CC-BY-4.0,ctc_phc_c2dh_u373,PhC-C2DH-U373,,1,89,114
ctc_phc-c2dh-u373_v1,PhC-C2DH-U373_02_t101_track3,ctc_frame,101.000000,PhC-C2DH-U373_02,ctc_tracking_centroid,178.000000,174.000000,0.000000,cell_centroid_motion,69.000000,0.000000,02_3,101,178.000000,174.000000,0.000000,69,02,CC-BY-4.0,ctc_phc_c2dh_u373,PhC-C2DH-U373,,0,0,114
ctc_phc-c2dh-u373_v1,PhC-C2DH-U373_02_t101_track4,ctc_frame,101.000000,PhC-C2DH-U373_02,ctc_tracking_centroid,607.000000,174.000000,0.000000,cell_centroid_motion,69.000000,0.000000,02_4,101,607.000000,174.000000,0.000000,69,02,CC-BY-4.0,ctc_phc_c2dh_u373,PhC-C2DH-U373,,0,0,114
ctc_phc-c2dh-u373_v1,PhC-C2DH-U373_02_t101_track9,ctc_frame,101.000000,PhC-C2DH-U373_02,ctc_tracking_centroid,637.000000,287.000000,0.000000,cell_centroid_motion,9.000000,0.000000,02_9,101,637.000000,287.000000,0.000000,9,02,CC-BY-4.0,ctc_phc_c2dh_u373,PhC-C2DH-U373,,7,33,114
ctc_phc-c2dh-u373_v1,PhC-C2DH-U373_02_t101_track12,ctc_frame,101.000000,PhC-C2DH-U373_02,ctc_tracking_centroid,424.000000,433.000000,0.000000,cell_centroid_motion,9.000000,0.000000,02_12,101,424.000000,433.000000,0.000000,9,02,CC-BY-4.0,ctc_phc_c2dh_u373,PhC-C2DH-U373,,11,68,114
ctc_phc-c2dh-u373_v1,PhC-C2DH-U373_02_t101_track18,ctc_frame,101.000000,PhC-C2DH-U373_02,ctc_tracking_centroid,68.000000,418.000000,0.000000,cell_centroid_motion,25.000000,0.000000,02_18,101,68.000000,418.000000,0.000000,25,02,CC-BY-4.0,ctc_phc_c2dh_u373,PhC-C2DH-U373,,0,30,105
ctc_phc-c2dh-u373_v1,PhC-C2DH-U373_02_t102_track2,ctc_frame,102.000000,PhC-C2DH-U373_02,ctc_tracking_centroid,58.000000,303.000000,0.000000,cell_centroid_motion,9.000000,0.000000,02_2,102,58.000000,303.000000,0.000000,9,02,CC-BY-4.0,ctc_phc_c2dh_u373,PhC-C2DH-U373,,1,89,114
ctc_phc-c2dh-u373_v1,PhC-C2DH-U373_02_t102_track3,ctc_frame,102.000000,PhC-C2DH-U373_02,ctc_tracking_centroid,178.000000,172.000000,0.000000,cell_centroid_motion,87.000000,0.000000,02_3,102,178.000000,172.000000,0.000000,87,02,CC-BY-4.0,ctc_phc_c2dh_u373,PhC-C2DH-U373,,0,0,114
ctc_phc-c2dh-u373_v1,PhC-C2DH-U373_02_t102_track4,ctc_frame,102.000000,PhC-C2DH-U373_02,ctc_tracking_centroid,607.000000,174.000000,0.000000,cell_centroid_motion,69.000000,0.000000,02_4,102,607.000000,174.000000,0.000000,69,02,CC-BY-4.0,ctc_phc_c2dh_u373,PhC-C2DH-U373,,0,0,114
ctc_phc-c2dh-u373_v1,PhC-C2DH-U373_02_t102_track9,ctc_frame,102.000000,PhC-C2DH-U373_02,ctc_tracking_centroid,637.000000,291.000000,0.000000,cell_centroid_motion,9.000000,0.000000,02_9,102,637.000000,291.000000,0.000000,9,02,CC-BY-4.0,ctc_phc_c2dh_u373,PhC-C2DH-U373,,7,33,114
ctc_phc-c2dh-u373_v1,PhC-C2DH-U373_02_t102_track12,ctc_frame,102.000000,PhC-C2DH-U373_02,ctc_tracking_centroid,418.000000,434.000000,0.000000,cell_centroid_motion,9.000000,0.000000,02_12,102,418.000000,434.000000,0.000000,9,02,CC-BY-4.0,ctc_phc_c2dh_u373,PhC-C2DH-U373,,11,68,114
ctc_phc-c2dh-u373_v1,PhC-C2DH-U373_02_t102_track18,ctc_frame,102.000000,PhC-C2DH-U373_02,ctc_tracking_centroid,68.000000,421.000000,0.000000,cell_centroid_motion,25.000000,0.000000,02_18,102,68.000000,421.000000,0.000000,25,02,CC-BY-4.0,ctc_phc_c2dh_u373,PhC-C2DH-U373,,0,30,105
ctc_phc-c2dh-u373_v1,PhC-C2DH-U373_02_t103_track2,ctc_frame,103.000000,PhC-C2DH-U373_02,ctc_tracking_centroid,58.000000,303.000000,0.000000,cell_centroid_motion,9.000000,0.000000,02_2,103,58.000000,303.000000,0.000000,9,02,CC-BY-4.0,ctc_phc_c2dh_u373,PhC-C2DH-U373,,1,89,114
ctc_phc-c2dh-u373_v1,PhC-C2DH-U373_02_t103_track3,ctc_frame,103.000000,PhC-C2DH-U373_02,ctc_tracking_centroid,181.540323,172.927419,0.000000,cell_centroid_motion,124.000000,0.000000,02_3,103,181.540323,172.927419,0.000000,124,02,CC-BY-4.0,ctc_phc_c2dh_u373,PhC-C2DH-U373,,0,0,114
ctc_phc-c2dh-u373_v1,PhC-C2DH-U373_02_t103_track4,ctc_frame,103.000000,PhC-C2DH-U373_02,ctc_tracking_centroid,607.000000,174.000000,0.000000,cell_centroid_motion,69.000000,0.000000,02_4,103,607.000000,174.000000,0.000000,69,02,CC-BY-4.0,ctc_phc_c2dh_u373,PhC-C2DH-U373,,0,0,114
ctc_phc-c2dh-u373_v1,PhC-C2DH-U373_02_t103_track9,ctc_frame,103.000000,PhC-C2DH-U373_02,ctc_tracking_centroid,639.500000,297.000000,0.000000,cell_centroid_motion,12.000000,0.000000,02_9,103,639.500000,297.000000,0.000000,12,02,CC-BY-4.0,ctc_phc_c2dh_u373,PhC-C2DH-U373,,7,33,114
ctc_phc-c2dh-u373_v1,PhC-C2DH-U373_02_t103_track12,ctc_frame,103.000000,PhC-C2DH-U373_02,ctc_tracking_centroid,425.000000,432.000000,0.000000,cell_centroid_motion,9.000000,0.000000,02_12,103,425.000000,432.000000,0.000000,9,02,CC-BY-4.0,ctc_phc_c2dh_u373,PhC-C2DH-U373,,11,68,114
ctc_phc-c2dh-u373_v1,PhC-C2DH-U373_02_t103_track18,ctc_frame,103.000000,PhC-C2DH-U373_02,ctc_tracking_centroid,72.000000,425.000000,0.000000,cell_centroid_motion,25.000000,0.000000,02_18,103,72.000000,425.000000,0.000000,25,02,CC-BY-4.0,ctc_phc_c2dh_u373,PhC-C2DH-U373,,0,30,105
ctc_phc-c2dh-u373_v1,PhC-C2DH-U373_02_t104_track2,ctc_frame,104.000000,PhC-C2DH-U373_02,ctc_tracking_centroid,57.000000,305.000000,0.000000,cell_centroid_motion,9.000000,0.000000,02_2,104,57.000000,305.000000,0.000000,9,02,CC-BY-4.0,ctc_phc_c2dh_u373,PhC-C2DH-U373,,1,89,114
ctc_phc-c2dh-u373_v1,PhC-C2DH-U373_02_t104_track3,ctc_frame,104.000000,PhC-C2DH-U373_02,ctc_tracking_centroid,184.000000,174.000000,0.000000,cell_centroid_motion,69.000000,0.000000,02_3,104,184.000000,174.000000,0.000000,69,02,CC-BY-4.0,ctc_phc_c2dh_u373,PhC-C2DH-U373,,0,0,114
ctc_phc-c2dh-u373_v1,PhC-C2DH-U373_02_t104_track4,ctc_frame,104.000000,PhC-C2DH-U373_02,ctc_tracking_centroid,607.000000,174.000000,0.000000,cell_centroid_motion,69.000000,0.000000,02_4,104,607.000000,174.000000,0.000000,69,02,CC-BY-4.0,ctc_phc_c2dh_u373,PhC-C2DH-U373,,0,0,114
ctc_phc-c2dh-u373_v1,PhC-C2DH-U373_02_t104_track9,ctc_frame,104.000000,PhC-C2DH-U373_02,ctc_tracking_centroid,642.000000,302.000000,0.000000,cell_centroid_motion,9.000000,0.000000,02_9,104,642.000000,302.000000,0.000000,9,02,CC-BY-4.0,ctc_phc_c2dh_u373,PhC-C2DH-U373,,7,33,114
ctc_phc-c2dh-u373_v1,PhC-C2DH-U373_02_t104_track12,ctc_frame,104.000000,PhC-C2DH-U373_02,ctc_tracking_centroid,425.000000,432.000000,0.000000,cell_centroid_motion,9.000000,0.000000,02_12,104,425.000000,432.000000,0.000000,9,02,CC-BY-4.0,ctc_phc_c2dh_u373,PhC-C2DH-U373,,11,68,114
ctc_phc-c2dh-u373_v1,PhC-C2DH-U373_02_t104_track18,ctc_frame,104.000000,PhC-C2DH-U373_02,ctc_tracking_centroid,72.000000,429.000000,0.000000,cell_centroid_motion,25.000000,0.000000,02_18,104,72.000000,429.000000,0.000000,25,02,CC-BY-4.0,ctc_phc_c2dh_u373,PhC-C2DH-U373,,0,30,105
ctc_phc-c2dh-u373_v1,PhC-C2DH-U373_02_t105_track2,ctc_frame,105.000000,PhC-C2DH-U373_02,ctc_tracking_centroid,56.000000,306.000000,0.000000,cell_centroid_motion,9.000000,0.000000,02_2,105,56.000000,306.000000,0.000000,9,02,CC-BY-4.0,ctc_phc_c2dh_u373,PhC-C2DH-U373,,1,89,114
ctc_phc-c2dh-u373_v1,PhC-C2DH-U373_02_t105_track3,ctc_frame,105.000000,PhC-C2DH-U373_02,ctc_tracking_centroid,184.000000,174.000000,0.000000,cell_centroid_motion,69.000000,0.000000,02_3,105,184.000000,174.000000,0.000000,69,02,CC-BY-4.0,ctc_phc_c2dh_u373,PhC-C2DH-U373,,0,0,114
ctc_phc-c2dh-u373_v1,PhC-C2DH-U373_02_t105_track4,ctc_frame,105.000000,PhC-C2DH-U373_02,ctc_tracking_centroid,607.000000,174.000000,0.000000,cell_centroid_motion,69.000000,0.000000,02_4,105,607.000000,174.000000,0.000000,69,02,CC-BY-4.0,ctc_phc_c2dh_u373,PhC-C2DH-U373,,0,0,114
ctc_phc-c2dh-u373_v1,PhC-C2DH-U373_02_t105_track9,ctc_frame,105.000000,PhC-C2DH-U373_02,ctc_tracking_centroid,643.000000,317.000000,0.000000,cell_centroid_motion,9.000000,0.000000,02_9,105,643.000000,317.000000,0.000000,9,02,CC-BY-4.0,ctc_phc_c2dh_u373,PhC-C2DH-U373,,7,33,114
ctc_phc-c2dh-u373_v1,PhC-C2DH-U373_02_t105_track12,ctc_frame,105.000000,PhC-C2DH-U373_02,ctc_tracking_centroid,425.000000,432.000000,0.000000,cell_centroid_motion,9.000000,0.000000,02_12,105,425.000000,432.000000,0.000000,9,02,CC-BY-4.0,ctc_phc_c2dh_u373,PhC-C2DH-U373,,11,68,114
ctc_phc-c2dh-u373_v1,PhC-C2DH-U373_02_t105_track18,ctc_frame,105.000000,PhC-C2DH-U373_02,ctc_tracking_centroid,71.000000,432.000000,0.000000,cell_centroid_motion,25.000000,0.000000,02_18,105,71.000000,432.000000,0.000000,25,02,CC-BY-4.0,ctc_phc_c2dh_u373,PhC-C2DH-U373,,0,30,105
ctc_phc-c2dh-u373_v1,PhC-C2DH-U373_02_t106_track2,ctc_frame,106.000000,PhC-C2DH-U373_02,ctc_tracking_centroid,54.000000,307.000000,0.000000,cell_centroid_motion,9.000000,0.000000,02_2,106,54.000000,307.000000,0.000000,9,02,CC-BY-4.0,ctc_phc_c2dh_u373,PhC-C2DH-U373,,1,89,114
ctc_phc-c2dh-u373_v1,PhC-C2DH-U373_02_t106_track3,ctc_frame,106.000000,PhC-C2DH-U373_02,ctc_tracking_centroid,188.000000,173.000000,0.000000,cell_centroid_motion,69.000000,0.000000,02_3,106,188.000000,173.000000,0.000000,69,02,CC-BY-4.0,ctc_phc_c2dh_u373,PhC-C2DH-U373,,0,0,114
ctc_phc-c2dh-u373_v1,PhC-C2DH-U373_02_t106_track4,ctc_frame,106.000000,PhC-C2DH-U373_02,ctc_tracking_centroid,607.000000,174.000000,0.000000,cell_centroid_motion,69.000000,0.000000,02_4,106,607.000000,174.000000,0.000000,69,02,CC-BY-4.0,ctc_phc_c2dh_u373,PhC-C2DH-U373,,0,0,114
ctc_phc-c2dh-u373_v1,PhC-C2DH-U373_02_t106_track9,ctc_frame,106.000000,PhC-C2DH-U373_02,ctc_tracking_centroid,641.000000,318.000000,0.000000,cell_centroid_motion,9.000000,0.000000,02_9,106,641.000000,318.000000,0.000000,9,02,CC-BY-4.0,ctc_phc_c2dh_u373,PhC-C2DH-U373,,7,33,114
ctc_phc-c2dh-u373_v1,PhC-C2DH-U373_02_t106_track12,ctc_frame,106.000000,PhC-C2DH-U373_02,ctc_tracking_centroid,425.000000,431.000000,0.000000,cell_centroid_motion,9.000000,0.000000,02_12,106,425.000000,431.000000,0.000000,9,02,CC-BY-4.0,ctc_phc_c2dh_u373,PhC-C2DH-U373,,11,68,114
ctc_phc-c2dh-u373_v1,PhC-C2DH-U373_02_t107_track2,ctc_frame,107.000000,PhC-C2DH-U373_02,ctc_tracking_centroid,55.000000,319.500000,0.000000,cell_centroid_motion,12.000000,0.000000,02_2,107,55.000000,319.500000,0.000000,12,02,CC-BY-4.0,ctc_phc_c2dh_u373,PhC-C2DH-U373,,1,89,114
ctc_phc-c2dh-u373_v1,PhC-C2DH-U373_02_t107_track3,ctc_frame,107.000000,PhC-C2DH-U373_02,ctc_tracking_centroid,189.000000,174.500000,0.000000,cell_centroid_motion,78.000000,0.000000,02_3,107,189.000000,174.500000,0.000000,78,02,CC-BY-4.0,ctc_phc_c2dh_u373,PhC-C2DH-U373,,0,0,114
ctc_phc-c2dh-u373_v1,PhC-C2DH-U373_02_t107_track4,ctc_frame,107.000000,PhC-C2DH-U373_02,ctc_tracking_centroid,607.000000,174.000000,0.000000,cell_centroid_motion,69.000000,0.000000,02_4,107,607.000000,174.000000,0.000000,69,02,CC-BY-4.0,ctc_phc_c2dh_u373,PhC-C2DH-U373,,0,0,114
ctc_phc-c2dh-u373_v1,PhC-C2DH-U373_02_t107_track9,ctc_frame,107.000000,PhC-C2DH-U373_02,ctc_tracking_centroid,635.000000,319.000000,0.000000,cell_centroid_motion,9.000000,0.000000,02_9,107,635.000000,319.000000,0.000000,9,02,CC-BY-4.0,ctc_phc_c2dh_u373,PhC-C2DH-U373,,7,33,114
ctc_phc-c2dh-u373_v1,PhC-C2DH-U373_02_t107_track12,ctc_frame,107.000000,PhC-C2DH-U373_02,ctc_tracking_centroid,425.000000,431.000000,0.000000,cell_centroid_motion,9.000000,0.000000,02_12,107,425.000000,431.000000,0.000000,9,02,CC-BY-4.0,ctc_phc_c2dh_u373,PhC-C2DH-U373,,11,68,114
ctc_phc-c2dh-u373_v1,PhC-C2DH-U373_02_t108_track2,ctc_frame,108.000000,PhC-C2DH-U373_02,ctc_tracking_centroid,59.000000,320.000000,0.000000,cell_centroid_motion,9.000000,0.000000,02_2,108,59.000000,320.000000,0.000000,9,02,CC-BY-4.0,ctc_phc_c2dh_u373,PhC-C2DH-U373,,1,89,114
ctc_phc-c2dh-u373_v1,PhC-C2DH-U373_02_t108_track3,ctc_frame,108.000000,PhC-C2DH-U373_02,ctc_tracking_centroid,190.376471,177.623529,0.000000,cell_centroid_motion,85.000000,0.000000,02_3,108,190.376471,177.623529,0.000000,85,02,CC-BY-4.0,ctc_phc_c2dh_u373,PhC-C2DH-U373,,0,0,114
ctc_phc-c2dh-u373_v1,PhC-C2DH-U373_02_t108_track4,ctc_frame,108.000000,PhC-C2DH-U373_02,ctc_tracking_centroid,607.000000,174.000000,0.000000,cell_centroid_motion,69.000000,0.000000,02_4,108,607.000000,174.000000,0.000000,69,02,CC-BY-4.0,ctc_phc_c2dh_u373,PhC-C2DH-U373,,0,0,114
ctc_phc-c2dh-u373_v1,PhC-C2DH-U373_02_t108_track9,ctc_frame,108.000000,PhC-C2DH-U373_02,ctc_tracking_centroid,640.000000,321.000000,0.000000,cell_centroid_motion,9.000000,0.000000,02_9,108,640.000000,321.000000,0.000000,9,02,CC-BY-4.0,ctc_phc_c2dh_u373,PhC-C2DH-U373,,7,33,114
ctc_phc-c2dh-u373_v1,PhC-C2DH-U373_02_t108_track12,ctc_frame,108.000000,PhC-C2DH-U373_02,ctc_tracking_centroid,415.000000,428.000000,0.000000,cell_centroid_motion,9.000000,0.000000,02_12,108,415.000000,428.000000,0.000000,9,02,CC-BY-4.0,ctc_phc_c2dh_u373,PhC-C2DH-U373,,11,68,114
ctc_phc-c2dh-u373_v1,PhC-C2DH-U373_02_t109_track2,ctc_frame,109.000000,PhC-C2DH-U373_02,ctc_tracking_centroid,61.000000,319.000000,0.000000,cell_centroid_motion,9.000000,0.000000,02_2,109,61.000000,319.000000,0.000000,9,02,CC-BY-4.0,ctc_phc_c2dh_u373,PhC-C2DH-U373,,1,89,114
ctc_phc-c2dh-u373_v1,PhC-C2DH-U373_02_t109_track3,ctc_frame,109.000000,PhC-C2DH-U373_02,ctc_tracking_centroid,191.500000,178.000000,0.000000,cell_centroid_motion,78.000000,0.000000,02_3,109,191.500000,178.000000,0.000000,78,02,CC-BY-4.0,ctc_phc_c2dh_u373,PhC-C2DH-U373,,0,0,114
ctc_phc-c2dh-u373_v1,PhC-C2DH-U373_02_t109_track4,ctc_frame,109.000000,PhC-C2DH-U373_02,ctc_tracking_centroid,607.000000,174.000000,0.000000,cell_centroid_motion,69.000000,0.000000,02_4,109,607.000000,174.000000,0.000000,69,02,CC-BY-4.0,ctc_phc_c2dh_u373,PhC-C2DH-U373,,0,0,114
ctc_phc-c2dh-u373_v1,PhC-C2DH-U373_02_t109_track9,ctc_frame,109.000000,PhC-C2DH-U373_02,ctc_tracking_centroid,636.000000,323.000000,0.000000,cell_centroid_motion,9.000000,0.000000,02_9,109,636.000000,323.000000,0.000000,9,02,CC-BY-4.0,ctc_phc_c2dh_u373,PhC-C2DH-U373,,7,33,114
ctc_phc-c2dh-u373_v1,PhC-C2DH-U373_02_t109_track12,ctc_frame,109.000000,PhC-C2DH-U373_02,ctc_tracking_centroid,402.000000,427.000000,0.000000,cell_centroid_motion,9.000000,0.000000,02_12,109,402.000000,427.000000,0.000000,9,02,CC-BY-4.0,ctc_phc_c2dh_u373,PhC-C2DH-U373,,11,68,114
ctc_phc-c2dh-u373_v1,PhC-C2DH-U373_02_t110_track2,ctc_frame,110.000000,PhC-C2DH-U373_02,ctc_tracking_centroid,57.000000,321.000000,0.000000,cell_centroid_motion,9.000000,0.000000,02_2,110,57.000000,321.000000,0.000000,9,02,CC-BY-4.0,ctc_phc_c2dh_u373,PhC-C2DH-U373,,1,89,114
ctc_phc-c2dh-u373_v1,PhC-C2DH-U373_02_t110_track3,ctc_frame,110.000000,PhC-C2DH-U373_02,ctc_tracking_centroid,193.000000,181.000000,0.000000,cell_centroid_motion,69.000000,0.000000,02_3,110,193.000000,181.000000,0.000000,69,02,CC-BY-4.0,ctc_phc_c2dh_u373,PhC-C2DH-U373,,0,0,114
ctc_phc-c2dh-u373_v1,PhC-C2DH-U373_02_t110_track4,ctc_frame,110.000000,PhC-C2DH-U373_02,ctc_tracking_centroid,607.000000,174.000000,0.000000,cell_centroid_motion,69.000000,0.000000,02_4,110,607.000000,174.000000,0.000000,69,02,CC-BY-4.0,ctc_phc_c2dh_u373,PhC-C2DH-U373,,0,0,114
ctc_phc-c2dh-u373_v1,PhC-C2DH-U373_02_t110_track9,ctc_frame,110.000000,PhC-C2DH-U373_02,ctc_tracking_centroid,638.000000,321.000000,0.000000,cell_centroid_motion,9.000000,0.000000,02_9,110,638.000000,321.000000,0.000000,9,02,CC-BY-4.0,ctc_phc_c2dh_u373,PhC-C2DH-U373,,7,33,114
ctc_phc-c2dh-u373_v1,PhC-C2DH-U373_02_t110_track12,ctc_frame,110.000000,PhC-C2DH-U373_02,ctc_tracking_centroid,399.000000,427.000000,0.000000,cell_centroid_motion,9.000000,0.000000,02_12,110,399.000000,427.000000,0.000000,9,02,CC-BY-4.0,ctc_phc_c2dh_u373,PhC-C2DH-U373,,11,68,114
ctc_phc-c2dh-u373_v1,PhC-C2DH-U373_02_t111_track2,ctc_frame,111.000000,PhC-C2DH-U373_02,ctc_tracking_centroid,53.000000,339.000000,0.000000,cell_centroid_motion,9.000000,0.000000,02_2,111,53.000000,339.000000,0.000000,9,02,CC-BY-4.0,ctc_phc_c2dh_u373,PhC-C2DH-U373,,1,89,114
ctc_phc-c2dh-u373_v1,PhC-C2DH-U373_02_t111_track3,ctc_frame,111.000000,PhC-C2DH-U373_02,ctc_tracking_centroid,193.000000,183.000000,0.000000,cell_centroid_motion,87.000000,0.000000,02_3,111,193.000000,183.000000,0.000000,87,02,CC-BY-4.0,ctc_phc_c2dh_u373,PhC-C2DH-U373,,0,0,114
ctc_phc-c2dh-u373_v1,PhC-C2DH-U373_02_t111_track4,ctc_frame,111.000000,PhC-C2DH-U373_02,ctc_tracking_centroid,607.000000,181.000000,0.000000,cell_centroid_motion,69.000000,0.000000,02_4,111,607.000000,181.000000,0.000000,69,02,CC-BY-4.0,ctc_phc_c2dh_u373,PhC-C2DH-U373,,0,0,114
ctc_phc-c2dh-u373_v1,PhC-C2DH-U373_02_t111_track9,ctc_frame,111.000000,PhC-C2DH-U373_02,ctc_tracking_centroid,635.000000,325.000000,0.000000,cell_centroid_motion,9.000000,0.000000,02_9,111,635.000000,325.000000,0.000000,9,02,CC-BY-4.0,ctc_phc_c2dh_u373,PhC-C2DH-U373,,7,33,114
ctc_phc-c2dh-u373_v1,PhC-C2DH-U373_02_t111_track12,ctc_frame,111.000000,PhC-C2DH-U373_02,ctc_tracking_centroid,397.000000,426.000000,0.000000,cell_centroid_motion,15.000000,0.000000,02_12,111,397.000000,426.000000,0.000000,15,02,CC-BY-4.0,ctc_phc_c2dh_u373,PhC-C2DH-U373,,11,68,114
ctc_phc-c2dh-u373_v1,PhC-C2DH-U373_02_t112_track2,ctc_frame,112.000000,PhC-C2DH-U373_02,ctc_tracking_centroid,55.000000,340.000000,0.000000,cell_centroid_motion,9.000000,0.000000,02_2,112,55.000000,340.000000,0.000000,9,02,CC-BY-4.0,ctc_phc_c2dh_u373,PhC-C2DH-U373,,1,89,114
ctc_phc-c2dh-u373_v1,PhC-C2DH-U373_02_t112_track3,ctc_frame,112.000000,PhC-C2DH-U373_02,ctc_tracking_centroid,191.623529,184.623529,0.000000,cell_centroid_motion,85.000000,0.000000,02_3,112,191.623529,184.623529,0.000000,85,02,CC-BY-4.0,ctc_phc_c2dh_u373,PhC-C2DH-U373,,0,0,114
ctc_phc-c2dh-u373_v1,PhC-C2DH-U373_02_t112_track4,ctc_frame,112.000000,PhC-C2DH-U373_02,ctc_tracking_centroid,607.500000,183.000000,0.000000,cell_centroid_motion,78.000000,0.000000,02_4,112,607.500000,183.000000,0.000000,78,02,CC-BY-4.0,ctc_phc_c2dh_u373,PhC-C2DH-U373,,0,0,114
ctc_phc-c2dh-u373_v1,PhC-C2DH-U373_02_t112_track9,ctc_frame,112.000000,PhC-C2DH-U373_02,ctc_tracking_centroid,635.000000,327.000000,0.000000,cell_centroid_motion,9.000000,0.000000,02_9,112,635.000000,327.000000,0.000000,9,02,CC-BY-4.0,ctc_phc_c2dh_u373,PhC-C2DH-U373,,7,33,114
ctc_phc-c2dh-u373_v1,PhC-C2DH-U373_02_t112_track12,ctc_frame,112.000000,PhC-C2DH-U373_02,ctc_tracking_centroid,391.600000,423.400000,0.000000,cell_centroid_motion,15.000000,0.000000,02_12,112,391.600000,423.400000,0.000000,15,02,CC-BY-4.0,ctc_phc_c2dh_u373,PhC-C2DH-U373,,11,68,114
ctc_phc-c2dh-u373_v1,PhC-C2DH-U373_02_t113_track2,ctc_frame,113.000000,PhC-C2DH-U373_02,ctc_tracking_centroid,55.000000,343.000000,0.000000,cell_centroid_motion,9.000000,0.000000,02_2,113,55.000000,343.000000,0.000000,9,02,CC-BY-4.0,ctc_phc_c2dh_u373,PhC-C2DH-U373,,1,89,114
ctc_phc-c2dh-u373_v1,PhC-C2DH-U373_02_t113_track3,ctc_frame,113.000000,PhC-C2DH-U373_02,ctc_tracking_centroid,189.000000,188.000000,0.000000,cell_centroid_motion,69.000000,0.000000,02_3,113,189.000000,188.000000,0.000000,69,02,CC-BY-4.0,ctc_phc_c2dh_u373,PhC-C2DH-U373,,0,0,114
ctc_phc-c2dh-u373_v1,PhC-C2DH-U373_02_t113_track4,ctc_frame,113.000000,PhC-C2DH-U373_02,ctc_tracking_centroid,612.000000,186.500000,0.000000,cell_centroid_motion,78.000000,0.000000,02_4,113,612.000000,186.500000,0.000000,78,02,CC-BY-4.0,ctc_phc_c2dh_u373,PhC-C2DH-U373,,0,0,114
ctc_phc-c2dh-u373_v1,PhC-C2DH-U373_02_t113_track9,ctc_frame,113.000000,PhC-C2DH-U373_02,ctc_tracking_centroid,635.000000,327.000000,0.000000,cell_centroid_motion,9.000000,0.000000,02_9,113,635.000000,327.000000,0.000000,9,02,CC-BY-4.0,ctc_phc_c2dh_u373,PhC-C2DH-U373,,7,33,114
ctc_phc-c2dh-u373_v1,PhC-C2DH-U373_02_t113_track12,ctc_frame,113.000000,PhC-C2DH-U373_02,ctc_tracking_centroid,386.000000,421.000000,0.000000,cell_centroid_motion,9.000000,0.000000,02_12,113,386.000000,421.000000,0.000000,9,02,CC-BY-4.0,ctc_phc_c2dh_u373,PhC-C2DH-U373,,11,68,114
ctc_phc-c2dh-u373_v1,PhC-C2DH-U373_02_t114_track2,ctc_frame,114.000000,PhC-C2DH-U373_02,ctc_tracking_centroid,55.000000,343.000000,0.000000,cell_centroid_motion,9.000000,0.000000,02_2,114,55.000000,343.000000,0.000000,9,02,CC-BY-4.0,ctc_phc_c2dh_u373,PhC-C2DH-U373,,1,89,114
ctc_phc-c2dh-u373_v1,PhC-C2DH-U373_02_t114_track3,ctc_frame,114.000000,PhC-C2DH-U373_02,ctc_tracking_centroid,196.000000,186.000000,0.000000,cell_centroid_motion,69.000000,0.000000,02_3,114,196.000000,186.000000,0.000000,69,02,CC-BY-4.0,ctc_phc_c2dh_u373,PhC-C2DH-U373,,0,0,114
ctc_phc-c2dh-u373_v1,PhC-C2DH-U373_02_t114_track4,ctc_frame,114.000000,PhC-C2DH-U373_02,ctc_tracking_centroid,617.000000,196.000000,0.000000,cell_centroid_motion,69.000000,0.000000,02_4,114,617.000000,196.000000,0.000000,69,02,CC-BY-4.0,ctc_phc_c2dh_u373,PhC-C2DH-U373,,0,0,114
ctc_phc-c2dh-u373_v1,PhC-C2DH-U373_02_t114_track9,ctc_frame,114.000000,PhC-C2DH-U373_02,ctc_tracking_centroid,635.000000,325.000000,0.000000,cell_centroid_motion,9.000000,0.000000,02_9,114,635.000000,325.000000,0.000000,9,02,CC-BY-4.0,ctc_phc_c2dh_u373,PhC-C2DH-U373,,7,33,114
ctc_phc-c2dh-u373_v1,PhC-C2DH-U373_02_t114_track12,ctc_frame,114.000000,PhC-C2DH-U373_02,ctc_tracking_centroid,384.400000,418.600000,0.000000,cell_centroid_motion,15.000000,0.000000,02_12,114,384.400000,418.600000,0.000000,15,02,CC-BY-4.0,ctc_phc_c2dh_u373,PhC-C2DH-U373,,11,68,114
